%1$d already matched	%1$d ya coincidían
%1$d areas were checked and everything they need is here.	Se comprobaron %1$d áreas y está todo lo que necesitan.
%1$d fields overridden	%1$d campos sobrescritos
%1$d fields will be overridden when requested	%1$d campos se sobrescribirán cuando se soliciten
%1$d gates selected	%1$d interruptores seleccionados
%1$d minutes left	Quedan %1$d minutos
%1$d rejected	%1$d rechazados
%1$d results	%1$d resultados
%1$d results so far	%1$d resultados hasta ahora
%1$d results so far, and more not counted	%1$d resultados hasta ahora, y más sin contar
%1$d results, filtered to %2$s	%1$d resultados, filtrados por %2$s
%1$d setting was not in that file and was left as it is.	%1$d ajuste no estaba en ese archivo y se dejó como estaba.
%1$d settings were not in that file and were left as they are.	%1$d ajustes no estaban en ese archivo y se dejaron como estaban.
%1$d unavailable	%1$d no disponibles
%1$s (%2$s)	%1$s (%2$s)
%1$s (custom, unverified)	%1$s (personalizado, sin verificar)
%1$s (override returned)	%1$s (se devolvió la sobrescritura)
%1$s (TikTok value)	%1$s (valor de TikTok)
%1$s (will be returned when requested)	%1$s (se devolverá cuando se solicite)
%1$s / current cache only	%1$s / solo caché actual
%1$s / generated registry	%1$s / registro generado
%1$s / generated registry and current cache	%1$s / registro generado y caché actual
%1$s / local catalog	%1$s / catálogo local
%1$s and above	%1$s y superior
%1$s appears more than once in this file.	%1$s aparece más de una vez en este archivo.
%1$s changed	%1$s cambiados
%1$s destinations must start with %2$s	Los destinos de %1$s deben empezar por %2$s
%1$s has an invalid value. %2$s	%1$s tiene un valor no válido. %2$s
%1$s has no supported override boundary in this Lab build.	%1$s no tiene un límite de sobrescritura compatible en esta compilación del Lab.
%1$s has type %2$s, but the file says %3$s.	%1$s tiene el tipo %2$s, pero el archivo indica %3$s.
%1$s is not a country code, so no video would ever match it. Use two letters, like GB, IE or US.	%1$s no es un código de país, así que ningún vídeo coincidiría nunca. Usa dos letras, como GB, IE o US.
%1$s is not in this Lab catalog.	%1$s no está en este catálogo del Lab.
%1$s isn't installed or doesn't take links	%1$s no está instalado o no acepta enlaces
%1$s left	Queda %1$s
%1$s min left	Quedan %1$s min
%1$s to %2$s	De %1$s a %2$s
%1$s videos left	Quedan %1$s videos
%1$s was rejected. %2$s	%1$s fue rechazado. %2$s
%1$s, %2$s, %3$s, %4$s, %5$s	%1$s, %2$s, %3$s, %4$s, %5$s
%1$s, selected	%1$s, seleccionado
%1$s. %2$s	%1$s. %2$s
%1$s: %2$d found, %3$d missing	%1$s: %2$d encontrados, %3$d faltan
%1$s: %2$d found, %3$d missing, and more it stopped counting	%1$s: %2$d encontrados, %3$d faltan, y más que dejó de contar
%1$s: %2$d found, %3$d missing, and more it stopped counting. First missing: %4$s	%1$s: %2$d encontrados, %3$d faltan, y más que dejó de contar. El primero que faltó: %4$s
%1$s: %2$d found, %3$d missing. First missing: %4$s	%1$s: %2$d encontrados, %3$d faltan. El primero que faltó: %4$s
1 field overridden	1 campo sobrescrito
1 field will be overridden when requested	1 campo se sobrescribirá cuando se solicite
1 gate selected	1 interruptor seleccionado
1 min left	Queda 1 min
1 result	1 resultado
1 result so far	1 resultado hasta ahora
1 video left	Queda 1 video
A creator pattern is taking too long and was switched off: %1$s	Un patrón de creador tarda demasiado y se ha desactivado: %1$s
A diagnostic report is already being saved.	Ya se está guardando un informe de diagnóstico.
A field value could not be read. Check the values and try again.	No se pudo leer el valor de un campo. Revisa los valores e inténtalo de nuevo.
A good place to stop, if you want one.	Un buen momento para parar, si quieres uno.
A hidden puzzle may be the cause.	Puede que la causa sea un rompecabezas oculto.
A host to put in place of tiktok.com when you share or copy a link, like vxtiktok.com. Leave it empty to share TikTok's own links. Only TikTok links are changed, and only the host: nothing is sent anywhere new.	Un host que sustituya a tiktok.com al compartir o copiar un enlace, como vxtiktok.com. Déjalo vacío para compartir los enlaces de TikTok. Solo cambian los enlaces de TikTok, y solo el host: no se envía nada a ningún sitio nuevo.
A Lab change is already running	Ya se está ejecutando un cambio del Lab
A newer clear replaced that undo. Tap the row again to put it back.	Un borrado más reciente sustituyó ese deshacer. Toca la fila otra vez para recuperarlo.
A small label on the feed shows the minutes or videos left of today's budget, whichever is closer to running out.	Una pequeña etiqueta en el feed muestra los minutos o videos restantes del presupuesto de hoy.
A tap on a person in the Send to row only selects them. A second tap on the same person within four seconds sends the video.	Al tocar a una persona en la fila Enviar a solo se la selecciona. Un segundo toque sobre la misma persona antes de cuatro segundos envía el vídeo.
A web address someone left in a comment can be tapped instead of copied out by hand. Tapping anywhere else in the comment still does what it did.	Una dirección web escrita en un comentario se puede tocar en lugar de copiarla a mano. Tocar en cualquier otra parte del comentario sigue haciendo lo de siempre.
Account warning: forced client values apply to every account in this app data and cannot bypass server controls.	Aviso sobre la cuenta: los valores forzados en el dispositivo se aplican a todas las cuentas de estos datos de la app y no saltan los controles del servidor.
Account-sensitive name: forcing this key may affect security, login, compliance, region, payment, or account safety behavior.	Nombre sensible para la cuenta: forzar esta clave puede afectar a la seguridad, el inicio de sesión, el cumplimiento, la región, los pagos o la protección de la cuenta.
Activity	Actividad
Activity Center (PIA)	Centro de actividad (PIA)
Add	Añadir
Add a block button to the video player that blocks the creator of the current video in one tap. An undo action is shown after each block.	Agrega un botón de bloqueo al reproductor que bloquea al creador del video actual con un toque. Se muestra una acción de deshacer después de cada bloqueo.
Add a button beside the block control to send feedback about the current video.	Añade un botón junto al control de bloqueo para enviar comentarios sobre el vídeo actual.
Add a separate button that skips this account locally without blocking it.	Añade un botón separado que omite esta cuenta localmente sin bloquearla.
Add a separate button that skips videos using the current sound.	Añade un botón separado que omite los vídeos que usan el sonido actual.
Add hidden creator	Añadir creador oculto
Ads	Anuncios
Advance when a video ends	Avanzar cuando termina un vídeo
Advanced JSON value	Valor JSON avanzado
AI-generated posts	Publicaciones generadas por IA
All	Todos
All available languages	Todos los idiomas disponibles
All events	Todos los eventos
All loaded tabs	Todas las pestañas cargadas
Allow Duet and Stitch anyway	Permitir Dúo y Unir de todas formas
Allow screenshots and Circle to Search	Permitir capturas de pantalla y Círculo para buscar
Allowed bottom tabs	Pestañas inferiores permitidas
Already marked as not interested	Ya marcado como no me interesa
Also apply these filters to downloaded videos TikTok uses when the feed cannot load enough new items.	Aplicar también estos filtros a los vídeos descargados que TikTok usa cuando el feed no consigue cargar suficientes elementos nuevos.
Also change the region TikTok reports internally. Keeps your interface language. Your IP address and your account's own rules still apply.	Cambia también la región que TikTok informa internamente. Mantiene el idioma de la interfaz. Tu dirección IP y las reglas de tu cuenta siguen aplicándose.
Always show publish date	Mostrar siempre la fecha de publicación
Always show the publish date in video author information. Restart TikTok to apply this.	Mostrar siempre la fecha de publicación en la información del autor del vídeo. Reinicia TikTok para que se aplique.
An app's package name, like com.dv.adm. The save button sends the video's link there instead of saving it here. Leave it empty to save here.	El nombre de paquete de una app, como com.dv.adm. El botón de guardar envía allí el enlace del vídeo en vez de guardarlo aquí. Déjalo vacío para guardarlo aquí.
An interrupted settings change could not be recovered, so its record was set aside. Check your settings or restore a backup.	No se pudo recuperar un cambio de ajustes interrumpido, así que su registro se apartó. Revisa tus ajustes o restaura una copia de seguridad.
An operator code is five or six digits, like 310260	Un código de operador tiene cinco o seis dígitos, como 310260
An override changes the value returned by the getter. It does not rewrite TikTok's cached value or prove the named feature changed.	Una sustitución cambia el valor que devuelve el lector. No reescribe el valor que TikTok tiene en caché ni demuestra que la función nombrada haya cambiado.
Animated sticker format	Formato de los stickers animados
App AB	AB de la aplicación
App behavior	Comportamiento de la app
Applies to both video and photo downloads.	Se aplica tanto a las descargas de vídeo como a las de fotos.
Apply	Aplicar
Arrange your feed and bottom tabs	Organiza tu feed y las pestañas inferiores
Audio	Audio
Auto translate comments	Traducir comentarios automáticamente
Auto-advance session limit	Límite de avance automático por sesión
Automatic	Automático
Automatic advance	Avance automático
Automatic advance stopped after %1$d videos	El avance automático se detuvo tras %1$d vídeos
Automatic advance stopped after one video	El avance automático se detuvo tras un vídeo
Automatic clear display	Ocultar controles automáticamente
Back	Atrás
Back up settings	Copia de seguridad de los ajustes
Backups and troubleshooting	Copias de seguridad y resolución de problemas
Black	Negro
Block new bottom tabs	Bloquear pestañas inferiores nuevas
Block new TikTok tabs	Bloquear pestañas nuevas de TikTok
Block this commenter	Bloquear a quien comenta
Block this creator	Bloquear a este creador
Block this sound	Bloquear este sonido
Blocked	Bloqueado
Blocked %1$s	%1$s bloqueado
Blocked caption words	Palabras bloqueadas en las descripciones
Blocked comment words	Palabras bloqueadas en los comentarios
Blocked creators	Creadores bloqueados
Blocked sound ids	Ids de sonidos bloqueados
Blocked sound names	Nombres de sonidos bloqueados
Blocked sounds	Sonidos bloqueados
Boolean	Booleano
Browse	Explorar
Cancel	Cancelar
Caption background	Fondo de los subtítulos
Caption text size	Tamaño del texto de los subtítulos
Captions	Subtítulos
Captions, gestures and on-screen controls	Subtítulos, gestos y controles en pantalla
Capture crash reports locally	Guardar los informes de fallo en el dispositivo
Choose 1-1000 videos. Values outside this range use the nearest valid limit. Restart TikTok to apply this.	Elige entre 1 y 1000 vídeos. Los valores fuera de ese rango usan el límite válido más cercano. Reinicia TikTok para que se aplique.
Choose a backup file. Your current settings are kept for Undo.	Elige un archivo de copia de seguridad. Tus ajustes actuales se guardan para Deshacer.
Choose a preset to fill the SIM details.	Elige un ajuste preestablecido para rellenar los datos de la SIM.
Choose a subfolder under %1$s.	Elige una subcarpeta dentro de %1$s.
Choose observed share actions to hide. The stable identifier is shown below each label; unknown saved identifiers stay in the manual list.	Elige qué acciones de compartir observadas quieres ocultar. El identificador estable se muestra bajo cada etiqueta; los identificadores guardados desconocidos se quedan en la lista manual.
Choose what reaches your feed	Elige qué llega a tu feed
Choose which loaded TikTok bottom navigation tabs should stay visible.	Elige qué pestañas de navegación inferior cargadas por TikTok deben seguir visibles.
Choose which loaded TikTok feed tabs should stay visible.	Elige qué pestañas del feed cargadas por TikTok deben seguir visibles.
Choose which rows and controls appear	Elige qué filas y controles aparecen
Clear all	Borrar todo
Clear all Lab data (overrides, switch, recordings)	Borrar todos los datos del Lab (sustituciones, interruptor, grabaciones)
Clear all suggested accounts	Borrar todas las cuentas sugeridas
Clear buffered events, saved crash reports and the hook status above.	Borra los eventos en memoria, los informes de fallo guardados y el estado de los enganches de arriba.
Clear diagnostic data	Borrar los datos de diagnóstico
Clear display delay	Retardo para ocultar los controles
Clear preset	Quitar el preajuste
Clear search	Borrar la búsqueda
Clear the search	Borrar la búsqueda
Clear the seen video history	Borrar el historial de vídeos vistos
Cleared. Tap again to put the record back.	Borrado. Toca otra vez para recuperar el registro.
Clearing	Borrando
Clearing suggested accounts	Borrando las cuentas sugeridas
Clearing, %1$d so far	Borrando, %1$d hasta ahora
Close	Cerrar
code %1$s	código %1$s
Comma separated account handles or user ids. These accounts are always skipped. An entry between slashes, like /^news_/, is a pattern matched against the handle and the display name.	Nombres de usuario o ids separados por comas. Estas cuentas siempre se saltan. Una entrada entre barras, como /^news_/, es un patrón que se compara con el nombre de usuario y con el nombre visible.
Comma separated country codes, like GB, IE. Videos posted from anywhere else are hidden. Leave empty for all countries.	Códigos de país separados por comas, como GB, IE. Los vídeos publicados desde cualquier otro sitio se ocultan. Déjalo vacío para todos los países.
Comma separated country codes. Videos posted from these are hidden, whatever the list above says.	Códigos de país separados por comas. Los vídeos publicados desde ellos se ocultan, diga lo que diga la lista de arriba.
Comma separated list of any other Inbox row titles to hide, matched exactly. Use this for anything not listed above.	Lista separada por comas de cualquier otro título de fila de la bandeja que quieras ocultar, con coincidencia exacta. Úsalo para lo que no esté arriba.
Comma separated names exactly as the share sheet shows them: friends in the Send to row, share targets such as Facebook, and actions such as Create group or Repost. Stable keys such as copy, save and dislike also work before the sheet opens.	Nombres separados por comas, exactamente como los muestra el panel de compartir: amigos de la fila Enviar a, destinos como Facebook y acciones como Crear grupo o Repostear. Las claves estables como copy, save y dislike también funcionan antes de que se abra el panel.
Comma separated sound ids recorded by the player's sound button. Remove one to unblock it.	Ids de sonido separados por comas, registrados por el botón de sonido del reproductor. Quita uno para desbloquearlo.
Comma separated usernames or display names whose comments are hidden.	Nombres de usuario o nombres visibles separados por comas cuyos comentarios se ocultan.
Comma separated words or phrases. Matching captions are skipped. Case does not matter. Two phrases in quotes can be joined: "a" & "b" needs both, "a" !& "b" needs the first without the second.	Palabras o frases separadas por comas. Las descripciones que coincidan se saltan. Da igual mayúsculas y minúsculas. Dos frases entre comillas se pueden unir: "a" & "b" pide las dos, "a" !& "b" pide la primera sin la segunda.
Comma separated words to match against a sound's name, like saxophone. Case does not matter.	Palabras separadas por comas para comparar con el nombre de un sonido, como saxofón. Da igual mayúsculas y minúsculas.
Comma separated. A comment is hidden if its text contains any of them. Case does not matter. Two phrases in quotes can be joined: "a" & "b" needs both, "a" !& "b" needs the first without the second.	Separadas por comas. Un comentario se oculta si su texto contiene cualquiera de ellas. Da igual mayúsculas y minúsculas. Dos frases entre comillas se pueden unir: "a" & "b" pide las dos, "a" !& "b" pide la primera sin la segunda.
Comment media filename	Nombre de archivo del contenido de un comentario
Comments and translation	Comentarios y traducción
Comments aren't available for this video	Los comentarios no están disponibles para este vídeo
Comments beside the video	Comentarios junto al vídeo
Compare gate reads with their previous values. Last recording: %1$d gates.	Compara las lecturas de los interruptores con sus valores anteriores. Última grabación: %1$d interruptores.
Completed an interrupted settings change. Restart TikTok to apply this.	Se completó un cambio de ajustes interrumpido. Reinicia TikTok para que se aplique.
Config	Configuración
Config (Settings Manager)	Configuración (Settings Manager)
Confirm before following	Confirmar antes de seguir
Confirm before liking	Confirmar antes de dar me gusta
Confirm before sending to a friend	Confirmar antes de enviar a un amigo
Continue supported videos from where you stopped when you scroll back to them.	Continuar los vídeos compatibles desde donde los dejaste cuando vuelvas a ellos.
Controls	Controles
Copied feature gate report	Informe de interruptores copiado
Copy a quick report or save the full report as a file.	Copia un informe rápido o guarda el informe completo como archivo.
Copy comments without username	Copiar los comentarios sin el nombre de usuario
Copy only the comment text when using TikTok's copy comment action.	Copiar solo el texto del comentario al usar la acción de copiar comentario de TikTok.
Copy quick report	Copiar informe rápido
Copy report	Copiar el informe
Copy the sound link	Copiar el enlace del sonido
Copy the video link	Copiar el enlace del vídeo
Could not change Lab settings.	No se han podido cambiar los ajustes del Lab.
Could not clear suggested accounts	No se pudieron borrar las cuentas sugeridas
Could not confirm block for %1$s	No se pudo confirmar el bloqueo de %1$s
Could not confirm unblock for %1$s	No se pudo confirmar el desbloqueo de %1$s
Could not copy report. Use Save JSON.	No se pudo copiar el informe. Usa Guardar JSON.
Could not open settings search	No se pudo abrir la búsqueda de ajustes
Could not open settings section	No se pudo abrir la sección de ajustes
Could not open the export file picker	No se ha podido abrir el selector de archivos para exportar
Could not open the import file picker	No se ha podido abrir el selector de archivos para importar
Could not put back the diagnostic data. Try again.	No se pudieron restaurar los datos de diagnóstico. Inténtalo de nuevo.
Could not put back the seen video history. Try again.	No se pudo recuperar el historial de vídeos vistos. Inténtalo otra vez.
Could not read who posted this comment	No se pudo leer quién publicó este comentario
Could not reset this override.	No se ha podido restablecer esta sustitución.
Could not restore settings.	No se pudieron restaurar los ajustes.
Could not save settings backup.	No se pudo guardar la copia de seguridad de los ajustes.
Could not save this override.	No se ha podido guardar esta sustitución.
Could not send the feedback. Try again shortly.	No se pudo enviar la valoración. Inténtalo de nuevo en un momento.
Could not start the Lab change. Try again shortly.	No se pudo iniciar el cambio del Lab. Inténtalo de nuevo en breve.
Could not start the report export. Try again shortly.	No se pudo iniciar la exportación del informe. Inténtalo de nuevo en breve.
Could not start the settings operation. Try again shortly.	No se pudo iniciar la operación de ajustes. Inténtalo de nuevo en breve.
Could not tell which folder to update. Choose it again.	No se pudo saber qué carpeta actualizar. Vuelve a elegirla.
Country and network preferences	Preferencias de país y de red
Country ISO	ISO del país
Create	Crear
Creator handle or id	Nombre de usuario o id del creador
Creators hidden from later feed batches by the player action. Search the list and remove one entry at a time.	Creadores ocultados de los siguientes lotes del feed mediante la acción del reproductor. Busca en la lista y quita las entradas de una en una.
Current	Actual
Current %1$s	Actual: %1$s
Current cache unavailable: %1$s	La caché actual no está disponible: %1$s
Current state	Estado actual
Current: %1$s	Ahora: %1$s
Current: %1$s %2$s	Ahora: %1$s %2$s
Custom %1$s value (unverified)	Valor %1$s propio (sin verificar)
Custom SIM details	Datos de SIM personalizados
Custom value (unverified)	Valor propio (sin verificar)
Custom value...	Valor personalizado...
Daily budget	Presupuesto diario
Daily time budget	Presupuesto diario de tiempo
Daily video budget	Presupuesto diario de vídeos
Dark	Oscuro
day	día
days	días
Days to remember a video. Zero removes the age limit. History keeps at most 10,000 videos.	Días que se recuerda un vídeo. Cero quita el límite de antigüedad. El historial guarda como mucho 10.000 vídeos.
Days. Zero keeps every age. Posts without a usable timestamp, including future posts, stay visible.	Días. Cero acepta cualquier antigüedad. Las publicaciones sin una fecha utilizable, incluidas las futuras, siguen visibles.
Default	Predeterminado
Default playback speed	Velocidad de reproducción predeterminada
Delete the local record of the videos you have watched.	Borra el registro local de los vídeos que has visto.
Device language, then original	Idioma del dispositivo, después el original
Diagnostic data cleared. Tap again to put it back.	Se borraron los datos de diagnóstico. Toca de nuevo para restaurarlos.
Diagnostic data put back.	Se restauraron los datos de diagnóstico.
Diagnostic report copied to the clipboard.	Informe de diagnóstico copiado al portapapeles.
Diagnostics	Diagnóstico
Disable	Desactivar
Disable analytics and tracking	Desactivar la analítica y el seguimiento
Disable the long press quick share	Desactivar el compartir rápido con pulsación larga
Disable the long press repost	Desactivar el repost con pulsación larga
Disabled	Desactivados
Discard edits	Descartar los cambios
Dismissed %1$s suggested accounts	%1$s cuentas sugeridas descartadas
Dismissed one suggested account	Una cuenta sugerida descartada
Display	Pantalla
Do not start the feed on returning	No poner el feed en marcha al volver
Do nothing	No hacer nada
Done	Listo
Double tap	Doble toque
Download original photos	Descargar las fotos originales
Download path updated	Ruta de descarga actualizada
Downloads	Descargas
dp	dp
Drag to move, release to place	Arrastra para mover, suelta para colocar
Drama and Series	Drama y series
Drop the notification saying somebody new followed you before it reaches the drawer. Every other notification is left alone, and the follower still appears in the Inbox.	Descarta la notificación que dice que alguien nuevo te ha seguido antes de que llegue al panel. Las demás notificaciones se quedan como están, y quien te siguió sigue apareciendo en la bandeja.
Each area, how many of the things it looks for are in this build and how many are not.	Cada área, cuántas de las cosas que busca están en esta compilación y cuántas no.
Empty	Vacío
Empty the menu that opens when you press and hold TikTok's icon on the home screen. Turning this off asks TikTok to build them again. Tapping the icon still opens the app, and a shortcut you pinned yourself stays where you put it.	Vaciar el menú que se abre al mantener pulsado el icono de TikTok en la pantalla de inicio. Al desactivarlo se pide a TikTok que los vuelva a crear. Tocar el icono sigue abriendo la aplicación, y un acceso directo que hayas anclado permanece donde lo pusiste.
Enable	Activar
Enable diagnostic logging	Activar el registro de diagnóstico
Enable hold-and-slide 2x lock	Activar el bloqueo a 2x manteniendo y deslizando
Enable overrides	Activar las sustituciones
Enabled	Activados
Enter a creator handle or id	Escribe un nombre de usuario o un id de creador
Enter a finite number.	Introduce un número finito.
Enter a JSON object or array.	Introduce un objeto o una matriz JSON.
Enter a number	Escribe un número
Enter a number.	Escribe un número.
Enter a valid structured value.	Introduce un valor estructurado válido.
Enter a valid two-letter country code	Escribe un código de país válido de dos letras
Enter a valid value for %1$s.	Introduce un valor válido para %1$s.
Enter a whole number, or one like 20K, 1.5M or 2B	Escribe un número entero, o uno como 20K, 1.5M o 2B
Enter true or false.	Introduce true o false.
Enter up to 8 comma-separated speeds from 0.5 to 3	Escribe hasta 8 velocidades separadas por comas, de 0.5 a 3
Enter valid JSON.	Introduce JSON válido.
Entry %1$d has a field with the wrong data type.	La entrada %1$d tiene un campo con un tipo de datos incorrecto.
Entry %1$d is not an object.	La entrada %1$d no es un objeto.
Errors	Errores
Expand activity list	Ampliar la lista de actividad
Explore	Explorar
Export diagnostic report	Exportar el informe de diagnóstico
Export loaded values	Exportar los valores cargados
Exported %1$d loaded values	%1$d valores cargados exportados
Exported 1 loaded value	1 valor cargado exportado
Fade the feed out before the hold	Atenuar el feed antes de la pausa
Feature Gate Lab	Laboratorio de interruptores
Feature Gate Lab could not find the settings container	El Feature Gate Lab no ha encontrado el contenedor de los ajustes
Feature gate override reset	Sustitución del interruptor restablecida
Feature gate override saved	Sustitución del interruptor guardada
Feed and navigation	Feed y navegación
Feed controls	Controles del feed
Feed elements	Elementos del feed
Feed filter	Filtro del feed
Feed navigation	Navegación del feed
Field %1$s can't be changed on this build. Take it out of the override, or reset the override.	El campo %1$s no se puede cambiar en esta versión. Quítalo de la anulación o restablece la anulación.
Field edits were discarded.	Se descartaron los cambios de los campos.
Field edits were not saved.	Los cambios de los campos no se guardaron.
Filter bottom tabs	Filtrar las pestañas inferiores
Filter comments by keyword	Filtrar los comentarios por palabra
Filter feed tabs	Filtrar las pestañas del feed
Filter offline fallback videos	Filtrar los vídeos de reserva sin conexión
Filter settings	Ajustes de filtros
Filter the list	Filtrar la lista
Filter: %1$s	Filtro: %1$s
Filters, translation and copy options	Filtros, traducción y opciones de copia
Find a setting by title or description	Busca un ajuste por título o descripción
First caller	Primera llamada
First rejection:	Primer rechazo:
Fit the video to the screen	Ajustar el vídeo a la pantalla
Follow probe	Comprobación de seguir
Following	Siguiendo
For com.deniscerri.ytdl only. Ask YTDLnis for audio or video when the save button hands it a link.	Solo para com.deniscerri.ytdl. Pedir a YTDLnis audio o vídeo cuando el botón de guardar le pasa un enlace.
For com.deniscerri.ytdl only. Hide its download card and start the handoff in the background.	Solo para com.deniscerri.ytdl. Ocultar su tarjeta de descarga y empezar el traspaso en segundo plano.
For You	Para ti
Forced %1$d gates of %2$d; the rest do not take a true or false value. Restart TikTok to apply this.	%1$d interruptores de %2$d forzados; los demás no aceptan un valor true o false. Reinicia TikTok para aplicar esto.
Forced %1$d gates. Restart TikTok to apply this.	%1$d interruptores forzados. Reinicia TikTok para aplicar esto.
Forced 1 gate of %1$d; the rest do not take a true or false value. Restart TikTok to apply this.	1 interruptor de %1$d forzado; los demás no aceptan un valor true o false. Reinicia TikTok para aplicar esto.
Forced 1 gate. Restart TikTok to apply this.	1 interruptor forzado. Reinicia TikTok para aplicar esto.
Forced result	Resultado forzado
Forget seen videos after	Olvidar los vídeos vistos después de
Forget what has been counted today and end any hold. The budgets themselves are left alone.	Olvidar lo que se ha contado hoy y terminar cualquier pausa. Los presupuestos en sí se quedan como están.
Friends	Amigos
Full comment sort options	Opciones completas de orden de los comentarios
Full license	Licencia completa
Full report saved to %1$s	Informe completo guardado en %1$s
Gate data unavailable	Datos de los interruptores no disponibles
Gate details	Detalles del interruptor
Generated defaults	Valores predeterminados generados
Gestures	Gestos
Ghost mode	Modo fantasma
GIF	GIF
Hidden %1$s locally	%1$s ocultado en el dispositivo
Hidden commenters	Comentaristas ocultos
Hidden creators	Creadores ocultos
Hide	Ocultar
Hide activity	Ocultar la actividad
Hide activity status	Ocultar el estado de actividad
Hide AI generated videos	Ocultar los vídeos generados por IA
Hide archive	Ocultar el archivo
Hide bottom tabs TikTok adds later unless you allow them.	Ocultar las pestañas inferiores que TikTok añada más adelante salvo que las permitas.
Hide browsing and LIVE puzzle dialogs. Login, account verification and any puzzle raised over a follow, like, comment or repost stay visible.	Ocultar los rompecabezas de navegación y de LIVE. Los de inicio de sesión, los de verificación de cuenta y cualquiera que salga al seguir, dar me gusta, comentar o repostear siguen visibles.
Hide CAPTCHA popups	Ocultar las ventanas de CAPTCHA
Hide comment polls	Ocultar las encuestas en los comentarios
Hide comment popup ads	Ocultar los anuncios emergentes de los comentarios
Hide comments made of an image or a sticker instead of words.	Ocultar los comentarios hechos con una imagen o un sticker en vez de con palabras.
Hide comments that contain any of the words below, or that come from the accounts below.	Ocultar los comentarios que contengan cualquiera de las palabras de abajo, o que vengan de las cuentas de abajo.
Hide controls after each video starts. Tap to restore them.	Ocultar los controles después de que empiece cada vído. Toca para recuperarlos.
Hide conversations	Ocultar las conversaciones
Hide every direct message conversation. Leaves the Inbox empty apart from whatever else is still switched on.	Ocultar todas las conversaciones de mensajes directos. Deja la bandeja vacía salvo por lo que sigas teniendo activado.
Hide feed save button	Ocultar el botón de guardar del feed
Hide feed search button	Ocultar el botón de buscar del feed
Hide floating promotion badges, coins, and timer banners on the homepage.	Ocultar las insignias promocionales flotantes, las monedas y los banners con cuenta atrás de la página de inicio.
Hide floating promotions	Ocultar las promociones flotantes
Hide inserted cards	Ocultar las tarjetas insertadas
Hide LIVE replays	Ocultar las repeticiones de LIVE
Hide LIVE videos	Ocultar los vídeos LIVE
Hide message requests	Ocultar las solicitudes de mensaje
Hide message streaks	Ocultar las rachas de mensajes
Hide new follower notifications	Ocultar las notificaciones de nuevos seguidores
Hide new followers	Ocultar los nuevos seguidores
Hide paid partnerships	Ocultar las colaboraciones pagadas
Hide people and options by name	Ocultar personas y opciones por nombre
Hide photo posts	Ocultar las publicaciones de fotos
Hide picture comments	Ocultar los comentarios con imagen
Hide playlist videos	Ocultar los vídeos de listas de reproducción
Hide promotional music	Ocultar la música promocional
Hide quick comment reactions	Ocultar las reacciones rápidas a los comentarios
Hide rows by title	Ocultar filas por título
Hide search	Ocultar la búsqueda
Hide search suggestions	Ocultar las sugerencias de búsqueda
Hide Series	Ocultar Series
Hide sharing apps	Ocultar las apps para compartir
Hide stories tray	Ocultar la bandeja de historias
Hide story	Ocultar las historias
Hide suggested account rows.	Ocultar las filas de cuentas sugeridas.
Hide suggested accounts	Ocultar las cuentas sugeridas
Hide surveys	Ocultar las encuestas
Hide tabs TikTok adds later unless you allow them.	Ocultar las pestañas que TikTok añada más adelante salvo que las permitas.
Hide Tako AI	Ocultar Tako AI
Hide the "Search this image" prompt TikTok shows over videos when it spots something to shop for.	Ocultar el aviso "Buscar esta imagen" que TikTok pone sobre los vídeos cuando ve algo que vender.
Hide the Activity row of likes and comments on your posts.	Ocultar la fila de Actividad con los me gusta y los comentarios en tus publicaciones.
Hide the activity status control in the Inbox header.	Ocultar el control de estado de actividad en la cabecera de la bandeja.
Hide the add people icon	Ocultar el icono de añadir personas
Hide the add people icon in the Inbox header.	Ocultar el icono de añadir personas en la cabecera de la bandeja.
Hide the Archive row.	Ocultar la fila de Archivo.
Hide the arrow and its count in the right column.	Ocultar la flecha y su número en la columna derecha.
Hide the avatar and follow button	Ocultar la foto y el botón de seguir
Hide the caption	Ocultar la descripción
Hide the comments button	Ocultar el botón de comentarios
Hide the counts on the right column	Ocultar los números de la columna derecha
Hide the creator's picture and the plus button at the top of the right column. Hide the follow button on the feed hides the plus button on its own.	Ocultar la foto del creador y el botón más de la parte de arriba de la columna derecha. Ocultar el botón de seguir del feed oculta solo el botón más.
Hide the description under the creator's name on the feed.	Ocultar la descripción bajo el nombre del creador en el feed.
Hide the event badge	Ocultar la insignia de evento
Hide the floating promotional badge over the feed.	Ocultar la insignia promocional flotante sobre el feed.
Hide the follow button on the feed	Ocultar el botón de seguir del feed
Hide the friend recommendation card and the other cards TikTok slots between videos.	Ocultar la tarjeta de amigos recomendados y las demás tarjetas que TikTok mete entre vídeos.
Hide the heart and its count in the right column.	Ocultar el corazón y su número en la columna derecha.
Hide the launcher shortcuts	Ocultar los accesos directos del lanzador
Hide the like button	Ocultar el botón de me gusta
Hide the LIVE button	Ocultar el botón de LIVE
Hide the LIVE button in the top left corner of the feed.	Ocultar el botón de LIVE en la esquina superior izquierda del feed.
Hide the LIVE videos from the feed.	Ocultar del feed los vídeos LIVE.
Hide the Message requests row.	Ocultar la fila de Solicitudes de mensaje.
Hide the music disc	Ocultar el disco de música
Hide the music line	Ocultar la línea de música
Hide the New followers row.	Ocultar la fila de Nuevos seguidores.
Hide the numbers under the like, comment, favorite and share buttons. The buttons stay.	Ocultar los números bajo los botones de me gusta, comentar, favoritos y compartir. Los botones se quedan.
Hide the photo posts from the feed.	Ocultar del feed las publicaciones de fotos.
Hide the playlist bar	Ocultar la barra de la lista de reproducción
Hide the playlist bar along the bottom of videos that belong to a series.	Ocultar la barra de la lista de reproducción en la parte de abajo de los vídeos que pertenecen a una serie.
Hide the plus button under the creator's picture in the right column. Hide the avatar and follow button hides the picture with it.	Ocultar el botón más bajo la foto del creador en la columna derecha. Ocultar la foto y el botón de seguir se lleva también la foto.
Hide the question cards TikTok slides over a video near its end.	Ocultar las tarjetas con preguntas que TikTok desliza sobre un vídeo cerca del final.
Hide the right column	Ocultar la columna derecha
Hide the row of story avatars across the top of the Inbox.	Ocultar la fila de fotos de historias en la parte de arriba de la bandeja.
Hide the save button	Ocultar el botón de guardar
Hide the save button and its count in the right column.	Ocultar el botón de guardar y su número en la columna derecha.
Hide the save button in the right column.	Ocultar el botón de guardar en la columna derecha.
Hide the search button in the top right corner of the feed.	Ocultar el botón de buscar en la esquina superior derecha del feed.
Hide the search icon in the Inbox header.	Ocultar el icono de buscar en la cabecera de la bandeja.
Hide the searches TikTok offers before you type. Your own search history stays.	Ocultar las búsquedas que TikTok propone antes de que escribas. Tu propio historial de búsqueda se queda.
Hide the Send to row	Ocultar la fila Enviar a
Hide the share button	Ocultar el botón de compartir
Hide the share prompt after a like	Ocultar la sugerencia de compartir tras un me gusta
Hide the speech bubble and its count in the right column.	Ocultar el bocadillo y su número en la columna derecha.
Hide the spinning music cover and the track name beside the caption.	Ocultar la portada giratoria de la música y el nombre de la pista junto a la descripción.
Hide the spinning record at the bottom of the right column.	Ocultar el disco giratorio en la parte de abajo de la columna derecha.
Hide the status bar	Ocultar la barra de estado
Hide the stories from the feed.	Ocultar las historias del feed.
Hide the Tako AI feed bubble above the profile button.	Ocultar la burbuja de Tako AI del feed, encima del botón de perfil.
Hide the TikTok Tako assistant conversation.	Ocultar la conversación con el asistente TikTok Tako.
Hide the whole column on the right, from the avatar down to the music disc.	Ocultar toda la columna derecha, desde la foto hasta el disco de música.
Hide this creator locally	Ocultar a este creador en el dispositivo
Hide TikTok Shop	Ocultar TikTok Shop
Hide TikTok Shop posts from the feed.	Ocultar las publicaciones de TikTok Shop en el feed.
Hide TikTok Shop updates and coupon messages.	Ocultar las novedades de TikTok Shop y los mensajes de cupones.
Hide TikTok Tako	Ocultar TikTok Tako
Hide TikTok's exposed quick emoji row in supported comment inputs.	Ocultar la fila de emojis rápidos que TikTok deja a la vista en los campos de comentario compatibles.
Hide verified accounts	Ocultar las cuentas verificadas
Hide video actions	Ocultar las acciones del vídeo
Hide videos carrying TikTok's AI generated label.	Ocultar los vídeos con la etiqueta de generado por IA de TikTok.
Hide videos marked as paid partnership or branded content.	Ocultar los vídeos marcados como colaboración pagada o contenido de marca.
Hide videos posted as part of a playlist.	Ocultar los vídeos publicados dentro de una lista de reproducción.
Hide videos posted by verified accounts.	Ocultar los vídeos publicados por cuentas verificadas.
Hide videos that belong to a paid Series.	Ocultar los vídeos que pertenecen a una Serie de pago.
Hide videos with a lot of views and few likes. Lower numbers are stricter, zero turns the rule off, and one video is kept back if a whole batch would go.	Ocultar los vídeos con muchas visualizaciones y pocos me gusta. Los números más bajos son más estrictos, cero desactiva la regla, y se deja un vídeo si un lote entero se fuera a ir.
Hide videos you have already seen	Ocultar los vídeos que ya has visto
Hide visual search prompt	Ocultar el aviso de búsqueda visual
Highest	La más alta
Historical	Histórico
Historical values	Valores históricos
Hold the feed after the budget	Pausar el feed después del presupuesto
Home	Inicio
Hook status	Comprobación de funciones
How far each edge press moves the video.	Cuánto avanza el vídeo con cada toque en el borde.
Hushfeed cannot read the creator pattern %1$s	Hushfeed no puede leer el patrón de creador %1$s
Hushfeed hid a TikTok puzzle. Turn off Hide CAPTCHA popups if something stops working.	Hushfeed ocultó un rompecabezas de TikTok. Desactiva Ocultar las ventanas de CAPTCHA si algo deja de funcionar.
Ignore the creator's choice so the Duet and Stitch entries appear. Everything else the app checks still applies, and whether the upload is accepted is the server's decision.	Ignorar la decisión del creador para que aparezcan las entradas de Dúo y Unir. Todo lo demás que comprueba la app sigue aplicándose, y que se acepte la subida lo decide el servidor.
Import finished	Importación finalizada
Import loaded values	Importar los valores cargados
Imported %1$d values	%1$d valores importados
Imported %1$d values. Undo last Lab change is in the menu.	%1$d valores importados. Deshacer el último cambio del Lab está en el menú.
Inbox	Bandeja de entrada
Include diagnostic events	Incluir eventos de diagnóstico
Included diagnostics	Diagnóstico incluido
Includes all diagnostic events.	Incluye todos los eventos de diagnóstico.
Includes these events: %1$s	Incluye estos eventos: %1$s
Inserted cards	Tarjetas insertadas
Interface	Interfaz
Invalid SIM preset	Ajuste preestablecido de SIM no válido
Keep a local record of what you have watched and drop those videos from later feed pages.	Guardar en el dispositivo un registro de lo que has visto y quitar esos vídeos de las páginas siguientes del feed.
Keep automatic advance enabled, and show TikTok's own Auto scroll action in the video panel even if your account never had it. Pauses and open dialogs still stop scrolling. Restart TikTok to apply this. Then use this switch to turn it off.	Mantener el avance automático activado y mostrar la acción Desplazamiento automático de TikTok en el panel del vídeo aunque tu cuenta nunca la haya tenido. Las pausas y los diálogos abiertos siguen deteniendo el desplazamiento. Reinicia TikTok para que se aplique. Luego usa este interruptor para desactivarlo.
Keep captions in clear display	Mantener los subtítulos con los controles ocultos
Keep the clock and status icons off the screen while TikTok is open. Swipe down from the top to peek at them.	Mantener el reloj y los iconos de estado fuera de la pantalla mientras TikTok está abierto. Desliza desde arriba para verlos.
Keep the Favorites tab	Mantener la pestaña Favoritos
Keep the screen's refresh rate	Mantener la tasa de refresco de la pantalla
Keep the speed you chose for the next video. Off, each new video starts at 1x and a manual choice lasts for that video only.	Mantiene la velocidad elegida para el siguiente video. Desactivado, cada video nuevo empieza a 1x y una elección manual dura solo ese video.
Keep this string to 4,096 characters or fewer.	Limita esta cadena a 4096 caracteres o menos.
Keep this structured value to 64 KB or less.	Limita este valor estructurado a 64 KB o menos.
Kept to %1$s, the nearest value this row allows	Ajustado a %1$s, el valor más cercano que permite esta fila
Kinds of post	Tipos de publicación
Lab data reset. Undo last Lab change is in the menu. Restart TikTok to apply this.	Datos del Lab restablecidos. Deshacer el último cambio del Lab está en el menú. Reinicia TikTok para que se aplique.
Lab data was over its rule limit, so it was cleared without an undo copy. Restart TikTok to apply this.	Los datos del Lab superaban el límite de reglas, así que se borraron sin una copia para deshacer. Reinicia TikTok para que se aplique.
Lab overrides reset. Undo last Lab change is in the menu. Restart TikTok to apply this.	Sustituciones del Lab restablecidas. Deshacer el último cambio del Lab está en el menú. Reinicia TikTok para que se aplique.
Last original value	Último valor original
Layout	Diseño
Leave maximum empty to keep it unlimited.	Deja el máximo vacío para que no tenga límite.
Leave the sound out of the saved video. Save the sound as well still writes the .m4a beside it if you want both.	Dejar el sonido fuera del vídeo guardado. Guardar también el sonido sigue escribiendo el .m4a al lado si quieres los dos.
Length and views per like	Duración y visualizaciones por me gusta
Less than a minute left	Queda menos de un minuto
Let screenshots, screen recording and Circle to Search work on TikTok again. Restart TikTok to apply this.	Dejar que las capturas de pantalla, la grabación de pantalla y Círculo para buscar vuelvan a funcionar en TikTok. Reinicia TikTok para que se aplique.
Let the Offline videos menu use your own limit instead of TikTok's fixed one. Restart TikTok to apply this.	Dejar que el menú de Vídeos sin conexión use tu propio límite en vez del fijo de TikTok. Reinicia TikTok para que se aplique.
Licenses	Licencias
Limits	Límites
Link copied	Enlace copiado
Links	Enlaces
Links in comments open	Los enlaces de los comentarios se abren
Links, privacy and player tools	Enlaces, privacidad y herramientas del reproductor
Lists	Listas
Live	LIVE
LIVE	LIVE
LIVE replays	Repeticiones de LIVE
Live Settings	Ajustes de Live
LIVE videos	Vídeos LIVE
Loaded current values. Loading all known gates...	Valores actuales cargados. Cargando todos los interruptores conocidos...
Loaded values are still being read. Try again in a moment.	Los valores cargados aún se están leyendo. Inténtalo de nuevo en un momento.
Loaded-value file export failed	Ha fallado la exportación de los valores cargados
Loaded-value file export failed; cleanup also failed	Ha fallado la exportación de los valores cargados y la limpieza también
Loaded-value file is invalid or too large	El archivo de valores cargados no es válido o es demasiado grande
Loading gates...	Cargando los interruptores...
Loading local catalog and current TikTok cache...	Cargando el catálogo local y la caché actual de TikTok...
Locally hidden creators	Creadores ocultos en el dispositivo
Lock today's budget	Bloquear el presupuesto de hoy
Long press	Pulsación larga
Lowest	La más baja
Make TikTok yours.	Haz que TikTok sea tuyo.
Manager	Gestor
Marked as not interested	Marcado como no me interesa
Match locale and timezone to country	Ajustar el idioma y la zona horaria al país
Maximum	Máximo
Maximum post age	Antigüedad máxima de la publicación
Maximum video length	Duración máxima del vídeo
Maximum views per like	Visualizaciones máximas por me gusta
Media	Contenido
Media Config (VE)	Configuración de medios (VE)
Messages, profiles and search still work.	Los mensajes, los perfiles y la búsqueda siguen funcionando.
millisecond	milisegundo
milliseconds	milisegundos
Min/Max comments	Comentarios mín./máx.
Min/Max favorites	Favoritos mín./máx.
Min/Max likes	Me gusta mín./máx.
Min/Max shares	Veces compartido mín./máx.
Min/Max views	Visualizaciones mín./máx.
Minimum	Mínimo
minute	minuto
minutes	minutos
More options	Más opciones
Move down	Mover hacia abajo
Move left	Mover hacia la izquierda
Move right	Mover hacia la derecha
Move up	Mover hacia arriba
ms	ms
Mutes the video behind the comment sheet while you read. Sound comes back when the sheet closes.	Silencia el video detrás de los comentarios mientras lees. El sonido vuelve cuando se cierran.
Nearby	Cerca de ti
Never from these countries	Nunca desde estos países
No	No
No creator to block on this video	No hay creador para bloquear en este video
No creator to hide on this video	No hay creador para ocultar en este video
No creators are hidden yet. Hide one from a video, or add a handle above.	Todavia no hay creadores ocultos. Oculta uno desde un video o agrega un nombre arriba.
No current value	Sin valor actual
No current value and no active override	No hay ningún valor actual ni una sobrescritura activa
No gate data is available. Refresh values from the menu to try again.	No hay datos de los interruptores. Actualiza los valores desde el menú para intentarlo otra vez.
No gate reads were recorded. Use a TikTok feature while recording.	No se registró ninguna lectura de interruptores. Usa una función de TikTok mientras grabas.
No gates match this filter.	Ningún interruptor coincide con este filtro.
No gates match this search and filter.	Ningún interruptor coincide con esta búsqueda y este filtro.
No hidden creators match this search. Clear the search to see them all.	Ningun creador oculto coincide con esta busqueda. Borra la busqueda para verlos todos.
No limit	Sin límite
No matching comments. Try a different word, or clear the search with the X in the box.	No hay comentarios que coincidan. Prueba otra palabra o borra la búsqueda con la X del campo.
No matching countries. Try a country name or a two-letter code.	No hay paises coincidentes. Prueba un nombre de pais o un codigo de dos letras.
No matching diagnostics found.	No se encontraron diagnósticos que coincidan.
No matching settings	Ningún ajuste coincide
No preset selected. Choose a preset above.	No hay preset seleccionado. Elige un preset arriba.
No recording yet. Start one, use a feature, then return here.	Todavía no hay ninguna grabación. Inicia una, usa una función y vuelve aquí.
No share actions have been observed yet	Todavía no se ha visto ninguna acción de compartir
No share actions match this search	Ninguna acción de compartir coincide con esta búsqueda
No sound to block on this video	No hay ningún sonido que bloquear en este vídeo
No suggested accounts to clear	No hay cuentas sugeridas que borrar
No video selected. Open a video first.	No hay video seleccionado. Abre un video primero.
None of these gates had an override to reset.	Ninguno de estos interruptores tenía una sustitución que restablecer.
None of these gates takes a true or false value.	Ninguno de estos interruptores acepta un valor true o false.
None recorded	Nada registrado
Not blocked	Sin bloquear
Not interested in this video	No me interesa este vídeo
Not read yet	Aún sin leer
Not requested in this process yet	Aún no se ha pedido en este proceso
Not saved yet	Sin guardar todavía
Not seen	No vistos
Not seen yet	Aún no visto
Nothing has been checked yet, so there is nothing to report.	Todavía no se ha comprobado nada, así que no hay nada que contar.
Nothing has been looked up yet. Use the app for a moment, then come back.	Todavía no se ha buscado nada. Usa la app un momento y vuelve.
Nothing is playing to seek	No hay nada reproduciéndose que avanzar
Nothing new was imported. %1$d already matched, %2$d unavailable, %3$d rejected.	No se importó nada nuevo. %1$d ya coincidían, %2$d no están disponibles, %3$d se rechazaron.
Nothing new was imported. %1$d already matched, %2$d unavailable, %3$d rejected. First rejection: %4$s	No se importó nada nuevo. %1$d ya coincidían, %2$d no estaban disponibles y %3$d fueron rechazados. Primer rechazo: %4$s
Nothing on this page changes what TikTok does until they are on.	Nada de esta página cambia lo que hace TikTok mientras estén desactivadas.
Nothing to undo yet.	Todavía no hay nada que deshacer.
Notices from this project and the ones it is built on	Avisos de este proyecto y de aquellos en los que se basa
Off	Desactivado
Off forces false; on forces true. Reset returns control to TikTok	Apagado fuerza false y encendido fuerza true. Restablecer devuelve el control a TikTok
Offline videos limit	Límite de vídeos sin conexión
Older overrides were kept disabled. Review their values before enabling them on TikTok %1$s.	Las sustituciones anteriores se han dejado desactivadas. Revisa sus valores antes de activarlas en TikTok %1$s.
On mobile data	Con datos móviles
Once today's budget runs out, the hold stays and cannot be dismissed. The budget settings are locked until the day starts over. Turn this off any time before the budget runs out.	Una vez que se agote el presupuesto de hoy, la pausa se queda y no se puede cerrar. Los ajustes de presupuesto se bloquean hasta que comience el nuevo día. Desactiva esto en cualquier momento antes de que se agote.
One area was checked and everything it needs is here.	Se comprobó un área y está todo lo que necesita.
One minute left	Queda un minuto
One of the quote marks in that list has nothing to close it, so the rest of the line reads as one phrase. Add the missing quote or take the stray one out.	Una de las comillas de esa lista no tiene con qué cerrarse, así que el resto de la línea se lee como una sola frase. Añade la comilla que falta o quita la que sobra.
One value per line	Un valor por línea
Only bottom tabs TikTok has loaded on this device are shown here. This does not force unavailable tabs to appear.	Aquí solo están las pestañas inferiores que TikTok ha cargado en este dispositivo. Esto no hace aparecer las que no están disponibles.
Only enable when recording logs to report an issue. Leaving it on for too long can make TikTok feel laggy and may lead to crashes.	Actívalo solo cuando estés grabando registros para informar de un problema. Dejarlo activado mucho tiempo puede hacer que TikTok vaya lento y provocar fallos.
Only fields that can be type-checked and applied to a copied configuration object are shown.	Solo se muestran los campos cuyo tipo se puede comprobar y aplicar a una copia de la configuración.
Only from these countries	Solo desde estos países
Only internal storage folders are supported	Solo se admiten carpetas del almacenamiento interno
Only tabs TikTok has loaded on this device are shown here. This does not force unavailable tabs to appear.	Aquí solo están las pestañas que TikTok ha cargado en este dispositivo. Esto no hace aparecer las que no están disponibles.
Open a share sheet once, then return here to choose its actions.	Abre una vez el panel de compartir y vuelve aquí para elegir sus acciones.
Open comments	Abrir los comentarios
Open external links directly	Abrir los enlaces externos directamente
Open messages	Abrir los mensajes
Open profile and story website links in your system browser instead of TikTok's in-app browser.	Abrir los enlaces web de perfiles e historias en tu navegador del sistema en vez de en el navegador interno de TikTok.
Open the feed anyway	Abrir el feed de todas formas
Open the feed anyway, %1$d left today	Abrir el feed de todas formas, quedan %1$d hoy
Open the feed anyway, the last time today	Abrir el feed de todas formas, por última vez hoy
Open the profile again and try once more	Abre el perfil otra vez e inténtalo de nuevo
Open the story again and try once more	Abre la historia otra vez e inténtalo de nuevo
Open TikTok home feed to detect loaded tabs.	Abre el feed de inicio de TikTok para detectar las pestañas cargadas.
Open TikTok home to detect loaded bottom tabs.	Abre el inicio de TikTok para detectar las pestañas inferiores cargadas.
Operator MCC/MNC	MCC/MNC del operador
Operator name	Nombre del operador
or	o
Original language	Idioma original
Other	Otros
Other feed filters	Otros filtros del feed
Overridden	Sustituidos
Override	Sustitución
Override set, not read yet	Sustitución fijada, aún sin leer
Override SIM details	Sustituir los datos de la SIM
Override store region (experimental)	Sustituir la región de la tienda (experimental)
Override this configuration	Sustituir esta configuración
Override this gate	Sustituir este interruptor
Overrides are disabled in the Feature Gate Lab.	Las sustituciones están desactivadas en el Laboratorio de interruptores.
Overrides disabled. Restart TikTok to apply this.	Sustituciones desactivadas. Reinicia TikTok para que se aplique.
Overrides enabled. Restart TikTok to apply this.	Sustituciones activadas. Reinicia TikTok para que se aplique.
Paid partnerships	Colaboraciones pagadas
People, shortcuts and sending controls	Personas, atajos y controles de envío
Photo	Foto
Photo and image posts	Publicaciones de fotos e imágenes
Photo destination	Destino de las fotos
Photo filename	Nombre de archivo de la foto
Play videos TikTok has classified without the overlay asking to be tapped through first.	Reproducir los vídeos que TikTok ha clasificado sin la capa que pide tocar para pasar.
Playback	Reproducción
Player	Reproductor
Player Config	Configuración del reproductor
Playlist posts	Publicaciones de listas de reproducción
point	punto
points	puntos
Popular	Popular
Press and hold a profile picture to save the full size original to your photo destination.	Mantén pulsada una foto de perfil para guardar el original a tamaño completo en tu destino de fotos.
Press and hold a story to save it. Stories have no save button of their own, and holding one is how TikTok pauses it, so this takes that gesture over.	Mantén pulsada una historia para guardarla. Las historias no tienen botón de guardar propio, y mantenerlas pulsadas es como TikTok las pausa, así que esto se queda con ese gesto.
Press and hold the left or right third of the screen to jump back or forward. The middle third keeps the Long press action.	Mantén pulsado el tercio izquierdo o derecho de la pantalla para saltar atrás o adelante. El tercio central mantiene la acción de Pulsación larga.
Preview shortened. Save JSON includes the full report.	Vista previa recortada. Guardar JSON incluye el informe completo.
Privacy	Privacidad
Profile	Perfil
Profile picture saved to %1$s	Foto de perfil guardada en %1$s
Promotional music	Música promocional
Proof	Prueba
Publication age	Antigüedad de la publicación
Put a box above the comments that narrows them to the ones matching what you type, by what they say or who said it. Clearing the box brings the rest back.	Poner encima de los comentarios un campo que los reduce a los que coinciden con lo que escribes, por lo que dicen o por quién lo dijo. Al vaciar el campo vuelven los demás.
Putting the settings back to their defaults	Devolviendo los ajustes a sus valores de fábrica
Quality	Calidad
Quality, files, subtitles and hand-off	Calidad, archivos, subtítulos y traspaso
Quality, speed and automatic advance	Calidad, velocidad y avance automático
Quieten the feed while comments are open	Silenciar el feed mientras los comentarios están abiertos
Recorded gate reads (%1$d)	Lecturas de interruptores registradas (%1$d)
Recording gate reads. Use a feature, then return here to stop.	Registrando las lecturas de los interruptores. Usa una función y vuelve aquí para parar.
Recover the settings saved before the last restore or reset.	Recuperar los ajustes guardados antes de la última restauración o reinicio.
Recovered an interrupted settings change. Restart TikTok to apply this.	Se recuperó un cambio de ajustes interrumpido. Reinicia TikTok para que se aplique.
Refresh values	Actualizar los valores
Refreshing current TikTok cache...	Actualizando la caché actual de TikTok...
Region rules	Reglas de la región
Region settings	Ajustes de región
Remember the last speed	Recordar la última velocidad
Remind me every	Recordármelo cada
Remove	Quitar
Remove %1$s	Quitar %1$s
Remove all overrides	Quitar todas las sustituciones
Remove feed ads	Quitar los anuncios del feed
Remove feed ads, including videos with a creator commission disclosure.	Quita los anuncios del feed, incluidos los vídeos con un aviso de comisión para creadores.
Remove polls from the comments before TikTok shows them.	Elimina las encuestas de los comentarios antes de que TikTok las muestre.
Remove the actions row from the share sheet.	Quitar la fila de acciones del panel de compartir.
Remove the row of friends from the top of the share sheet.	Quitar la fila de amigos de la parte de arriba del panel de compartir.
Remove the Share via row.	Quitar la fila Compartir con.
Remove tracking parameters from shared links.	Quitar los parámetros de seguimiento de los enlaces compartidos.
Remove watermark	Quitar la marca de agua
Removed %1$s	Se quitó %1$s
Replace values when TikTok asks for them	Reemplazar valores cuando TikTok los pide
Report saved to %1$s	Informe guardado en %1$s
Required	Obligatorio
Researched	Investigado
Researched values	Valores investigados
Reset	Restablecer
Reset %1$d gates of %2$d. Restart TikTok to apply this.	%1$d interruptores de %2$d restablecidos. Reinicia TikTok para aplicar esto.
Reset %1$d gates. Restart TikTok to apply this.	%1$d interruptores restablecidos. Reinicia TikTok para aplicar esto.
Reset 1 gate of %1$d. Restart TikTok to apply this.	1 interruptor de %1$d restablecido. Reinicia TikTok para aplicar esto.
Reset 1 gate. Restart TikTok to apply this.	1 interruptor restablecido. Reinicia TikTok para aplicar esto.
Reset override	Restablecer la sustitución
Reset position	Restablecer la posición
Reset settings	Reiniciar los ajustes
Restart pending	Reinicio pendiente
Restart TikTok to apply %1$d changes	Reinicia TikTok para aplicar %1$d cambios
Restart TikTok to apply this change	Reinicia TikTok para aplicar este cambio
Restart TikTok to apply this.	Reinicia TikTok para que se aplique.
Restore defaults immediately. Your current settings are kept for Undo.	Restaurar los valores de fábrica ahora mismo. Tus ajustes actuales se guardan para Deshacer.
Restore failed. Some settings may still be changed.	La restauración falló. Puede que algunos ajustes hayan cambiado igualmente.
Restore failed. Some settings may still be changed. Use Undo to recover.	La restauración falló. Puede que algunos ajustes hayan cambiado igualmente. Usa Deshacer para recuperarlos.
Restore settings	Restaurar los ajustes
Restored the previous Lab settings. Restart TikTok to apply this.	Se restauraron los ajustes anteriores del Lab. Reinicia TikTok para que se aplique.
Restoring your settings	Restaurando tus ajustes
Resume videos after scrolling	Continuar los vídeos después de desplazarte
Retry	Reintentar
Return a copied object with the selected fields changed	Devolver un objeto copiado con los campos seleccionados cambiados
Return after using a TikTok feature to see every gate read during the recording.	Vuelve después de usar una función de TikTok para ver cada lectura de interruptor durante la grabación.
Returns %1$s	Devuelve %1$s
Rows	Filas
s	s
Sanitize sharing links	Limpiar los enlaces al compartir
Save	Guardar
Save a profile picture on a long press	Guardar una foto de perfil con una pulsación larga
Save a story on a long press	Guardar una historia con una pulsación larga
Save every photo in the post directly from its source URL, without rendering it again.	Guardar cada foto de la publicación directamente desde su URL de origen, sin volver a renderizarla.
Save field values	Guardar los valores de los campos
Save full report	Guardar informe completo
Save JSON	Guardar JSON
Save media	Guardar el contenido
Save patch settings and Feature Gate Lab rules to a JSON file.	Guardar los ajustes de los parches y las reglas del Laboratorio de interruptores en un archivo JSON.
Save SRT files with the video. Paired saves use Movies on Android 11+, Download on Android 10, and your video folder on older versions.	Guardar los archivos SRT junto al vídeo. Los guardados emparejados usan Movies en Android 11 y superior, Download en Android 10, y tu carpeta de vídeos en versiones anteriores.
Save subtitles beside videos	Guardar los subtítulos junto a los vídeos
Save the latest available TikTok crash report for diagnostic export.	Guardar el último informe de fallo de TikTok disponible para exportarlo con el diagnóstico.
Save the original sound	Guardar el sonido original
Save the sound as well	Guardar también el sonido
Save videos without sound	Guardar los vídeos sin sonido
Saved	Guardado
Saved %1$s	Guardado: %1$s
Saved %1$s of %2$s photos before the story failed	Se guardaron %1$s de %2$s fotos antes de que la historia fallara
Saved %1$s original photos	%1$s fotos originales guardadas
Saved %1$s photos. The rest failed, so try again.	%1$s fotos guardadas. Las demás fallaron, inténtalo otra vez.
Saved one original photo	Se guardó una foto original
Saved, override off	Guardado, sustitución desactivada
Saved. Restart TikTok to apply this.	Guardado. Reinicia TikTok para que se aplique.
Saving %1$s original photos	Guardando %1$s fotos originales
Saving settings backup	Guardando la copia de seguridad de los ajustes
Saving sticker	Guardando el sticker
Saving the selected video quality	Guardando la calidad de vídeo elegida
Saving the selected video quality without sound	Guardando la calidad de vídeo elegida sin sonido
Saving the story	Guardando la historia
Saving video and subtitles to %1$s	Guardando el vídeo y los subtítulos en %1$s
Search a title, description or category.	Busca un título, una descripción o una categoría.
Search and override gate flags	Buscar y sustituir marcas de interruptores
Search countries or operators	Buscar países u operadores
Search hidden creators	Buscar creadores ocultos
Search settings	Buscar en los ajustes
Search share actions	Buscar acciones de compartir
Search the comments	Buscar en los comentarios
Search these comments	Buscar en estos comentarios
Search translated titles and descriptions, then open the original setting.	Buscar entre los títulos y las descripciones traducidos, y abrir después el ajuste original.
Search without personalization, whatever your account is set to.	Buscar sin personalización, sea cual sea la configuración de tu cuenta.
Search words or key	Buscar palabras o clave
second	segundo
seconds	segundos
Seconds. Zero keeps every length. If a whole batch would be filtered out, the video closest to your limit is kept so the feed is not empty.	Segundos. Cero acepta cualquier duración. Si un lote entero se fuera a filtrar, se deja el vídeo más cercano a tu límite para que el feed no quede vacío.
Seek by	Avanzar
Seek from the edges	Avanzar desde los bordes
Seen	Vistos
Seen this session	Visto en esta sesión
Seen video history cleared. Tap again to put it back.	Historial de vídeos vistos borrado. Toca otra vez para recuperarlo.
Seen video history put back	Historial de vídeos vistos recuperado
Seen videos	Vídeos vistos
Select at least one field.	Selecciona al menos un campo.
Select every tab	Seleccionar todas las pestañas
Selected	Seleccionado
Send links to another app	Enviar los enlaces a otra app
Sending feedback	Enviando comentarios
Series posts	Publicaciones de Series
Settings	Ajustes
Settings are back to their defaults. Restart TikTok to apply all changes.	Los ajustes han vuelto a sus valores de fábrica. Reinicia TikTok para aplicar todos los cambios.
Settings backup saved	Copia de seguridad de los ajustes guardada
Settings couldn't open	No se pudo abrir Ajustes
Settings couldn't refresh completely. Reopen settings and try again.	No se pudo actualizar Ajustes por completo. Vuelve a abrir Ajustes e inténtalo de nuevo.
Settings restored. Restart TikTok to apply all changes.	Ajustes restaurados. Reinicia TikTok para aplicar todos los cambios.
Settings restored. The Feature Gate Lab rules were for another TikTok version and were left out. Restart TikTok to apply all changes.	Ajustes restaurados. Las reglas del Laboratorio de interruptores eran de otra versión de TikTok y se dejaron fuera. Reinicia TikTok para aplicar todos los cambios.
Share action checklist	Lista de acciones de compartir
Share links through another host	Compartir los enlaces con otro host
Share sheet	Panel de compartir
Shop	Tienda
Shop posts	Publicaciones de la tienda
Show	Mostrar
Show @username beside a video instead of the display name the creator chose.	Mostrar @usuario junto al vídeo en vez del nombre visible que eligió el creador.
Show a video preview thumbnail while dragging the progress bar.	Mostrar una miniatura del vídeo mientras arrastras la barra de progreso.
Show block button on videos	Mostrar el botón de bloquear en los vídeos
Show block sound button	Mostrar el botón de bloquear sonido
Show failures on screen	Mostrar fallos en pantalla
Show gates	Mostrar interruptores
Show last report	Ver el último informe
Show LIVE search	Mostrar la búsqueda de LIVE
Show local hide button	Mostrar el botón de ocultar localmente
Show the country a video was posted from next to the creator's name.	Mostrar el país desde el que se publicó un vídeo junto al nombre del creador.
Show the current spoken caption while the other controls are hidden.	Mostrar el subtítulo que se está diciendo mientras los demás controles están ocultos.
Show the handle instead of the name	Mostrar el nombre de usuario en vez del nombre
Show the Not interested button	Mostrar el botón de No me interesa
Show the progress bar	Mostrar la barra de progreso
Show the progress bar thumbnail	Mostrar la miniatura de la barra de progreso
Show the whole Activity and New followers lists instead of stopping at a View all button.	Mostrar las listas completas de Actividad y Nuevos seguidores en vez de pararse en un botón de Ver todo.
Show the whole video instead of cropping it to the window. Nothing changes on a tall phone, where it already fits. On a folding phone opened up, a squarer screen or a split view the sides or the ends stop being cut off.	Mostrar el vídeo entero en vez de recortarlo a la ventana. En un móvil alto no cambia nada, porque ya cabe. En un plegable abierto, en una pantalla más cuadrada o en vista dividida dejan de cortarse los lados o los extremos.
Show TikTok's own progress bar on videos where it is normally hidden.	Mostrar la barra de progreso de TikTok en los vídeos donde normalmente está oculta.
Show TikTok's own sort sheet on every post, with its hot, newest, media and creator options, instead of whichever cut-down row your account was given. Restart TikTok to apply this. It reads the style once per run and remembers it.	Mostrar el panel de orden de TikTok en todas las publicaciones, con sus opciones de populares, más recientes, contenido y creador, en vez de la fila recortada que le tocó a tu cuenta. Reinicia TikTok para que se aplique. Lee el estilo una vez por ejecución y lo recuerda.
Show TikTok's search entry in the LIVE drawer where supported.	Mostrar la entrada de búsqueda de TikTok en el panel de LIVE donde esté disponible.
Show what is left of the budget	Mostrar lo que queda del límite
Show where a video was posted	Mostrar desde dónde se publicó un vídeo
Showing %1$s again	Mostrando %1$s otra vez
SIM country preset	País preestablecido de la SIM
SIM preset saved	Ajuste preestablecido de SIM guardado
SIM preset saved. Restart TikTok to apply this.	Ajuste preestablecido de SIM guardado. Reinicia TikTok para que se aplique.
Skip blocked sounds	Saltar los sonidos bloqueados
Skip content warnings	Saltar los avisos de contenido
Skip recorded LIVE broadcasts in the feed.	Saltar en el feed las emisiones LIVE grabadas.
Skip videos marked as using promotional music.	Saltar los vídeos marcados como que usan música promocional.
Skip videos that use a sound blocked with the player's sound button, or named below.	Saltar los vídeos que usen un sonido bloqueado con el botón de sonido del reproductor, o nombrado abajo.
Skipping videos with %1$s	Saltando los vídeos con %1$s
Something is missing from %1$s. Tap for the whole report.	Falta algo en %1$s. Toca para ver el informe completo.
Sound link copied	Enlace del sonido copiado
Sound saved to %1$s	Sonido guardado en %1$s
Sounds	Sonidos
Source	Origen
Source code and releases	Código fuente y versiones
Speed	Velocidad
Speed menu choices	Opciones del menú de velocidad
Split comment minimum width	Anchura mínima para los comentarios al lado
Start each new video at your default. A manual choice lasts until the video changes.	Empezar cada vídeo nuevo con tu velocidad predeterminada. Una elección manual dura hasta que cambia el vídeo.
Start feature gate recording	Empezar a grabar los interruptores
Start recording	Iniciar grabación
Start the day at	Empezar el día a las
Start today over	Empezar hoy de nuevo
STEM	STEM
Sticker	Sticker
Sticker destination	Destino de los stickers
Sticker saved to %1$s	Sticker guardado en %1$s
Still here. Nothing is waiting.	Sigues aquí. No hay nada esperando.
Still reading the record. Tap again in a moment.	Todavía se está leyendo el registro. Toca otra vez dentro de un momento.
Still saving the last one	Todavía se está guardando el anterior
Stop a long press on Like from opening TikTok's repost action.	Impedir que mantener pulsado Me gusta abra la acción de republicar de TikTok.
Stop a long press on Share from opening TikTok's quick share action.	Impedir que mantener pulsado Compartir abra la acción de compartir rápido de TikTok.
Stop ByteDance AppLog events, AppsFlyer attribution, explicit Firebase screen reports and crash reporting from being sent. TikTok's own diagnostics go quiet with them.	Impedir que se envíen los eventos AppLog de ByteDance, la atribución de AppsFlyer, los informes explícitos de pantalla de Firebase y los informes de fallos. Los diagnósticos propios de TikTok se callan con ellos.
Stop feature gate recording	Parar de grabar los interruptores
Stop the brand animation that plays over the comments when what someone typed matches an advertiser's trigger.	Parar la animación de marca que sale sobre los comentarios cuando lo que alguien escribió coincide con el disparador de un anunciante.
Stop the bubble that asks you to share a video with friends after you like it.	Detiene la burbuja que pide compartir un video con amigos tras darle me gusta.
Stop TikTok asking the screen to run at the frame rate of the video it is playing. On a 90 or 120 Hz phone that ask slows the whole app down to the video's rate, scrolling included.	Impedir que TikTok pida que la pantalla funcione a la tasa de fotogramas del vídeo que está reproduciendo. En un móvil de 90 o 120 Hz esa petición ralentiza toda la app hasta la tasa del vídeo, el desplazamiento incluido.
Stop TikTok reporting that you viewed a story or a profile, or that you are typing. Online status is unchanged. It cannot undo what the server has already recorded.	Impide que TikTok informe de que has visto una historia o un perfil, o de que estás escribiendo. El estado en línea no cambia. No puede deshacer lo que el servidor ya haya registrado.
Stop video looping	Parar la repetición de los vídeos
Stop videos at the end instead of replaying them.	Parar los vídeos al final en vez de volver a reproducirlos.
Stopped after dismissing %1$s suggested accounts	Se detuvo tras descartar %1$s cuentas sugeridas
Stopped after dismissing one suggested account	Se detuvo tras descartar una cuenta sugerida
Storage permission is needed to save a profile picture	Hace falta permiso de almacenamiento para guardar una foto de perfil
Storage permission is needed to save a sound	Hace falta permiso de almacenamiento para guardar un sonido
Storage permission is needed to save a story	Hace falta permiso de almacenamiento para guardar una historia
Stories	Historias
Story saved to %1$s	Historia guardada en %1$s
Structured value observed	Valor estructurado observado
Subtitle language	Idioma de los subtítulos
Tabs TikTok has loaded	Pestañas que TikTok ha cargado
Take away the streak button in a chat and the reminder message that goes with it.	Quitar el botón de racha de un chat y el mensaje recordatorio que lo acompaña.
Tap %1$s again to send	Toca %1$s otra vez para enviar
Tap again to follow	Toca otra vez para seguir
Tap again to like	Toca otra vez para dar me gusta
Tap again to send	Toca otra vez para enviar
Tap the feed Follow button twice within four seconds.	Toca el botón Seguir del feed dos veces en menos de cuatro segundos.
Tap the like heart twice within four seconds. Removing a like stays immediate.	Toca el corazón de me gusta dos veces en menos de cuatro segundos. Quitar un me gusta sigue siendo inmediato.
Tap to start the feed	Toca para poner el feed en marcha
Technical details	Detalles técnicos
That backup was written by a newer Hushfeed than this one. Nothing was altered.	Esa copia de seguridad la escribió un Hushfeed más nuevo que este. No se ha cambiado nada.
That creator is already in the list	Ese creador ya está en la lista
That creator pattern is too long to use, so it was skipped: %1$s	Ese patrón de creador es demasiado largo, así que se omitió: %1$s
That creator pattern is too long, so it was not added: %1$s	Ese patrón de creador es demasiado largo, así que no se añadió: %1$s
That file is not readable text, so it may have been damaged in transit. Nothing was altered.	Ese archivo no es texto legible, así que puede haberse dañado por el camino. No se ha cambiado nada.
That file is too large to be a settings backup. Nothing was altered.	Ese archivo es demasiado grande para ser una copia de seguridad de ajustes. No se ha cambiado nada.
That is %1$d minutes today	Eso son %1$d minutos hoy
That is %1$d videos today	Eso son %1$d vídeos hoy
That is not a Hushfeed settings backup. Nothing was altered.	Eso no es una copia de seguridad de ajustes de Hushfeed. No se ha cambiado nada.
That is not an app name. Try something like com.example.downloader, or leave the box empty to keep saving in TikTok.	Eso no es un nombre de app. Prueba con algo como com.example.downloader, o deja el campo vacío para seguir guardando en TikTok.
That is one minute today	Eso es un minuto hoy
That is one video today	Eso es un vídeo hoy
That list has too many entries. Keep it to 10,000 or fewer.	Esa lista tiene demasiadas entradas. Limítala a 10.000 o menos.
That list is too large. Keep it to 256 KB or less.	Esa lista es demasiado grande. Limítala a 256 KB o menos.
That settings backup contains a feed rule list larger than Hushfeed accepts. Nothing was altered.	Esa copia de seguridad contiene una lista de reglas del feed mayor de lo que Hushfeed admite. No se ha cambiado nada.
That settings backup holds a value Hushfeed cannot read. Nothing was altered.	Esa copia de seguridad contiene un valor que Hushfeed no puede leer. No se ha cambiado nada.
That settings backup holds more Feature Gate Lab rules than the Lab takes. Nothing was altered.	Esa copia de seguridad de ajustes tiene más reglas del Feature Gate Lab de las que el Lab acepta. No se ha cambiado nada.
That settings backup is damaged or only partly downloaded. Nothing was altered.	Esa copia de seguridad está dañada o solo se descargó en parte. No se ha cambiado nada.
That settings backup is incomplete, so it may have been cut short. Nothing was altered.	Esa copia de seguridad está incompleta, así que puede haberse cortado. No se ha cambiado nada.
That settings change did not go through. Nothing was altered.	Ese cambio de ajustes no llegó a aplicarse. No se ha cambiado nada.
That sticker is in a format Hushfeed cannot read	Ese sticker está en un formato que Hushfeed no puede leer
The catalog says this key is %1$s and this override is %2$s. Reset the override and make a new one.	El catálogo dice que esta clave es %1$s y esta anulación es %2$s. Restablece la anulación y crea una nueva.
The destination contains an invalid folder name	El destino contiene un nombre de carpeta no válido
The diagnostic report could not be exported.	No se pudo exportar el informe de diagnóstico.
The diagnostic report could not be saved yet. Try again in a moment.	Todavía no se pudo guardar el informe de diagnóstico. Inténtalo de nuevo en un momento.
The feed dims over the last three quarters of a minute before the hold, so you arrive at it rather than land on it. Needs a time budget and a hold to arrive at.	El feed se oscurece en los últimos tres cuartos de minuto antes de la pausa, para que llegues a ella en lugar de caer. Necesita un presupuesto de tiempo y una pausa.
The feed does not end. This is a fine time to leave it.	El feed no se acaba. Este es un buen momento para dejarlo.
The feed is open again	El feed está abierto otra vez
The feed waits for one tap before it starts playing again when you come back to the app. Messages, profiles and search are still one tap away.	El feed espera un toque antes de reproducirse de nuevo cuando vuelves a la app. Mensajes, perfiles y búsqueda siguen a un toque.
The hour both budgets reset, on a 24 hour clock. Four in the morning by default, because someone still scrolling at one is having last night.	La hora a la que se reinician ambos límites, en formato de 24 horas. Las cuatro de la madrugada por defecto, porque quien sigue deslizando a la una todavía está en la noche anterior.
The Lab keeps at most %1$s rules. This change would make %2$s, so nothing was changed.	El Lab admite como máximo %1$s reglas. Este cambio daría un total de %2$s, así que no se cambió nada.
The last change is undone. Restart TikTok to apply all changes.	El último cambio está deshecho. Reinicia TikTok para aplicar todos los cambios.
The last change is undone. The Feature Gate Lab rules were for another TikTok version and were left out. Restart TikTok to apply all changes.	El último cambio está deshecho. Las reglas del Laboratorio de interruptores eran de otra versión de TikTok y se dejaron fuera. Reinicia TikTok para aplicar todos los cambios.
The minimum or maximum comments on a video to show.	El mínimo o el máximo de comentarios que ha de tener un vídeo para mostrarlo.
The minimum or maximum favorites of a video to show.	El mínimo o el máximo de favoritos que ha de tener un vídeo para mostrarlo.
The minimum or maximum likes of a video to show.	El mínimo o el máximo de me gusta que ha de tener un vídeo para mostrarlo.
The minimum or maximum shares of a video to show.	El mínimo o el máximo de veces compartido que ha de tener un vídeo para mostrarlo.
The minimum or maximum views of a video to show.	El mínimo o el máximo de visualizaciones que ha de tener un vídeo para mostrarlo.
The original photos aren't available, so TikTok's own save runs instead	Las fotos originales no están disponibles, así que se usa el guardado propio de TikTok
The override changes no fields. Edit the field values, or reset the override.	La anulación no cambia ningún campo. Edita los valores de los campos o restablece la anulación.
The override couldn't be applied: %1$s. Edit the field values, or reset the override.	No se pudo aplicar la anulación: %1$s. Edita los valores de los campos o restablece la anulación.
The override doesn't say what list to return. Edit the field values, or reset the override.	La anulación no dice qué lista devolver. Edita los valores de los campos o restablece la anulación.
The profile picture couldn't be saved.	No se pudo guardar la foto de perfil.
The record of an interrupted settings change could not be read, so it was set aside. Check your settings.	No se pudo leer el registro de un cambio de ajustes interrumpido, así que se apartó. Revisa tus ajustes.
The report couldn't be saved. Try again.	No se pudo guardar el informe. Inténtalo otra vez.
The selected loaded-values file could not be read. Try again.	No se pudo leer el archivo de valores cargados seleccionado. Inténtalo de nuevo.
The setting couldn't finish updating. Its saved value is shown.	No se pudo terminar de actualizar el ajuste. Se muestra el valor guardado.
The settings backup was rejected. Nothing was altered.	Se rechazó la copia de seguridad de los ajustes. No se ha cambiado nada.
The smallest value is above the largest	El valor mínimo es mayor que el máximo
The sound couldn't be saved. Try again.	No se pudo guardar el sonido. Inténtalo otra vez.
The sticker couldn't be saved. Try again.	No se pudo guardar el sticker. Inténtalo otra vez.
The story couldn't be saved.	No se pudo guardar la historia.
The thumbs down on each comment blocks the commenter instead of disliking. The comment dims, an undo banner follows, and a second tap unblocks.	El pulgar hacia abajo en cada comentario bloquea al comentarista en vez de dar No me gusta. El comentario se atenúa, un banner de deshacer sigue, y un segundo toque desbloquea.
The video couldn't be saved. Try again, or choose Automatic.	No se pudo guardar el vídeo. Inténtalo otra vez, o elige Automático.
There is no diagnostic data to clear.	No hay datos de diagnóstico que borrar.
There is no diagnostic data to put back.	No hay datos de diagnóstico que restaurar.
There is no Lab change to undo.	No hay ningún cambio del Lab que deshacer.
There was nothing to put back	No había nada que recuperar
These loaded values are for a different TikTok version.	Estos valores cargados son de otra versión de TikTok.
This catalog entry is no longer available. Refresh the Lab and try again.	Esta entrada del catálogo ya no está disponible. Actualiza el Laboratorio e inténtalo otra vez.
This configuration has no fields that can be copied and changed safely on this build.	Esta configuración no tiene campos que se puedan copiar y cambiar con seguridad en esta compilación.
This file has more loaded values than the Lab takes at once.	Este archivo tiene más valores cargados de los que el Lab acepta de una vez.
This file has no loaded values in it.	Este archivo no contiene valores cargados.
This file isn't a loaded-values export from the Feature Gate Lab.	Este archivo no es una exportación de valores cargados del Feature Gate Lab.
This gate type is not supported.	Este tipo de gate no es compatible.
This key isn't in the local catalog, so its type can't be checked. Reset the override.	Esta clave no está en el catálogo local, así que no se puede comprobar su tipo. Restablece la anulación.
This line opens a rule and does not finish it: %1$s. Write two phrases as "a" & "b" for both, or "a" !& "b" for the first without the second.	Esta línea abre una regla y no la termina: %1$s. Escribe dos frases como "a" & "b" para pedir las dos, o "a" !& "b" para la primera sin la segunda.
This phone has no file picker, so there is no way to choose a file here.	Este teléfono no tiene selector de archivos, así que aquí no se puede elegir uno.
This phone has no folder picker. Type the folder into the row instead.	Este teléfono no tiene selector de carpetas. Escribe la carpeta en la fila.
This profile picture isn't available to save	Esta foto de perfil no está disponible para guardarla
This quality isn't available as a complete file, so TikTok's own save runs instead	Esta calidad no está disponible como archivo completo, así que se usa el guardado propio de TikTok
This setting's value can't be copied on this build, so it can't be overridden. Reset the override.	El valor de este ajuste no se puede copiar en esta versión, así que no se puede anular. Restablece la anulación.
This story isn't available to save	Esta historia no está disponible para guardarla
This value is required.	Este valor es obligatorio.
This video has no link to copy	Este vídeo no tiene ningún enlace que copiar
This video has no link to send, so TikTok's own save runs instead	Este vídeo no tiene ningún enlace que enviar, así que se usa el guardado propio de TikTok
This video has no original sound to save	Este vídeo no tiene sonido original que guardar
This video has no sound of its own	Este vídeo no tiene sonido propio
Thumbs down blocks the commenter	El pulgar hacia abajo bloquea a quien comenta
TikTok default	Predeterminado de TikTok
TikTok default (2x hold, quick share)	Predeterminado de TikTok (mantener para 2x, compartir rápido)
TikTok didn't accept the feedback. Try again later.	TikTok no aceptó el comentario. Inténtalo más tarde.
TikTok hasn't handed this setting an object to change yet. Open the part of the app that uses it, then come back.	TikTok todavía no le ha dado a este ajuste un objeto que cambiar. Abre la parte de la app que lo usa y vuelve aquí.
TikTok read it	TikTok lo leyó
TikTok read it, but the structured override could not be applied	TikTok lo leyó, pero la sustitución estructurada no se pudo aplicar
TikTok refused the follow: %1$s	TikTok rechazó el seguimiento: %1$s
TikTok rejected the request to block %1$s	TikTok rechazó la solicitud de bloquear a %1$s
TikTok rejected the request to unblock %1$s	TikTok rechazó la solicitud de desbloquear a %1$s
TikTok's own value	Valor propio de TikTok
TikTok's server can put an account into an experiment that empties the Favorites tab on your profile. Keep the tab and its saved videos.	El servidor de TikTok puede meter una cuenta en un experimento que vacía la pestaña Favoritos de tu perfil. Mantiene la pestaña y sus vídeos guardados.
time	vez
times	veces
Times you can open the feed anyway	Veces que puedes abrir el feed de todas formas
Today has moved on, so there is nothing to put back	El día ha avanzado, así que no hay nada que recuperar
Today is back where it was	Hoy está como estaba
Today started over. Tap again to put the counts back.	Hoy ha empezado de nuevo. Toca otra vez para recuperar las cuentas.
Today starts again	Hoy empieza otra vez
Today's budget is locked. The day starts over at %1$s.	El presupuesto de hoy está bloqueado. El día empieza de nuevo a las %1$s.
Today's budget is locked. The feed opens again at %1$s. Messages, profiles and search still work.	El presupuesto de hoy está bloqueado. El feed se abre otra vez a las %1$s. Los mensajes, los perfiles y la búsqueda siguen funcionando.
Today's budget is locked. This can be changed again at %1$s.	El presupuesto de hoy está bloqueado. Esto se podrá volver a cambiar a las %1$s.
Today: %1$d minute	Hoy: %1$d minuto
Today: %1$d minutes	Hoy: %1$d minutos
Today: %1$d video	Hoy: %1$d vídeo
Today: %1$d videos	Hoy: %1$d vídeos
Tokens: {creator}, {date}, {video_id}, {index}. {index} numbers the photos of a slideshow you save with Download original photos; anything saved through TikTok's own button is numbered by the folder instead. The file extension is kept automatically.	Comodines: {creator}, {date}, {video_id}, {index}. {index} numera las fotos de una presentación que guardes con Descargar las fotos originales; lo que se guarde con el botón propio de TikTok lo numera la carpeta. La extensión del archivo se mantiene automáticamente.
Tokens: {creator}, {date}, {video_id}. The file extension is kept automatically.	Comodines: {creator}, {date}, {video_id}. La extensión del archivo se mantiene automáticamente.
Tokens: {date}, {media_id}. Works for image and video stickers.	Comodines: {date}, {media_id}. Sirve para los stickers de imagen y de vídeo.
Too many media saves are already running. Try again shortly.	Ya se están guardando demasiados archivos. Inténtalo dentro de un momento.
Translate comments as they load, using TikTok's own translator.	Traducir los comentarios a medida que se cargan, con el traductor propio de TikTok.
Transparent	Transparente
Try a different word or clear the search.	Prueba con otra palabra o borra la búsqueda.
Try again, or go back to TikTok.	Inténtalo de nuevo o vuelve a TikTok.
Turn on %1$s first.	Activa antes %1$s.
Turn on overrides	Activar las sustituciones
Turned off %1$d gates of %2$d; the rest do not take a true or false value. Restart TikTok to apply this.	%1$d interruptores de %2$d apagados; los demás no aceptan un valor true o false. Reinicia TikTok para aplicar esto.
Turned off %1$d gates. Restart TikTok to apply this.	%1$d interruptores apagados. Reinicia TikTok para aplicar esto.
Turned off 1 gate of %1$d; the rest do not take a true or false value. Restart TikTok to apply this.	1 interruptor de %1$d apagado; los demás no aceptan un valor true o false. Reinicia TikTok para aplicar esto.
Turned off 1 gate. Restart TikTok to apply this.	1 interruptor apagado. Reinicia TikTok para aplicar esto.
Two letters, like us, gb or jp.	Dos letras, como us, gb o jp.
Type	Tipo
Type to search settings	Escribe para buscar en los ajustes
Unavailable	No disponible
Unblock this commenter	Desbloquear a quien comenta
Unblocked %1$s	%1$s desbloqueado
Undo	Deshacer
Undo last Lab change	Deshacer el último cambio del Lab
Undo last restore or reset	Deshacer la última restauración o reinicio
Undoing the last change	Deshaciendo el último cambio
Up to 8 speeds from 0.5 to 3, separated by commas. Example: 0.5, 1, 1.5, 2, 2.5, 3. Leave empty for TikTok's list. Restart TikTok to apply this.	Hasta 8 velocidades de 0.5 a 3, separadas por comas. Por ejemplo: 0.5, 1, 1.5, 2, 2.5, 3. Déjalo vacío para la lista de TikTok. Reinicia TikTok para que se aplique.
Use 0 for TikTok's size, or 12 to 48. Applies to the next caption.	Usa 0 para el tamaño de TikTok, o de 12 a 48. Se aplica al siguiente subtítulo.
Use a default playback speed	Usar una velocidad de reproducción predeterminada
Use non-personalized search	Usar la búsqueda sin personalizar
Use Save JSON for this large report	Usa Guardar JSON para este informe tan grande
Use the preset for the region TikTok reports for your account and its shop too. May affect search.	Usar el preajuste también para la región que TikTok informa de tu cuenta y su tienda. Puede afectar a la búsqueda.
Use the selected country and operator values. This changes what the SIM says and nothing else: your IP address, your account's history and the language you read in are all unchanged, and any one of them is enough for TikTok to keep the region it already chose. Restart TikTok to apply this.	Usar el país y los valores de operador seleccionados. Esto solo cambia lo que dice la SIM: tu dirección IP, el historial de tu cuenta y el idioma en el que lees siguen igual, y con cualquiera de ellos le basta a TikTok para mantener la región que ya eligió. Reinicia TikTok para que se aplique.
Use the selected country. This changes what the SIM says and nothing else: your IP address, your account's history and the language you read in are all unchanged, and any one of them is enough for TikTok to keep the region it already chose. Restart TikTok to apply this.	Usar el país seleccionado. Esto solo cambia lo que dice la SIM: tu dirección IP, el historial de tu cuenta y el idioma en el que lees siguen igual, y con cualquiera de ellos le basta a TikTok para mantener la región que ya eligió. Reinicia TikTok para que se aplique.
Use the split layout on wider screens. Restart TikTok to apply this. If the old layout is still there, unfold again.	Usar el diseño dividido en pantallas más anchas. Reinicia TikTok para que se aplique. Si sigue el diseño antiguo, vuelve a desplegar.
Use TikTok's native hold, slide down, and release gesture to lock 2x speed.	Usar el gesto nativo de TikTok de mantener, deslizar hacia abajo y soltar para bloquear la velocidad 2x.
Use value	Usar el valor
Use your own offline videos limit	Usar tu propio límite de vídeos sin conexión
Using TikTok's value	Se usa el valor de TikTok
Value	Valor
Value to return	Valor que se devuelve
Verified creators	Creadores verificados
Version %1$s	Versión %1$s
Version %1$s for TikTok %2$s	Versión %1$s para TikTok %2$s
Video	Vídeo
video	vídeo
Video (MP4)	Vídeo (MP4)
Video destination	Destino de los vídeos
Video download quality	Calidad de descarga del vídeo
Video filename	Nombre de archivo del vídeo
Video playback quality	Calidad de reproducción del vídeo
Video saved	Vídeo guardado
Video saved in %1$s, but only %2$s of %3$s subtitles came with it	Vídeo guardado en %1$s, pero solo llegaron %2$s de %3$s subtítulos
Video saved with %1$s subtitles in %2$s	Vídeo guardado con %1$s subtítulos en %2$s
videos	vídeos
view per like	visualización por me gusta
views per like	visualizaciones por me gusta
Wait before hiding the controls.	Esperar antes de ocultar los controles.
WebP, exactly as TikTok sent it	WebP, exactamente como lo envió TikTok
What TikTok gets	Lo que TikTok recibe
When TikTok requests this key, return the selected value below	Cuando TikTok pida esta clave, devolver el valor elegido abajo
While diagnostic logging is on, a message names the part of Hushfeed that failed. Off keeps failures in the report only.	Mientras el registro de diagnóstico está activado, un mensaje indica la parte de Hushfeed que falló. Desactivado, los fallos solo quedan en el informe.
Window width needed to enable the layout. Restart TikTok to apply this.	Anchura de ventana necesaria para activar el diseño. Reinicia TikTok para que se aplique.
Write the video's sound beside it as an .m4a. Android 10 and later file audio separately, so it lands in Music under the same folder name as your videos.	Escribir el sonido del vídeo a su lado como un .m4a. Android 10 y posteriores archivan el audio por separado, así que acaba en Music, en una carpeta con el mismo nombre que la de tus vídeos.
Yes	Sí
YOUR EXPERIENCE	TU EXPERIENCIA
Your filters hid everything TikTok just sent. Most were %1$s.	Tus filtros ocultaron todo lo que TikTok acaba de enviar. La mayoría era %1$s.
Your filters hid everything TikTok sent, %1$d times in a row. Most were %2$s.	Tus filtros ocultaron todo lo que TikTok envió, %1$d veces seguidas. La mayoría era %2$s.
Your operator's name, like T-Mobile.	El nombre de tu operador, como T-Mobile.
Your operator's numeric code, like 310260.	El código numérico de tu operador, como 310260.
YTDLnis background mode	Modo en segundo plano de YTDLnis
YTDLnis download type	Tipo de descarga de YTDLnis
Zero leaves the way out of the hold there every time, which is what it has always done. Anything else is how many times a day it works, and once they are gone the hold stays up until the day starts over. Ignored while the budget is locked, which takes the way out away entirely.	Cero deja la salida de la pausa disponible siempre, que es lo de siempre. Cualquier otro valor son las veces al día que funciona, y cuando se agotan la pausa se mantiene hasta que empieza el día siguiente. Se ignora mientras el límite está bloqueado, porque eso quita la salida del todo.
Zero means no limit. Counts the videos Hushfeed advanced past for you, not the ones you swiped yourself, and starts again when the feed is rebuilt or you change this number.	Cero significa sin límite. Cuenta los vídeos que Hushfeed pasó por ti, no los que deslizaste tú, y empieza de nuevo cuando el feed se reconstruye o cambias este número.
Zero shows the notice and leaves the feed alone. Anything else covers the feed for that many minutes once a budget is reached. Messages, profiles and search keep working, and nothing in the feed is thrown away.	Cero muestra el aviso y deja el feed en paz. Cualquier otro valor cubre el feed durante esos minutos en cuanto se alcanza un límite. Los mensajes, los perfiles y la búsqueda siguen funcionando, y no se descarta nada del feed.
Zero switches this off. A short reminder after that many minutes of watching, and again after the same again. Time on messages, a profile or search does not count, and nothing is shown while the feed is on hold.	Cero lo desactiva. Un aviso breve tras esos minutos de visionado, y otra vez después de los mismos. El tiempo en mensajes, un perfil o la búsqueda no cuenta, y no se muestra nada mientras el feed está en pausa.
Zero switches this off. Count every video that comes up in the feed, however you got to it, and say so once the count is reached. This is separate from the auto-advance limit above, which only counts videos Hushfeed itself advanced past.	Cero lo desactiva. Cuenta cada vídeo que aparece en el feed, sin importar cómo llegaste a él, y avisa cuando se alcanza la cifra. Es independiente del límite de avance automático de arriba, que solo cuenta los vídeos que Hushfeed pasó por ti.
Zero switches this off. Count the minutes the player spends running in the feed. Time on messages, a profile or search does not count.	Cero lo desactiva. Cuenta los minutos que el reproductor pasa funcionando en el feed. El tiempo en mensajes, un perfil o la búsqueda no cuenta.
