# Indonesian for HushTelegram: the English key, a tab, the translation. One row per string.
# context: Chat-list-only story controls and immutable hook coverage.
Hide Stories	Sembunyikan Cerita
Removes the story bar above your chats, the rings around profile pictures and the Post Story button. Profile stories and archives stay.	Menghapus bilah cerita di atas obrolan Anda, lingkaran di sekitar foto profil, dan tombol untuk memposting cerita. Cerita di profil dan arsip tetap ada.
story list requests	permintaan daftar cerita
chat-list story bar	bilah cerita di daftar chat
Post Story button	tombol Kirim Cerita
avatar story rings	lingkaran cerita pada avatar
avatar story taps	ketukan cerita pada avatar
# After editing, run python scripts/gen-l10n.py from the repository root.
%1$d item in that file isn't a setting this version of HushTelegram knows, so it'll be left out.	%1$d item dalam file itu bukan pengaturan yang dikenali versi HushTelegram ini, jadi tidak akan disertakan.
%1$d items in that file aren't settings this version of HushTelegram knows, so they'll be left out.	%1$d item dalam file itu bukan pengaturan yang dikenali versi HushTelegram ini, jadi tidak akan disertakan.
%1$d switch will change.	%1$d sakelar akan berubah.
%1$d switches will change.	%1$d sakelar akan berubah.
%1$s. It was set when you patched, so Pause can't turn it off. To get rid of it, patch again without that patch.	%1$s. Ini diatur saat Anda menambal, jadi Jeda tidak bisa mematikannya. Untuk menghilangkannya, tambal ulang tanpa tambalan itu.
%1$s. They were set when you patched, so Pause can't turn them off. To get rid of one, patch again without the patch named in brackets after it.	%1$s. Ini diatur saat Anda menambal, jadi Jeda tidak bisa mematikannya. Untuk menghilangkan salah satunya, tambal ulang tanpa tambalan yang disebut dalam tanda kurung setelahnya.
A diagnostic report is already being saved.	Sudah ada laporan diagnostik yang sedang disimpan.
A file named %1$s in %2$s paused HushTelegram.	File bernama %1$s di %2$s menjeda HushTelegram.
About	Tentang
Android 11 and older don't say which links open here. Tap to open this app's settings, then Open by default.	Android 11 dan versi sebelumnya tidak memberi tahu tautan mana yang terbuka di sini. Ketuk untuk membuka pengaturan aplikasi ini, lalu Buka secara default.
Back	Kembali
Cancel	Batal
Loads switch choices from a saved file. You see how many switches it will change before anything is applied. It applies to all accounts.	Memuat pilihan sakelar dari berkas yang disimpan. Anda melihat berapa sakelar yang akan berubah sebelum apa pun diterapkan. Berlaku untuk semua akun.
Clear diagnostic data	Hapus data diagnostik
Copy a short report or save the full one to Download/Morphe. Links, IDs and sign-in details are left out. Look it over before sharing.	Salin laporan singkat atau simpan yang lengkap ke Download/Morphe. Tautan, ID, dan data masuk tidak disertakan. Periksa dulu sebelum membagikannya.
Copy quick report	Salin laporan singkat
Couldn't import the settings, and couldn't put back the ones you had. Check the switches on this screen.	Pengaturan tidak dapat diimpor, dan pengaturan sebelumnya tidak dapat dikembalikan. Periksa sakelar di layar ini.
Couldn't import the settings. Nothing was changed.	Pengaturan tidak dapat diimpor. Tidak ada yang diubah.
Couldn't open that file. Nothing was changed.	File itu tidak dapat dibuka. Tidak ada yang diubah.
Couldn't open the file picker. Try again.	Pemilih file tidak dapat dibuka. Coba lagi.
Couldn't put back the diagnostic data. Try again.	Data diagnostik tidak dapat dikembalikan. Coba lagi.
Couldn't save the settings file. Try again.	File pengaturan tidak dapat disimpan. Coba lagi.
Couldn't start that. Try again in a moment.	Tidak dapat dimulai. Coba lagi dalam beberapa saat.
Couldn't start the report export. Try again shortly.	Ekspor laporan tidak dapat dimulai. Coba lagi dalam beberapa saat.
Couldn't turn HushTelegram back on. Try again.	HushTelegram tidak dapat diaktifkan lagi. Coba lagi.
Debug logging	Pencatatan debug
Diagnostic data cleared. Tap again to put it back.	Data diagnostik dihapus. Ketuk lagi untuk mengembalikannya.
Diagnostic data put back.	Data diagnostik dikembalikan.
Diagnostic report copied to the clipboard.	Laporan diagnostik disalin ke papan klip.
Clears the activity log and patch checks that a report would include.	Menghapus catatan aktivitas dan hasil pemeriksaan tambalan yang akan disertakan dalam laporan.
Every switch except Debug logging acts as if it were off. Edits made when you patched stay in. Your choices stay saved.	Semua sakelar kecuali Pencatatan debug dianggap mati. Perubahan yang dibuat saat menambal tetap berlaku. Pilihan Anda tetap tersimpan.
Export diagnostic report	Ekspor laporan diagnostik
Export settings	Ekspor pengaturan
After Telegram restarts, every switch except Debug logging acts as if it were off. Your choices stay saved. Edits made when you patched stay in.	Setelah Telegram dimulai ulang, semua sakelar kecuali Pencatatan debug dianggap mati. Pilihan Anda tetap tersimpan. Perubahan yang dibuat saat menambal tetap berlaku.
Hide ads	Sembunyikan iklan
Links, updates, backup and more	Tautan, pembaruan, cadangan, dan lainnya
Privacy	Privasi
Saves your switch choices to a file, for all accounts in this Telegram app. Pause, Debug logging and the update check aren't included.	Menyimpan pilihan sakelar Anda ke berkas, untuk semua akun di aplikasi Telegram ini. Jeda, Pencatatan debug, dan pemeriksaan pembaruan tidak disertakan.
Settings exported. The app holding the file wouldn't let HushTelegram read it back, so it wasn't checked.	Pengaturan diekspor. Aplikasi yang menyimpan file itu tidak mengizinkan HushTelegram membacanya kembali, jadi file itu tidak diperiksa.
The app holding that file is taking too long, so HushTelegram stopped waiting. Nothing was changed.	Aplikasi yang menyimpan file itu terlalu lama, jadi HushTelegram berhenti menunggu. Tidak ada yang diubah.
The app holding the last settings file still hasn't answered. Try again later.	Aplikasi yang menyimpan file pengaturan terakhir masih belum merespons. Coba lagi nanti.
The app holding the settings file is taking too long, so HushTelegram stopped waiting. That app may still finish saving it, so check the file before you rely on it.	Aplikasi yang menyimpan file pengaturan terlalu lama, jadi HushTelegram berhenti menunggu. Aplikasi itu mungkin masih menyelesaikan penyimpanannya, jadi periksa file itu sebelum mengandalkannya.
The file %1$s couldn't be removed. Delete it from %2$s, then tap Resume again.	File %1$s tidak dapat dihapus. Hapus file itu dari %2$s, lalu ketuk Lanjutkan lagi.
The settings file was saved, but what's in it doesn't match what was written. Save it again as a new file.	Berkas pengaturan tersimpan, tetapi isinya tidak sama dengan yang ditulis. Simpan lagi sebagai berkas baru.
Until you resume, every switch except Debug logging acts as if it were off. Edits made when you patched stay in.	Sampai Anda melanjutkan, semua sakelar kecuali Pencatatan debug dianggap mati. Perubahan yang dibuat saat menambal tetap berlaku.
Full report saved to %1$s	Laporan lengkap disimpan ke %1$s
The GPL-3.0 license, and credits for the projects HushTelegram is built on	Lisensi GPL-3.0 dan kredit untuk proyek-proyek yang menjadi dasar HushTelegram
HushTelegram is on	HushTelegram aktif
HushTelegram is paused	HushTelegram dijeda
HushTelegram settings	Pengaturan HushTelegram
HushTelegram settings couldn't open	Pengaturan HushTelegram tidak dapat dibuka
Import	Impor
Import settings	Impor pengaturan
Importing settings	Mengimpor pengaturan
Licenses	Lisensi
Links	Tautan
OK	Oke
Pause HushTelegram	Jeda HushTelegram
Reading the settings file	Membaca file pengaturan
Retry	Coba lagi
Save full report	Simpan laporan lengkap
# The release check: its switch and Check now row under Updates, the status card's line about a newer release, and what a failed try says.
Check for new HushTelegram releases	Periksa rilis HushTelegram baru
Once a day, when Telegram starts, checks GitHub for a newer HushTelegram and shows it at the top of these settings. Nothing is downloaded.	Sekali sehari, saat Telegram dimulai, memeriksa GitHub untuk HushTelegram yang lebih baru dan menampilkannya di bagian atas pengaturan ini. Tidak ada yang diunduh.
Check now	Periksa sekarang
Checks GitHub for the newest release right now, even if the switch above is off.	Memeriksa GitHub sekarang untuk rilis terbaru, meski sakelar di atas mati.
Checking GitHub now.	Sedang memeriksa GitHub.
HushTelegram %1$s is out. Update it in Morphe Manager.	HushTelegram %1$s sudah dirilis. Perbarui di Morphe Manager.
You have the newest HushTelegram release.	Anda sudah memakai rilis HushTelegram terbaru.
The newest HushTelegram release is %1$s.	Rilis HushTelegram terbaru adalah %1$s.
Couldn't reach GitHub. Try again later.	GitHub tidak dapat dihubungi. Coba lagi nanti.
GitHub is blocking checks from this network for now. Try again later.	GitHub sedang memblokir pemeriksaan dari jaringan ini untuk sementara. Coba lagi nanti.
GitHub sent a reply HushTelegram couldn't read. Try again later.	GitHub mengirim balasan yang tidak bisa dibaca HushTelegram. Coba lagi nanti.
Saving the settings file	Menyimpan file pengaturan
Set when you patched	Diatur saat Anda menambal
Settings couldn't open	Pengaturan tidak dapat dibuka
Settings couldn't refresh completely. Reopen settings and try again.	Pengaturan tidak dapat dimuat ulang sepenuhnya. Buka kembali pengaturan lalu coba lagi.
Settings exported.	Pengaturan diekspor.
Settings imported. %1$d switch changed.	Pengaturan diimpor. %1$d sakelar berubah.
Settings imported. %1$d switches changed.	Pengaturan diimpor. %1$d sakelar berubah.
Source code and issues	Kode sumber dan laporan masalah
Stays in while paused	Tetap aktif saat dijeda
Tap to turn it back on.	Ketuk untuk mengaktifkan HushTelegram lagi.
That file is too large to be a settings file. Nothing was changed.	File itu terlalu besar untuk sebuah file pengaturan. Tidak ada yang diubah.
That file isn't readable text, so it may have been damaged on the way. Nothing was changed.	File itu bukan teks yang dapat dibaca, jadi mungkin rusak saat ditransfer. Tidak ada yang diubah.
That file lists a setting twice, so there's no telling which value to use. Nothing was changed.	File itu mencantumkan satu pengaturan dua kali, jadi tidak jelas nilai mana yang harus dipakai. Tidak ada yang diubah.
That isn't a HushTelegram settings file. Nothing was changed.	Itu bukan file pengaturan HushTelegram. Tidak ada yang diubah.
That settings file holds a value HushTelegram can't read. Nothing was changed.	File pengaturan itu memuat nilai yang tidak dapat dibaca HushTelegram. Tidak ada yang diubah.
That settings file is damaged or only partly downloaded. Nothing was changed.	File pengaturan itu rusak atau hanya terunduh sebagian. Tidak ada yang diubah.
That settings file was written by a newer HushTelegram than this one. Nothing was changed.	File pengaturan itu dibuat oleh versi HushTelegram yang lebih baru daripada versi ini. Tidak ada yang diubah.
The diagnostic report couldn't be saved yet. Try again in a moment.	Laporan diagnostik belum dapat disimpan. Coba lagi dalam beberapa saat.
The diagnostic report couldn't be saved. Try again.	Laporan diagnostik tidak dapat disimpan. Coba lagi.
The file %1$s couldn't be removed. Delete it from %2$s to turn HushTelegram back on.	File %1$s tidak dapat dihapus. Hapus file itu dari %2$s untuk mengaktifkan HushTelegram lagi.
That setting couldn't be updated. The switch shows the value that is saved.	Pengaturan itu tidak bisa diperbarui. Sakelar menampilkan nilai yang tersimpan.
There's no diagnostic data to clear.	Tidak ada data diagnostik yang dapat dihapus.
There's no diagnostic data to put back.	Tidak ada data diagnostik yang dapat dikembalikan.
This phone has no file picker, so there's no way to choose a file here.	Ponsel ini tidak memiliki pemilih file, jadi file tidak dapat dipilih di sini.
Version	Versi
Records what HushTelegram does and shows error messages, to help with a bug report. Leave it off for everyday use.	Mencatat apa yang dilakukan HushTelegram dan menampilkan pesan kesalahan, untuk membantu laporan bug. Biarkan mati untuk pemakaian sehari-hari.
You paused HushTelegram.	Anda menjeda HushTelegram.
Your switches already match that file, so nothing will change.	Sakelar Anda sudah sesuai dengan file itu, jadi tidak ada yang akan berubah.
Copy a short report to the clipboard.	Salin laporan singkat ke papan klip.
Save the full report in Download/Morphe.	Simpan laporan lengkap di Download/Morphe.
Settings imported.	Pengaturan diimpor.
No app on this phone can open the link. The address is %1$s.	Tidak ada aplikasi di ponsel ini yang dapat membuka tautan ini. Alamatnya %1$s.
# context: Separate pages under More settings. Settings backup contains export and import; Diagnostics contains logging and diagnostic data controls.
Settings backup	Cadangan setelan
Diagnostics	Diagnostik
Updates	Pembaruan
Jump to a section	Lompat ke bagian
Go straight to one group of settings. Back returns to where you were.	Langsung ke satu kelompok setelan. Kembali membawamu ke tempat semula.
Browse settings	Jelajahi pengaturan
More settings	Pengaturan lainnya
No matching settings	Tidak ada pengaturan yang cocok
%1$d setting found	%1$d pengaturan ditemukan
%1$d settings found	%1$d pengaturan ditemukan
Try a different word or clear the search.	Coba kata lain atau hapus pencarian.
Search settings	Cari pengaturan
Clear search	Hapus pencarian
Your switches are working.	Sakelar Anda aktif.
Pause	Jeda
Resume	Lanjutkan
Undo	Urungkan

# context: Links section, the Supported links row. It reads Android's own per-app selection of Telegram's web addresses (Android 12 and later) and opens Android's Open by default page for this app. Use the phone's own names for Open supported links, Open by default and App info.
Supported links	Tautan yang didukung
Opening supported links is off for this app in Android's settings. Tap to turn it on.	“Buka link yang didukung” nonaktif untuk aplikasi ini di pengaturan Android. Ketuk untuk mengaktifkannya.
Android didn't say which links open here. Tap to check in Android's settings.	Android tidak memberi tahu tautan mana yang terbuka di sini. Ketuk untuk memeriksanya di pengaturan Android.
Selecting links by hand	Memilih tautan secara manual

A change here applies after Telegram restarts.	Perubahan di sini berlaku setelah Telegram dimulai ulang.
Android opens t.me links in this app only if you select their addresses on its Open by default page. Other link settings don't change.	Android membuka tautan t.me di aplikasi ini hanya jika Anda memilih alamatnya di halaman Buka secara default milik aplikasi. Pengaturan tautan lain tidak berubah.
Android verified this app for Telegram's web addresses, so their links open here.	Android telah memverifikasi aplikasi ini untuk alamat web Telegram, jadi tautannya terbuka di sini.
Android's settings for this app didn't open. Open App info from Telegram's icon, then Open by default.	Pengaturan Android untuk aplikasi ini tidak terbuka. Buka Info aplikasi dari ikon Telegram, lalu Buka secara default.
Removes sponsored messages in channels, sponsored accounts in search and ads in videos. They're never loaded, so none count as seen.	Menghapus pesan bersponsor di kanal, akun bersponsor di pencarian, dan iklan di video. Semuanya tidak pernah dimuat, jadi tidak ada yang dihitung sebagai dilihat.
Chats	Chat
HushTelegram %1$s on Telegram %2$s	HushTelegram %1$s di Telegram %2$s
HushTelegram %1$s is made for Telegram %2$s.	HushTelegram %1$s dibuat untuk Telegram %2$s.
HushTelegram pauses when Telegram restarts.	HushTelegram dijeda saat Telegram dimulai ulang.
HushTelegram turns back on when Telegram restarts.	HushTelegram aktif lagi saat Telegram dimulai ulang.
It's made for Telegram %1$s.	Rilis ini dibuat untuk Telegram %1$s.
None of Telegram's web addresses are selected for this app, so their links open elsewhere. Tap to select them in Android's settings.	Tidak ada alamat web Telegram yang dipilih untuk aplikasi ini, jadi tautannya terbuka di tempat lain. Ketuk untuk memilihnya di pengaturan Android.
Only some of Telegram's web addresses are selected for this app, and links to the rest open elsewhere. Tap to select them in Android's settings.	Hanya sebagian alamat web Telegram yang dipilih untuk aplikasi ini, dan tautan ke alamat lainnya terbuka di tempat lain. Ketuk untuk memilihnya di pengaturan Android.
Saved. Restart Telegram to apply this change.	Tersimpan. Mulai ulang Telegram untuk menerapkan perubahan ini.
Ads in channels and search	Iklan di saluran dan pencarian
Ads in channels	Iklan di saluran
Ads in search	Iklan di pencarian
%1$s, and more	%1$s, dan lainnya
Stop usage reports	Hentikan laporan penggunaan
# context: Immutable hook coverage shown when a patch has missing targets.
channel ads	iklan saluran
video ads	iklan video
search ads	iklan pencarian
device statistics reports	laporan statistik perangkat
channel read metrics	metrik pembacaan saluran
This patched app doesn't change %1$s.	Aplikasi yang ditambal ini tidak mengubah %1$s.
This patched app changes %1$s but not %2$s.	Aplikasi yang ditambal ini mengubah %1$s, tetapi tidak %2$s.
Telegram crashed or froze within a minute of starting three times in a row, so HushTelegram paused itself.	Telegram berhenti mendadak atau macet dalam satu menit setelah dibuka, tiga kali berturut-turut, jadi HushTelegram menjeda dirinya sendiri.
Telegram's web addresses are selected for this app in Android's settings, so their links open here.	Alamat web Telegram dipilih untuk aplikasi ini di pengaturan Android, jadi tautannya terbuka di sini.
Usage reports and call diagnostics	Laporan penggunaan dan diagnostik panggilan
Usage reports	Laporan penggunaan
Call diagnostics	Diagnostik panggilan
Try again, or go back to Telegram.	Coba lagi, atau kembali ke Telegram.
Turn off Telegram's update checks	Matikan pemeriksaan pembaruan Telegram
Your choices are saved. Tap Resume, then restart Telegram.	Pilihan Anda tersimpan. Ketuk Lanjutkan, lalu mulai ulang Telegram.
Telegram stops offering updates from telegram.org. Those can't install over this patched build, so patch each new version in Morphe Manager instead.	Telegram berhenti menawarkan pembaruan dari telegram.org. Pembaruan itu tidak bisa dipasang di atas build yang sudah di-patch ini, jadi patch setiap versi baru di Morphe Manager.
No HushTelegram release is out yet.	Belum ada rilis HushTelegram.
Hide recommendations	Sembunyikan rekomendasi
Hides suggested similar channels and bots, including ones already saved, and stops asking Telegram for new ones.	Menyembunyikan saran kanal dan bot serupa, termasuk yang sudah tersimpan, dan berhenti meminta saran baru dari Telegram.
similar channels and bots	saluran dan bot serupa
cached recommendations	rekomendasi tersimpan
Stop call diagnostics	Hentikan diagnostik panggilan
Stops your phone from automatically sending call problem reports and log files when Telegram's server asks for them.	Mencegah ponsel Anda mengirim laporan masalah panggilan dan berkas log secara otomatis saat server Telegram memintanya.
call debug reports	laporan debug panggilan
call log file uploads	unggahan berkas log panggilan
call log reports	laporan log panggilan
Hide Premium, gifts and Stars	Sembunyikan Premium, hadiah dan Stars
Removes Premium, Stars, My Grams, Business and Send a Gift from Settings, Gifts tabs on profiles, and the Gift button in channels.	Menghapus Premium, Stars, My Grams, Business, dan Kirim Hadiah dari Pengaturan, tab Hadiah di profil, dan tombol Hadiah di kanal.
Settings sales rows	Penawaran di Pengaturan
profile Gifts tabs	tab Hadiah pada profil
channel Gift button	tombol Hadiah pada kanal
Hide promotional banners	Sembunyikan banner promosi
Hides the Premium, birthday and low Stars balance banners above your chat list. Account security notices and other suggestions still show.	Menyembunyikan banner Premium, ulang tahun, dan saldo Stars yang menipis di atas daftar obrolan Anda. Pemberitahuan keamanan akun dan saran lainnya tetap tampil.
promotional suggestions	saran promosi
birthday gift banner	banner hadiah ulang tahun
Hide sponsored proxy channel	Sembunyikan kanal bersponsor proxy
Hides the sponsored channel a proxy adds to your chat list and folders. Your proxy settings aren't touched.	Menyembunyikan kanal bersponsor yang ditambahkan proxy ke daftar obrolan dan folder Anda. Pengaturan proxy Anda tidak diubah.
cached proxy channel	kanal proxy tersimpan
cached proxy folder entries	entri proxy tersimpan di folder
Open links externally	Buka tautan di luar aplikasi
Opens normal web links in your browser. Telegram links, sign-in and payment pages keep working the way they did.	Membuka tautan web biasa di browser Anda. Tautan Telegram, halaman masuk, dan pembayaran tetap berfungsi seperti sebelumnya.
Remove link tracking tags	Hapus tag pelacakan tautan
Removes tracking tags like utm_source, gclid and fbclid from links you open or share. A link with any other tag is left unchanged.	Menghapus tag pelacakan seperti utm_source, gclid, dan fbclid dari tautan yang Anda buka atau bagikan. Tautan dengan tag lain tidak diubah.
external browser routing	pengarahan ke browser eksternal
opened link tracking	pelacakan tautan yang dibuka
shared link tracking	pelacakan tautan yang dibagikan
Stops usage reports to Telegram, like how long you read each channel post and what you tap on Premium screens. Messages and calls work as before.	Menghentikan laporan penggunaan ke Telegram, seperti berapa lama Anda membaca tiap kiriman kanal dan apa yang Anda ketuk di layar Premium. Pesan dan panggilan berfungsi seperti biasa.
Firebase crash and session reports stop too, from the next time Telegram starts.	Laporan crash dan sesi Firebase juga berhenti, mulai saat Telegram dibuka berikutnya.
Premium promo views	tampilan promosi Premium
Premium promo taps	ketukan promosi Premium
Premium promo accepts	persetujuan promosi Premium
Premium promo failures	kegagalan promosi Premium
Firebase crash reports	laporan crash Firebase
Firebase session reports	laporan sesi Firebase
Accounts	Akun
Every switch here applies to all the accounts in this Telegram app, not only the one you have open.	Setiap sakelar di sini berlaku untuk semua akun di aplikasi Telegram ini, bukan hanya akun yang sedang Anda buka.
No previews before sending	Tanpa pratinjau sebelum mengirim
Telegram doesn't look up link previews for messages you haven't sent yet, including shares, polls, story links and bots. Sent messages still get one.	Telegram tidak mencari pratinjau tautan untuk pesan yang belum Anda kirim, termasuk berbagi, polling, tautan cerita, dan bot. Pesan yang sudah terkirim tetap mendapat pratinjau.
Draft link previews	Pratinjau tautan di draf
chat drafts	draf chat
share sheet comments	komentar di lembar berbagi
poll links	tautan polling
story links	tautan cerita
bot shares	pesan yang dibagikan bot
Camera only on tap	Kamera hanya saat diketuk
Opening the attachment gallery doesn't start the camera or ask for camera access. Tap the camera tile to start it.	Membuka galeri lampiran tidak menyalakan kamera atau meminta akses kamera. Ketuk kotak kamera untuk menyalakannya.
Gallery camera	Kamera galeri
No swipe actions on chats	Tanpa aksi geser pada chat
Swiping a chat in your list no longer archives, mutes, pins, deletes or marks it read. Press and hold still offers every action.	Menggeser obrolan di daftar Anda tidak lagi mengarsipkan, membisukan, menyematkan, menghapus, atau menandainya sudah dibaca. Tekan lama tetap menyediakan semua aksi.
Hide popular apps	Sembunyikan aplikasi populer
Hides the Popular apps list on the Apps tab of search, and doesn't ask Telegram for it. Apps you've opened and other results stay.	Menyembunyikan daftar Aplikasi populer di tab Aplikasi pada pencarian, dan tidak memintanya dari Telegram. Aplikasi yang pernah Anda buka dan hasil lainnya tetap ada.
Hide contacts on Telegram	Sembunyikan kontak di Telegram
When your chat list is short, Telegram lists your contacts below it. This hides that list and its heading. Chats, folders and search stay.	Saat daftar obrolan Anda pendek, Telegram menampilkan kontak Anda di bawahnya. Ini menyembunyikan daftar itu beserta judulnya. Obrolan, folder, dan pencarian tetap ada.
Hide greeting stickers	Sembunyikan stiker sapaan
Empty private chats stop suggesting a sticker to say hello. Their other text and notices, and the sticker picker, stay.	Obrolan pribadi yang kosong tidak lagi menyarankan stiker untuk menyapa. Teks dan pemberitahuan lainnya, serta pemilih stiker, tetap ada.
Quiet contacts prompts	Senyapkan permintaan kontak
After you say no to contacts access, the Contacts tab stops asking again and its warning badge goes away.	Setelah Anda menolak akses ke kontak, tab Kontak tidak meminta lagi dan lencana peringatannya hilang.

New Year look all year	Tampilan Tahun Baru sepanjang tahun
Shows Telegram's Santa hat and New Year snow all year, not only around New Year. Snow also falls on chat backgrounds if animated backgrounds are on.	Menampilkan topi Santa Telegram dan salju Tahun Baru sepanjang tahun, bukan hanya saat Tahun Baru. Salju juga turun di latar obrolan jika latar animasi aktif.
Use system font	Gunakan font sistem
Bold, italic and code text use your phone's font instead of Telegram's built-in one. Restart Telegram to see the change.	Teks tebal, miring, dan kode memakai font ponsel Anda, bukan font bawaan Telegram. Mulai ulang Telegram untuk melihat perubahannya.
AMOLED black	Hitam AMOLED
Night and Dark themes use pure black screens. Message bubbles and menus keep their colors. Restart Telegram to see the change.	Tema Malam dan Gelap memakai layar hitam pekat. Gelembung pesan dan menu tetap berwarna. Mulai ulang Telegram untuk melihat perubahannya.
Hide translate bar	Sembunyikan bilah terjemahan
Chats in another language stop showing the translate bar at the top. Translate moves to the chat's menu, and a chat you're translating keeps its bar.	Obrolan dalam bahasa lain tidak lagi menampilkan bilah terjemahan di bagian atas. Terjemahkan pindah ke menu obrolan, dan obrolan yang sedang Anda terjemahkan tetap menampilkan bilahnya.
Exact numbers	Angka lengkap
Member, subscriber, view, reply and reaction counts show in full, like 12,345 instead of 12.3K.	Jumlah anggota, pelanggan, tayangan, balasan, dan reaksi ditampilkan lengkap, misalnya 12.345 dan bukan 12,3 rb.
Reveal spoilers	Tampilkan spoiler
Spoiler text, photos and videos show right away without a tap. View-once media, sensitive content and login codes stay covered.	Teks, foto, dan video spoiler langsung tampil tanpa perlu diketuk. Media sekali lihat, konten sensitif, dan kode masuk tetap tertutup.
Hide keyboard on scroll	Sembunyikan keyboard saat menggulir
The keyboard closes when you start scrolling a chat. The emoji and sticker panel stays open.	Keyboard menutup saat Anda mulai menggulir obrolan. Panel emoji dan stiker tetap terbuka.
Keep videos muted on volume keys	Biarkan video tanpa suara saat tombol volume ditekan
Volume keys only change the volume. They no longer start the video or round video on screen with sound. Tap a video to hear it.	Tombol volume hanya mengubah volume. Tombol ini tidak lagi memutar video atau video bulat di layar dengan suara. Ketuk video untuk mendengarnya.
Swipe back on profiles	Geser kembali di profil
Swiping right on a profile's photos or media tabs goes back, like the rest of the profile, instead of showing the previous photo or tab.	Menggeser ke kanan pada foto atau tab media profil akan kembali, seperti di bagian profil lainnya, bukan menampilkan foto atau tab sebelumnya.
Hide phone number	Sembunyikan nomor telepon
Your own phone number shows as dots in the side menu, Settings and your profile, which helps with screenshots. Others' numbers stay visible.	Nomor telepon Anda sendiri tampil sebagai titik-titik di menu samping, Pengaturan, dan profil Anda, yang berguna untuk tangkapan layar. Nomor orang lain tetap terlihat.
Message times with seconds	Waktu pesan dengan detik
Each message's time includes seconds, like 9:41:27 PM, so messages sent close together are easy to tell apart.	Waktu setiap pesan menyertakan detik, misalnya 21.41.27, sehingga pesan yang dikirim berdekatan mudah dibedakan.
Allow chat blur on slower phones	Izinkan blur obrolan di ponsel yang lebih lambat
Telegram only blurs chat headers and panels on fast phones. This lets any phone do it, once Blur in chat is on under Power saving.	Telegram hanya mengaburkan header dan panel obrolan di ponsel yang cepat. Ini memungkinkan ponsel apa pun melakukannya, setelah Blur di obrolan aktif di bawah Penghemat daya.
Play voice messages one at a time	Putar pesan suara satu per satu
When a voice or video message ends, the next one doesn't start by itself.	Saat pesan suara atau video selesai, pesan berikutnya tidak mulai sendiri.
Stop vibrations on taps	Hentikan getaran saat mengetuk
Taps, long presses, swipes and wrong entries no longer vibrate the phone. Incoming calls still vibrate, and notifications follow your own settings.	Ketukan, tekan lama, geseran, dan input yang salah tidak lagi membuat ponsel bergetar. Panggilan masuk tetap bergetar, dan notifikasi mengikuti pengaturan Anda sendiri.
Turn off reaction effects	Matikan efek reaksi
When someone reacts to a message, the emoji doesn't fly across the screen and burst. The reaction still shows on the message.	Saat seseorang bereaksi pada pesan, emoji tidak melayang melintasi layar dan meledak. Reaksinya tetap tampil di pesan.
Hide folder tab counters	Sembunyikan penghitung tab folder
Folder tabs above the chat list show just their names, without unread counts. Chats stay unread and the app icon badge doesn't change.	Tab folder di atas daftar obrolan hanya menampilkan namanya, tanpa jumlah belum dibaca. Obrolan tetap belum dibaca dan lencana ikon aplikasi tidak berubah.
Hide sender names when forwarding	Sembunyikan nama pengirim saat meneruskan
Each new forward starts with Hide sender's name turned on, so copies arrive without the original author. You can still turn it off before sending.	Setiap penerusan baru dimulai dengan Sembunyikan nama pengirim aktif, sehingga salinan tiba tanpa penulis aslinya. Anda tetap bisa mematikannya sebelum mengirim.
Voice messages in the music player	Pesan suara di pemutar musik
While a voice message plays, tapping the bar above the chat opens the full music player, where you can drag to skip around, instead of jumping to the message.	Saat pesan suara diputar, mengetuk bilah di atas obrolan membuka pemutar musik penuh, tempat Anda bisa menggeser untuk melompat, bukan melompat ke pesannya.
Silence people outside your contacts	Senyapkan orang di luar kontak Anda
Private messages from people not in your contacts still show a notification, but without sound or vibration. Bots, reminders and login codes keep their sound.	Pesan pribadi dari orang yang tidak ada di kontak Anda tetap menampilkan notifikasi, tetapi tanpa suara atau getaran. Bot, pengingat, dan kode masuk tetap bersuara.
Disable pull to archive	Nonaktifkan tarik ke arsip
Pulling down the chat list no longer opens the archive. Use Archived chats in the list's menu instead. Restart Telegram to see the change.	Menarik daftar obrolan ke bawah tidak lagi membuka arsip. Gunakan Obrolan yang diarsipkan di menu daftar. Mulai ulang Telegram untuk melihat perubahannya.
Start the camera on the rear lens	Mulai kamera dengan lensa belakang
The camera in the attachment menu always opens on the rear lens, not the lens you used last. You can still flip it.	Kamera di menu lampiran selalu terbuka dengan lensa belakang, bukan lensa yang terakhir Anda pakai. Anda tetap bisa menggantinya.
Hide gallery camera tile	Sembunyikan kotak kamera galeri
The attachment menu's photo grid starts with your photos instead of a live camera tile. A chat picks this up the next time you open it.	Kisi foto di menu lampiran dimulai dengan foto Anda, bukan kotak kamera langsung. Obrolan akan menerapkannya saat Anda membukanya lagi.
Hide time on stickers	Sembunyikan waktu pada stiker
Stickers and big animated emoji no longer show the time and read checks in their corner. Other messages keep their time.	Stiker dan emoji animasi besar tidak lagi menampilkan waktu dan tanda terbaca di sudutnya. Pesan lain tetap menampilkan waktunya.
Ignore mentions in muted chats	Abaikan sebutan di obrolan yang dibisukan
Mentions and replies in groups or channels you've muted no longer notify you. Chats you haven't muted notify as before.	Sebutan dan balasan di grup atau kanal yang Anda bisukan tidak lagi memberi notifikasi. Obrolan yang tidak Anda bisukan tetap memberi notifikasi seperti biasa.
Hide blocked users in groups	Sembunyikan pengguna yang diblokir di grup
Messages from people you've blocked are left out of groups and supergroups you open. Nothing is deleted. Private chats and channel posts stay as they are.	Pesan dari orang yang Anda blokir dilewati di grup dan supergrup yang Anda buka. Tidak ada yang dihapus. Obrolan pribadi dan kiriman kanal tidak berubah.
Hide Telegram Features and Invite Friends	Sembunyikan Fitur Telegram dan Undang Teman
Removes the Telegram Features row from Settings and Invite Friends from Contacts. With no contacts yet, the invite list goes too.	Menghapus baris Fitur Telegram dari Pengaturan dan Undang Teman dari Kontak. Jika Anda belum punya kontak, daftar undangan juga hilang.
Add Repeat to the message menu	Tambahkan Ulangi ke menu pesan
Adds Repeat under Forward in a message's press-and-hold menu. It sends the same message again to the chat. Not shown in protected or secret chats.	Menambahkan Ulangi di bawah Teruskan pada menu pesan yang muncul saat ditekan lama. Ini mengirim pesan yang sama lagi ke obrolan. Tidak tampil di obrolan yang dilindungi atau rahasia.
Keep deleted messages	Simpan pesan yang dihapus
Messages others delete stay in your chat on this phone, marked deleted next to the time. Your own deletes and disappearing messages work as usual.	Pesan yang dihapus orang lain tetap ada di obrolan Anda di ponsel ini, ditandai terhapus di samping waktu. Penghapusan oleh Anda dan pesan yang menghilang berfungsi seperti biasa.
# context: an action row under Keep deleted messages; a tap deletes every message that switch kept
Clear kept messages	Hapus pesan yang disimpan
Deletes the messages this phone kept after others deleted them, in every account, the way Telegram would have.	Menghapus pesan yang disimpan ponsel ini setelah orang lain menghapusnya, di setiap akun, seperti yang akan dilakukan Telegram.
# context: the notice after that tap when nothing was kept
There are no kept messages to clear.	Tidak ada pesan yang disimpan untuk dihapus.
# context: the notice after that tap, with how many kept messages went
Removed %1$d kept message.	%1$d pesan yang disimpan telah dihapus.
Removed %1$d kept messages.	%1$d pesan yang disimpan telah dihapus.
Ask before sending a sticker	Tanya dulu sebelum mengirim stiker
Asks Send or Cancel before a sticker you tap goes into a chat. Cancel drops it. Scheduled stickers go out without asking.	Menanyakan Kirim atau Batal sebelum stiker yang Anda ketuk masuk ke obrolan. Batal membuangnya. Stiker terjadwal terkirim tanpa bertanya.
Turn off beta debug logs	Matikan log debug beta
Telegram Beta keeps debug logs on your phone all the time, its connection log included, and its own debug menu can't stop that. This stops them. Logs already saved stay until you clear them, and the regular build doesn't keep them, so nothing changes there. Restart Telegram to see the change.	Telegram Beta selalu menyimpan log debug di ponsel Anda, termasuk log koneksinya, dan menu debug miliknya sendiri tidak bisa menghentikannya. Ini menghentikannya. Log yang sudah tersimpan tetap ada sampai Anda menghapusnya, dan versi biasa tidak menyimpannya, jadi di sana tidak ada yang berubah. Mulai ulang Telegram untuk melihat perubahannya.
Ask before sending a GIF	Tanya dulu sebelum mengirim GIF
Asks Send or Cancel before a GIF you tap goes into a chat. Cancel drops it. Scheduled GIFs go out without asking.	Menanyakan Kirim atau Batal sebelum GIF yang Anda ketuk masuk ke obrolan. Batal membuangnya. GIF terjadwal terkirim tanpa bertanya.
Ask before sending a voice or video message	Tanya dulu sebelum mengirim pesan suara atau video
Asks Send or Cancel before a voice or video message you recorded goes out. Cancel throws the recording away.	Menanyakan Kirim atau Batal sebelum pesan suara atau video yang Anda rekam terkirim. Batal membuang rekamannya.
Ask before starting a call	Tanya dulu sebelum memulai panggilan
Asks Call or Cancel before the call button in a chat or on a profile starts a call.	Menanyakan Panggil atau Batal sebelum tombol panggilan di obrolan atau profil memulai panggilan.
Send sticker	Kirim stiker
Send this sticker to this chat?	Kirim stiker ini ke obrolan ini?
Send GIF	Kirim GIF
Send this GIF to this chat?	Kirim GIF ini ke obrolan ini?
Send voice message	Kirim pesan suara
Send this voice message to this chat?	Kirim pesan suara ini ke obrolan ini?
Send video message	Kirim pesan video
Send this video message to this chat?	Kirim pesan video ini ke obrolan ini?
Send	Kirim
Start a call	Mulai panggilan
Start a voice call?	Mulai panggilan suara?
Start a video call?	Mulai panggilan video?
Call	Panggil
# context: the label before the time of a message someone else deleted that this phone kept
deleted	dihapus
Add Copy photo to the message menu	Tambahkan Salin foto ke menu pesan
Adds Copy photo to a downloaded photo's press-and-hold menu, so you can paste the picture into another app. Not shown in protected or secret chats.	Menambahkan Salin foto pada menu foto yang sudah diunduh saat ditekan lama, sehingga Anda bisa menempel gambarnya di aplikasi lain. Tidak tampil di obrolan yang dilindungi atau rahasia.
Add Message details to the message menu	Tambahkan Detail pesan ke menu pesan
Adds Message details to a message's press-and-hold menu. It shows IDs, send and edit times, where it was forwarded from, and file info.	Menambahkan Detail pesan pada menu pesan yang muncul saat ditekan lama. Menampilkan ID, waktu kirim dan edit, asal penerusan, dan info berkas.
Repeat	Ulangi
Copy photo	Salin foto
Photo copied	Foto disalin
Message details	Detail pesan
Message ID: %1$s	ID pesan: %1$s
Chat ID: %1$s	ID obrolan: %1$s
Sender ID: %1$s	ID pengirim: %1$s
Sent: %1$s	Dikirim: %1$s
Edited: %1$s	Diedit: %1$s
Forwarded from: %1$s	Diteruskan dari: %1$s
Original sender ID: %1$s	ID pengirim asli: %1$s
Originally sent: %1$s	Awalnya dikirim: %1$s
File data center: %1$s	Pusat data file: %1$s
File size: %1$s	Ukuran file: %1$s
Copy	Salin
Message details copied	Detail pesan disalin
Add Quick forward to the message menu	Tambahkan Teruskan cepat ke menu pesan
Adds Quick forward to a message's press-and-hold menu. One tap sends it to Saved Messages or a recent chat. Not in protected or secret chats.	Menambahkan Teruskan cepat pada menu pesan yang muncul saat ditekan lama. Satu ketukan mengirimnya ke Pesan Tersimpan atau obrolan terbaru. Tidak ada di obrolan yang dilindungi atau rahasia.
Quick forward	Teruskan cepat
Forward to	Teruskan ke
Forwarding to %1$s	Meneruskan ke %1$s
Can't forward there	Tidak bisa meneruskan ke sana
No chat to forward to	Tidak ada obrolan tujuan

# context: Notifications repair and bottom-pull controls.
Notifications	Notifikasi
Repair Firebase push registration	Perbaiki pendaftaran notifikasi Firebase
Tries to help this patched Telegram sign up for push notifications with Firebase, Google's notification service, using Telegram's original certificate. Notification permission and battery settings still apply.	Mencoba membantu Telegram yang sudah ditambal ini mendaftar untuk notifikasi push lewat Firebase, layanan notifikasi Google, dengan sertifikat asli Telegram. Izin notifikasi dan pengaturan baterai tetap berlaku.
Firebase certificate header	Header sertifikat Firebase
Stop pull to next channel	Hentikan tarikan ke kanal berikutnya
Pulling up at the bottom of a channel only scrolls. Open the next channel from your chat list.	Menarik ke atas di bagian bawah kanal hanya menggulir tampilan. Buka kanal berikutnya dari daftar obrolan.
Stop pull to next topic	Hentikan tarikan ke topik berikutnya
Pulling up at the bottom of a forum topic only scrolls. Open the next topic from the topic list.	Menarik ke atas di bagian bawah topik forum hanya menggulir tampilan. Buka topik berikutnya dari daftar topik.
# context: Read-only local notification facts, independent of repair and Pause.
Notification status on this phone	Status notifikasi di ponsel ini
local notification status	status notifikasi lokal
Notification permission: %1$s	Izin notifikasi: %1$s
Notification ID saved on this phone: %1$s	ID notifikasi tersimpan di ponsel ini: %1$s
Signed-in accounts: %1$s	Akun yang masuk: %1$s
Accounts Telegram confirmed for notifications: %1$s	Akun yang dikonfirmasi Telegram untuk notifikasi: %1$s
Telegram's reply to notification sign-up: %1$s	Balasan Telegram atas pendaftaran notifikasi: %1$s
No reply since Telegram started	Belum ada balasan sejak Telegram dibuka
Accepted	Diterima
Refused	Ditolak
Refused (%1$s)	Ditolak (%1$s)
This only shows what's saved on this phone. It doesn't prove notifications will arrive.	Ini hanya menunjukkan apa yang tersimpan di ponsel ini. Ini tidak membuktikan bahwa notifikasi akan sampai.
Unknown	Tidak diketahui
Allowed	Diizinkan
Blocked	Diblokir
Yes	Ya
No	Tidak
Use normal paste	Gunakan tempel biasa
Show user and chat IDs	Tampilkan ID pengguna dan chat
Disable double-tap reactions	Nonaktifkan reaksi ketuk dua kali
Pastes text exactly as you copied it, without Telegram adding formatting, tables or code styling. Spaces and links stay as they were.	Menempel teks persis seperti yang Anda salin, tanpa Telegram menambahkan format, tabel, atau gaya kode. Spasi dan tautan tetap seperti semula.
Adds a copyable ID number for a user or chat to the profile's menu. Telegram isn't asked for anything extra.	Menambahkan nomor ID yang bisa disalin untuk pengguna atau obrolan ke menu profil. Tidak ada permintaan tambahan ke Telegram.
Show where a profile photo is stored	Tampilkan lokasi penyimpanan foto profil
A profile's menu also shows which of Telegram's five data centers (its server locations) stores the profile photo. No photo, no number.	Menu profil juga menampilkan di mana dari lima pusat data Telegram (lokasi servernya) foto profil disimpan. Tanpa foto, tidak ada nomor.
Double-tapping a message no longer adds a reaction. Scrolling, normal taps, selecting and the reaction menu work as before.	Mengetuk dua kali pesan tidak lagi menambahkan reaksi. Menggulir, ketukan biasa, memilih, dan menu reaksi berfungsi seperti biasa.
compose text paste	tempel teks saat menulis
caption text paste	tempel teks keterangan
profile local IDs	ID profil lokal
chat double-tap reactions	reaksi ketuk dua kali di chat
preview double-tap reactions	reaksi ketuk dua kali di pratinjau
User ID %1$s	ID pengguna %1$s
Chat ID %1$s	ID chat %1$s
Copy user ID %1$s	Salin ID pengguna %1$s
Copy chat ID %1$s	Salin ID chat %1$s
ID	ID
ID copied	ID disalin
Data center %1$s	Pusat data %1$s
Copy data center %1$s	Salin pusat data %1$s
Data center copied	Pusat data disalin
