# Brazilian Portuguese for HushTelegram: the English key, a tab, the translation. One row per string.
# context: Chat-list-only story controls and immutable hook coverage.
Hide Stories	Ocultar Stories
Hides the chat-list story bar, avatar story rings and Post Story button, and stops fetching the story list. Profile stories and archives remain available.	Oculta a barra de stories da lista de conversas, os anéis de stories nos avatares e o botão de publicar um story, e deixa de buscar a lista de stories. Os stories dos perfis e os arquivos continuam disponíveis.
story list requests	solicitações da lista de stories
chat-list story bar	barra de stories da lista de conversas
Post Story button	botão de publicar um story
avatar story rings	anéis de stories nos avatares
avatar story taps	toques de stories nos avatares
# After editing, run python scripts/gen-l10n.py from the repository root.
%1$d item in that file isn't a setting this version of HushTelegram knows, so it'll be left out.	%1$d item desse arquivo não é uma configuração conhecida por esta versão do HushTelegram e será ignorado.
%1$d items in that file aren't settings this version of HushTelegram knows, so they'll be left out.	%1$d itens desse arquivo não são configurações conhecidas por esta versão do HushTelegram e serão ignorados.
%1$d switch will change.	%1$d opção será alterada.
%1$d switches will change.	%1$d opções serão alteradas.
%1$s. It was set when you patched, so Pause can't turn it off. To rule it out, patch again and leave out that patch.	%1$s. Isso foi definido quando você aplicou os patches, então a pausa não pode desativá-lo. Para descartar essa possibilidade, aplique os patches novamente sem esse patch.
%1$s. They were set when you patched, so Pause can't turn them off. To rule one out, patch again and leave out the patch in brackets after it.	%1$s. Esses itens foram definidos quando você aplicou os patches, então a pausa não pode desativá-los. Para descartar um deles, aplique os patches novamente sem o patch entre parênteses depois dele.
A diagnostic report is already being saved.	Um relatório de diagnóstico já está sendo salvo.
A file named %1$s in %2$s paused HushTelegram.	Um arquivo chamado %1$s em %2$s pausou o HushTelegram.
About	Sobre
Android 11 and older don't say which links open here. Tap to open this app's settings, then Open by default.	O Android 11 e as versões anteriores não informam quais links abrem aqui. Toque para abrir as configurações deste app e depois Abrir por padrão.
Back	Voltar
Cancel	Cancelar
Choose a settings file. Before anything is imported, you'll see how many switches it changes. What you import applies to all the accounts in this Telegram app.	Escolha um arquivo de configurações. Antes de importar qualquer coisa, você verá quantas opções serão alteradas. O que você importar vale para todas as contas deste app do Telegram.
Clear diagnostic data	Limpar dados de diagnóstico
Copy a quick report or save the full one to Download/Morphe. Links, IDs, cookies and sign-in tokens are left out. Check it for other private text before you share it.	Copie um relatório rápido ou salve o relatório completo em Download/Morphe. Links, IDs, cookies e tokens de login são omitidos. Verifique se há outros textos privados antes de compartilhar.
Copy quick report	Copiar relatório rápido
Couldn't import the settings, and couldn't put back the ones you had. Check the switches on this screen.	Não foi possível importar as configurações nem restaurar as que você tinha. Confira as opções nesta tela.
Couldn't import the settings. Nothing was changed.	Não foi possível importar as configurações. Nada foi alterado.
Couldn't open that file. Nothing was changed.	Não foi possível abrir esse arquivo. Nada foi alterado.
Couldn't open the file picker. Try again.	Não foi possível abrir o seletor de arquivos. Tente de novo.
Couldn't put back the diagnostic data. Try again.	Não foi possível restaurar os dados de diagnóstico. Tente de novo.
Couldn't save the settings file. Try again.	Não foi possível salvar o arquivo de configurações. Tente de novo.
Couldn't start that. Try again in a moment.	Não foi possível iniciar isso. Tente de novo em instantes.
Couldn't start the report export. Try again shortly.	Não foi possível iniciar a exportação do relatório. Tente de novo daqui a pouco.
Couldn't turn HushTelegram back on. Try again.	Não foi possível reativar o HushTelegram. Tente novamente.
Debug logging	Registro de depuração
Diagnostic data cleared. Tap again to put it back.	Dados de diagnóstico apagados. Toque de novo para restaurá-los.
Diagnostic data put back.	Dados de diagnóstico restaurados.
Diagnostic report copied to the clipboard.	Relatório de diagnóstico copiado para a área de transferência.
Empties the log and the hook findings a report would include.	Apaga o registro e os resultados dos hooks que seriam incluídos em um relatório.
Every switch but Debug logging acts as if it were off, and what was set when you patched stays in. Your settings stay as they are.	Todas as opções, exceto Registro de depuração, funcionam como se estivessem desativadas, e o que foi definido ao aplicar os patches permanece ativo. Suas configurações não são alteradas.
Export diagnostic report	Exportar relatório de diagnóstico
Export settings	Exportar configurações
From the next start, every switch but Debug logging acts as if it were off. Changes made when you patched stay in, and your choices stay saved.	A partir da próxima abertura, todas as opções, menos o Registro de depuração, funcionam como se estivessem desligadas. O que foi definido ao aplicar os patches continua ativo, e suas escolhas ficam salvas.
Hide ads	Ocultar anúncios
Links, updates, backup and more	Links, atualizações, backup e mais
Privacy	Privacidade
Save your switches to a file. They cover all the accounts in this Telegram app. Pause and Debug logging aren't included, and neither is the release check.	Salve suas opções em um arquivo. Elas valem para todas as contas deste app do Telegram. Pausa e Registro de depuração não são incluídos, nem a verificação de novas versões.
Settings exported. The app holding the file wouldn't let HushTelegram read it back, so it wasn't checked.	Configurações exportadas. O app que guarda o arquivo não deixou o HushTelegram lê-lo de volta, então ele não foi conferido.
The app holding that file is taking too long, so HushTelegram stopped waiting. Nothing was changed.	O app que guarda esse arquivo está demorando demais, então o HushTelegram parou de esperar. Nada foi alterado.
The app holding the last settings file still hasn't answered. Try again later.	O app do último arquivo de configurações ainda não respondeu. Tente de novo mais tarde.
The app holding the settings file is taking too long, so HushTelegram stopped waiting. That app may still finish saving it, so check the file before you rely on it.	O app que guarda o arquivo de configurações está demorando demais, então o HushTelegram parou de esperar. Esse app ainda pode terminar de salvá-lo, então confira o arquivo antes de confiar nele.
The file %1$s couldn't be removed. Delete it from %2$s, then tap Resume again.	Não foi possível remover o arquivo %1$s. Exclua-o de %2$s e toque em Retomar de novo.
The settings file was saved, but it doesn't read back as what was written. Save it again as a new file.	O arquivo de configurações foi salvo, mas ao ser lido de volta não corresponde ao que foi gravado. Salve de novo como um arquivo novo.
Until you resume, every switch but Debug logging acts as if it were off. Changes made when you patched stay in.	Até você retomar, todas as opções, menos o Registro de depuração, funcionam como se estivessem desligadas. O que foi definido ao aplicar os patches continua ativo.
Full report saved to %1$s	Relatório completo salvo em %1$s
GPL-3.0, with the notices of the projects this is built on	GPL-3.0, com os avisos dos projetos em que o HushTelegram se baseia
HushTelegram is on	O HushTelegram está ativo
HushTelegram is paused	O HushTelegram está pausado
HushTelegram settings	Configurações do HushTelegram
HushTelegram settings couldn't open	Não foi possível abrir as configurações do HushTelegram
Import	Importar
Import settings	Importar configurações
Importing settings	Importando as configurações
Licenses	Licenças
Links	Links
OK	OK
Pause HushTelegram	Pausar o HushTelegram
Reading the settings file	Lendo o arquivo de configurações
Retry	Tentar novamente
Save full report	Salvar relatório completo
Check for new HushTelegram releases	Procurar novas versões do HushTelegram
Ask GitHub once a day when Telegram starts, and show a newer release at the top of these settings. Off by default. Nothing is downloaded.	Consulta o GitHub uma vez por dia quando o Telegram inicia e mostra uma versão mais nova no topo destas configurações. Desativado por padrão. Nada é baixado.
Check now	Verificar agora
Asks GitHub for the newest release right now, even with the switch above off.	Consulta o GitHub agora mesmo em busca da versão mais nova, mesmo que a opção acima esteja desativada.
Checking GitHub now.	Consultando o GitHub agora.
HushTelegram %1$s is out. Update it in Morphe Manager.	O HushTelegram %1$s está disponível. Atualize-o pelo Morphe Manager.
You have the newest HushTelegram release.	Você já está usando a versão mais nova do HushTelegram.
The newest HushTelegram release is %1$s.	A versão mais nova do HushTelegram é %1$s.
Couldn't reach GitHub. Try again later.	Não foi possível conectar-se ao GitHub. Tente novamente mais tarde.
GitHub is turning away checks from this network for now. Try again later.	O GitHub está recusando consultas desta rede por enquanto. Tente novamente mais tarde.
GitHub's answer couldn't be used. Try again later.	Não foi possível usar a resposta do GitHub. Tente novamente mais tarde.
Saving the settings file	Salvando o arquivo de configurações
Set when you patched	Definido ao aplicar os patches
Settings couldn't open	Não foi possível abrir as configurações
Settings couldn't refresh completely. Reopen settings and try again.	Não foi possível atualizar completamente as configurações. Reabra as configurações e tente novamente.
Settings exported.	Configurações exportadas.
Settings imported. %1$d switch changed.	Configurações importadas. %1$d opção foi alterada.
Settings imported. %1$d switches changed.	Configurações importadas. %1$d opções foram alteradas.
Source code and issues	Código-fonte e relatos de problemas
Stays in while paused	O que continua ativo na pausa
Tap to turn it back on.	Toque para reativar.
That file is too large to be a settings file. Nothing was changed.	Esse arquivo é grande demais para ser um arquivo de configurações. Nada foi alterado.
That file isn't readable text, so it may have been damaged on the way. Nothing was changed.	Esse arquivo não contém texto legível, então pode ter sido corrompido durante o processo. Nada foi alterado.
That file lists a setting twice, so there's no telling which value to use. Nothing was changed.	Esse arquivo contém uma configuração duplicada, então não é possível saber qual valor usar. Nada foi alterado.
That isn't a HushTelegram settings file. Nothing was changed.	Isso não é um arquivo de configurações do HushTelegram. Nada foi alterado.
That settings file holds a value HushTelegram can't read. Nothing was changed.	Esse arquivo de configurações tem um valor que o HushTelegram não consegue ler. Nada foi alterado.
That settings file is damaged or only partly downloaded. Nothing was changed.	Esse arquivo de configurações está corrompido ou foi baixado apenas parcialmente. Nada foi alterado.
That settings file was written by a newer HushTelegram than this one. Nothing was changed.	Esse arquivo de configurações foi criado por uma versão do HushTelegram mais nova que esta. Nada foi alterado.
The diagnostic report couldn't be saved yet. Try again in a moment.	O relatório de diagnóstico ainda não pôde ser salvo. Tente de novo em instantes.
The diagnostic report couldn't be saved. Try again.	Não foi possível salvar o relatório de diagnóstico. Tente de novo.
The file %1$s couldn't be removed. Delete it from %2$s to turn HushTelegram back on.	Não foi possível remover o arquivo %1$s. Exclua-o de %2$s para reativar o HushTelegram.
The setting couldn't finish updating. Its saved value is shown.	Não foi possível concluir a atualização da configuração. O valor salvo está sendo mostrado.
There's no diagnostic data to clear.	Não há dados de diagnóstico para limpar.
There's no diagnostic data to put back.	Não há dados de diagnóstico para restaurar.
This phone has no file picker, so there's no way to choose a file here.	Este dispositivo não tem seletor de arquivos, então não é possível escolher um arquivo aqui.
Version	Versão
Record patch activity and show errors for a bug report. Leave off during normal use.	Registra a atividade dos patches e mostra os erros para um relatório de problema. Mantenha desativado durante o uso normal.
You paused HushTelegram.	Você pausou o HushTelegram.
Your switches already match that file, so nothing will change.	Suas opções já correspondem às desse arquivo, então nada será alterado.
Copy a short report to the clipboard.	Copie um relatório curto para a área de transferência.
Save the full report in Download/Morphe.	Salve o relatório completo em Download/Morphe.
Settings imported.	Configurações importadas.
No app on this phone can open the link. The address is %1$s.	Nenhum aplicativo neste dispositivo consegue abrir o link. O endereço é %1$s.
# context: Separate pages under More settings. Settings backup contains export and import; Diagnostics contains logging and diagnostic data controls.
Settings backup	Backup de configurações
Diagnostics	Diagnóstico
Updates	Atualizações
Jump to a section	Ir para uma seção
Go straight to one group of settings. Back returns to where you were.	Vá diretamente para um grupo de configurações. Voltar leva você de volta ao ponto em que estava.
Browse settings	Explorar configurações
More settings	Mais configurações
No matching settings	Nenhuma configuração encontrada
%1$d setting found	%1$d configuração encontrada
%1$d settings found	%1$d configurações encontradas
Try a different word or clear the search.	Tente outra palavra ou limpe a busca.
Search settings	Buscar configurações
Clear search	Limpar busca
Your controls are active.	Seus controles estão ativos.
Pause	Pausar
Resume	Retomar
Undo	Desfazer
Supported links	Links compatíveis
Opening supported links is off for this app in Android's settings. Tap to turn it on.	“Abrir links compatíveis” está desativado para este app nas configurações do Android. Toque para ativar.
Android didn't say which links open here. Tap to check in Android's settings.	O Android não informou quais links abrem aqui. Toque para conferir nas configurações do Android.
Selecting links by hand	Selecionar links manualmente

A change here applies after Telegram restarts.	Uma alteração daqui vale depois que o Telegram reiniciar.
Android opens t.me links in an app only when its addresses are selected for that app. Selecting them sends their links here, and your other link settings stay as they are.	O Android só abre links t.me em um app quando os endereços dele estão selecionados para esse app. Selecioná-los faz os links chegarem aqui, e suas outras configurações de links continuam como estão.
Android verified this app for Telegram's web addresses, so their links open here.	O Android verificou este app para os endereços web do Telegram, então os links deles abrem aqui.
Android's settings for this app didn't open. Open App info from Telegram's icon, then Open by default.	As configurações do Android para este app não abriram. Abra Informações do app pelo ícone do Telegram e depois Abrir por padrão.
Channels show no sponsored messages, search shows no sponsored accounts, and videos play without ads. Telegram never asks for them, so none are counted as seen.	Os canais não mostram mensagens patrocinadas, a busca não mostra contas patrocinadas e os vídeos tocam sem anúncios. O Telegram nunca os solicita, então nenhum conta como visto.
Chats	Conversas
HushTelegram %1$s on Telegram %2$s	HushTelegram %1$s no Telegram %2$s
HushTelegram %1$s targets Telegram %2$s.	O HushTelegram %1$s é compatível com o Telegram %2$s.
HushTelegram pauses when Telegram restarts.	O HushTelegram será pausado quando o Telegram for reiniciado.
HushTelegram turns back on when Telegram restarts.	O HushTelegram será reativado quando o Telegram for reiniciado.
It targets Telegram %1$s.	Compatível com o Telegram %1$s.
None of Telegram's web addresses are selected for this app, so their links open elsewhere. Tap to select them in Android's settings.	Nenhum endereço web do Telegram está selecionado para este app, então os links deles abrem em outro lugar. Toque para selecioná-los nas configurações do Android.
Only some of Telegram's web addresses are selected for this app, and links to the rest open elsewhere. Tap to select them in Android's settings.	Só alguns endereços web do Telegram estão selecionados para este app, e os links para os outros abrem em outro lugar. Toque para selecioná-los nas configurações do Android.
Saved. Restart Telegram to apply this change.	Salvo. Reinicie o Telegram para aplicar esta alteração.
Ads in channels and search	Anúncios em canais e na busca
Ads in channels	Anúncios em canais
Ads in search	Anúncios na busca
%1$s, and more	%1$s, e mais
Stop usage reports	Parar os relatórios de uso
# context: Immutable hook coverage shown when a patch has missing targets.
channel ads	anúncios em canais
video ads	anúncios em vídeos
search ads	anúncios na busca
device statistics reports	relatórios de estatísticas do dispositivo
channel read metrics	métricas de leitura de canais
This build has no coverage for %1$s.	Esta versão não cobre %1$s.
This build covers %1$s. Missing coverage: %2$s.	Esta versão cobre %1$s. Falta cobertura para %2$s.
Telegram crashed or froze within a minute of starting three times in a row, so HushTelegram paused itself.	O Telegram fechou com erro ou travou no primeiro minuto após iniciar, três vezes seguidas, então o HushTelegram foi pausado automaticamente.
Telegram's web addresses are selected for this app in Android's settings, so their links open here.	Os endereços web do Telegram estão selecionados para este app nas configurações do Android, então os links deles abrem aqui.
Usage reports and call diagnostics	Relatórios de uso e diagnósticos de chamadas
Usage reports	Relatórios de uso
Call diagnostics	Diagnósticos de chamadas
Try again, or go back to Telegram.	Tente novamente ou volte para o Telegram.
Turn off Telegram's update checks	Desativar as verificações de atualização do Telegram
Your choices are saved. Tap Resume, then restart Telegram.	Suas escolhas estão salvas. Toque em Retomar e depois reinicie o Telegram.
Telegram stops offering updates from telegram.org. Those can't install over this patched build, so patch each new version in Morphe Manager instead.	O Telegram deixa de oferecer atualizações do telegram.org. Elas não podem ser instaladas sobre este build corrigido, então aplique o patch de cada nova versão pelo Morphe Manager.
No HushTelegram release is out yet.	Ainda não há nenhuma versão do HushTelegram.
Hide recommendations	Ocultar recomendações
Hides similar channels and bots, including cached recommendations. Telegram doesn't ask for new recommendations while the switch is on.	Oculta canais e bots semelhantes, incluindo recomendações armazenadas. O Telegram não solicita novas recomendações enquanto a opção está ativada.
similar channels and bots	canais e bots semelhantes
cached recommendations	recomendações armazenadas
Stop call diagnostics	Interromper diagnósticos de chamadas
Stops automatic call debug reports and log-file uploads requested by Telegram's server.	Interrompe relatórios automáticos de depuração de chamadas e envios de arquivos de registro solicitados pelo servidor do Telegram.
call debug reports	relatórios de depuração de chamadas
call log file uploads	envios de arquivos de registro de chamadas
call log reports	relatórios de registro de chamadas
Hide Premium, gifts and Stars	Ocultar Premium, presentes e Stars
Hides Premium, Stars, My Grams, Business and Send a Gift in Settings, profile Gifts tabs and the channel Gift button. Purchases and account controls keep their usual behavior.	Oculta Premium, Stars, My Grams, Business e Enviar um presente nas Configurações, as abas de presentes dos perfis e o botão de presente dos canais. As compras e os controles da conta continuam funcionando como antes.
Settings sales rows	Ofertas nas Configurações
profile Gifts tabs	abas de presentes dos perfis
channel Gift button	botão de presente dos canais
Hide promotional banners	Ocultar banners promocionais
Hides Premium, birthday and low Stars balance banners in the chat list. Account security notices and other suggestions remain. Nothing is dismissed for you.	Oculta banners de Premium, aniversários e saldo baixo de Stars na lista de conversas. Os avisos de segurança da conta e outras sugestões continuam aparecendo. Nada é descartado em seu nome.
promotional suggestions	sugestões promocionais
birthday gift banner	banner de presentes de aniversário
Hide sponsored proxy channel	Ocultar canal patrocinado do proxy
Hides a proxy's sponsored channel from the chat list and folders. Leaves proxy settings and shared promo-data updates alone.	Oculta o canal patrocinado de um proxy da lista de conversas e das pastas. Mantém as configurações do proxy e as atualizações compartilhadas de dados promocionais como estão.
cached proxy channel	canal do proxy armazenado
cached proxy folder entries	entradas do proxy armazenadas nas pastas
Open links externally	Abrir links externamente
Opens ordinary HTTP(S) links in your browser. Telegram links, login, payment and authenticated routes keep their existing behavior.	Abre links HTTP(S) comuns no seu navegador. Links do Telegram e rotas de login, pagamento e autenticação mantêm o comportamento habitual.
Strip link tracking	Remover rastreamento de links
Optional local cleaning at link-open and Share Link chooser sites. Removes only utm_source, utm_medium, utm_campaign, utm_term, utm_content, gclid and fbclid. Any unknown query key preserves the entire URL. Off by default in settings.	Limpeza local opcional ao abrir links e no seletor Compartilhar Link. Remove apenas utm_source, utm_medium, utm_campaign, utm_term, utm_content, gclid e fbclid. Qualquer parâmetro de consulta desconhecido preserva a URL inteira. Desativado por padrão nas configurações.
external browser routing	abertura em navegador externo
opened link tracking	rastreamento de links abertos
shared link tracking	rastreamento de links compartilhados
Telegram doesn't send its storage-type statistic when its server asks, or how long you spent on each channel post. It also stops reports about Premium screen views, feature taps, accepts and purchase failures. Messages and calls work as before.	O Telegram não envia sua estatística do tipo de armazenamento quando o servidor pede, nem quanto tempo você passou em cada post de um canal. Também bloqueia relatórios sobre visualizações da tela do Premium, toques em recursos, aceitações e falhas de compra. Mensagens e chamadas funcionam como antes.
Premium promo views	visualizações de promoções do Premium
Premium promo taps	toques em promoções do Premium
Premium promo accepts	aceitações de promoções do Premium
Premium promo failures	falhas de promoções do Premium
Accounts	Contas
Every switch here applies to all the accounts in this Telegram app, not only the one you have open.	Cada opção aqui vale para todas as contas deste app do Telegram, não só para a que está aberta.
No previews before sending	Sem prévias antes de enviar
Telegram doesn't ask its server for a link preview while a message is still unsent. That covers chats, the share sheet, polls, story links and bot shares. Sent messages still get their preview. Off by default in settings.	O Telegram não pede ao servidor uma prévia do link enquanto a mensagem ainda não foi enviada. Isso vale para chats, a tela de compartilhamento, enquetes, links de Stories e mensagens compartilhadas por bots. Mensagens enviadas continuam recebendo a prévia. Desativado por padrão nas configurações.
Draft link previews	Prévias de links em rascunhos
chat drafts	rascunhos de chat
share sheet comments	comentários ao compartilhar
poll links	links de enquetes
story links	links de Stories
bot shares	mensagens compartilhadas por bots
Camera only on tap	Câmera só ao tocar
Opening the attachment gallery doesn't start the camera or ask for camera access. Tap the camera tile to start it. Off by default in settings.	Abrir a galeria de anexos não liga a câmera nem pede acesso a ela. Toque no quadro da câmera para ligá-la. Desativado por padrão nas configurações.
Gallery camera	Câmera da galeria
No swipe actions on chats	Sem ações ao deslizar chats
A sideways swipe on a chat in the chat list no longer archives, mutes, pins, deletes or marks it read, so a stray swipe can't change the chat. Long-press still has every action. Off by default in settings.	Deslizar um chat para o lado na lista de chats não arquiva, silencia, fixa, apaga nem marca mais o chat como lido, então um deslize sem querer não muda o chat. Tocar e segurar continua mostrando todas as ações. Desativado por padrão nas configurações.
Hide popular apps	Ocultar apps populares
Search's Apps tab skips Telegram's Popular apps list, with its heading and loading rows, and Telegram doesn't ask for it. Apps you've opened and other results stay.	A aba Apps da busca não mostra a lista Apps populares do Telegram, nem o título e as linhas de carregamento, e o Telegram não a solicita. Os apps que você abriu e os outros resultados continuam.
Hide contacts on Telegram	Ocultar contatos no Telegram
A short chat list no longer lists your contacts on Telegram under it, with their heading and loading rows. Your chats, folders, contact sync and search stay. Off by default in settings.	Uma lista de conversas curta não mostra mais seus contatos no Telegram embaixo dela, nem o título e as linhas de carregamento. Suas conversas, pastas, a sincronização de contatos e a busca continuam. Desativado por padrão nas configurações.
Hide greeting stickers	Ocultar figurinhas de saudação
An empty private chat no longer offers a sticker to send as a greeting. Its text, business introductions, paid-message notices and the sticker picker stay. Off by default in settings.	Uma conversa privada vazia não oferece mais uma figurinha para enviar como saudação. O texto, as apresentações de empresas, os avisos de mensagens pagas e o seletor de figurinhas continuam. Desativado por padrão nas configurações.
Quiet contacts prompts	Silenciar pedidos de contatos
Once you've said no to contacts access, the Contacts tab stops asking again and its warning badge goes away. The first request, the tab's own buttons and contact sync stay.	Depois que você recusar o acesso aos contatos, a aba Contatos para de pedir de novo e o selo de aviso some. O primeiro pedido, os botões da própria aba e a sincronização de contatos continuam.

New Year look all year	Visual de Ano Novo o ano todo
Telegram's Santa hat sits on the chat list logo, and New Year snow falls every day over the chat list's top bar and, with animated chat backgrounds on, over chat backgrounds. Off by default in settings.	O gorro de Papai Noel do Telegram aparece sobre o logo da lista de chats. A neve de Ano Novo cai todos os dias sobre a barra superior e, com os fundos de chat animados ativados, sobre os fundos dos chats. Desativado por padrão nas configurações.
Use system font	Usar fonte do sistema
Bold and italic text stops using the Roboto files built into Telegram and takes your phone's font, the one regular text already uses. Code takes the phone's monospace font. Some number displays and Instant View pages keep Telegram's own. Off by default in settings.	Texto em negrito e itálico deixa de usar os arquivos Roboto embutidos no Telegram e passa a usar a fonte do seu celular, a mesma do texto normal. Código usa a fonte monoespaçada do celular. Algumas exibições de números e as páginas do Instant View mantêm a fonte do Telegram. Desativado por padrão nas configurações.
AMOLED black	Preto AMOLED
Telegram's Night and Dark themes draw their screens in pure black, and a patterned chat background shows its pattern over black. Message bubbles and pop-up menus keep their colors, and themes you've installed from a file stay as they are. Off by default in settings.	Os temas Noite e Escuro do Telegram mostram as telas em preto puro, e um fundo de chat com padrão mostra o padrão sobre o preto. Os balões de mensagem e os menus pop-up mantêm suas cores, e temas instalados de um arquivo ficam como estão. Desativado por padrão nas configurações.
Hide translate bar	Ocultar barra de tradução
Chats in another language stop showing Telegram's translate bar at the top, and Translate moves to the chat's menu. A chat you're translating keeps its bar so you can go back to the original. Off by default in settings.	Chats em outro idioma deixam de mostrar a barra de tradução do Telegram no topo, e Traduzir passa para o menu do chat. Um chat que você está traduzindo mantém a barra para você voltar ao original. Desativado por padrão nas configurações.
Exact numbers	Números exatos
Member, subscriber, view, reply and reaction counts show the full number, like 12,345 instead of 12.3K. Off by default in settings.	Contagens de membros, inscritos, visualizações, respostas e reações aparecem completas, como 12,345 em vez de 12.3K. Desativado por padrão nas configurações.
Reveal spoilers	Revelar spoilers
Spoiler text, photos and videos show right away instead of waiting for a tap. View-once media, sensitive content and login codes stay covered, and text you're typing keeps its spoiler. Off by default in settings.	Textos, fotos e vídeos com spoiler aparecem na hora, sem precisar tocar. Mídias de visualização única, conteúdo sensível e códigos de login continuam cobertos, e o texto que você está digitando mantém o spoiler. Desativado por padrão nas configurações.
Hide keyboard on scroll	Ocultar teclado ao rolar
Starting to scroll through a chat closes the keyboard, the way Telegram already does while you search a chat. Telegram's emoji and sticker panel stays open. Off by default in settings.	Começar a rolar um chat fecha o teclado, como o Telegram já faz enquanto você pesquisa em um chat. O painel de emojis e figurinhas do Telegram continua aberto. Desativado por padrão nas configurações.
Keep videos muted on volume keys	Manter vídeos mudos nas teclas de volume
Volume keys in a chat change the volume instead of playing the video or round video on screen with sound. Tap a video to hear it. Off by default in settings.	As teclas de volume em um chat mudam o volume em vez de tocar com som o vídeo ou vídeo redondo na tela. Toque em um vídeo para ouvi-lo. Desativado por padrão nas configurações.
Swipe back on profiles	Deslizar para voltar em perfis
A swipe to the right on a profile's photos or media tabs goes back, like it does on the rest of the profile, instead of showing the previous photo or tab. Swiping left still moves forward. Off by default in settings.	Deslizar para a direita nas fotos ou abas de mídia de um perfil volta, como no resto do perfil, em vez de mostrar a foto ou a aba anterior. Deslizar para a esquerda continua avançando. Desativado por padrão nas configurações.
Hide phone number	Ocultar número de telefone
Your own phone number shows as dots in the side menu, Settings, your profile and anywhere else Telegram displays it, which helps with screenshots and screen sharing. Other people's numbers stay visible. Off by default in settings.	Seu próprio número aparece como pontos no menu lateral, nas configurações, no seu perfil e em qualquer outro lugar onde o Telegram o mostre, o que ajuda em capturas de tela e no compartilhamento de tela. Os números dos outros continuam visíveis. Desativado por padrão nas configurações.
Message times with seconds	Horário das mensagens com segundos
The time on each message shows seconds too, like 9:41:27 PM, so messages sent close together are easy to tell apart. Off by default in settings.	O horário de cada mensagem também mostra os segundos, como 21:41:27, para diferenciar mensagens enviadas quase ao mesmo tempo. Desativado por padrão nas configurações.
Allow chat blur on slower phones	Permitir desfoque do chat em celulares mais lentos
Telegram only blurs the chat header and panels on phones it rates as fast. This lets any phone use it once Blur in chat is on under Power saving. Off by default in settings.	O Telegram só desfoca o cabeçalho e os painéis do chat em celulares que considera rápidos. Assim qualquer celular pode usar isso depois de ativar Desfoque no chat em Economia de energia. Desativado por padrão nas configurações.
Play voice messages one at a time	Tocar mensagens de voz uma de cada vez
When a voice or video message ends, the next one in the chat doesn't start on its own. Off by default in settings.	Quando uma mensagem de voz ou de vídeo termina, a próxima do chat não começa sozinha. Desativado por padrão nas configurações.
Turn off haptic feedback	Desativar a resposta tátil
Taps, long presses, swipes and wrong entries in Telegram stop vibrating the phone. Incoming calls still vibrate, and notifications vibrate the way you set them. Off by default in settings.	Toques, toques longos, deslizes e entradas erradas deixam de fazer o celular vibrar no Telegram. As chamadas recebidas continuam vibrando, e as notificações vibram como você configurou. Desativado por padrão nas configurações.
Turn off reaction effects	Desativar os efeitos das reações
When you or someone else reacts to a message, the emoji no longer flies across the screen and bursts. The reaction still shows on the message. Off by default in settings.	Quando você ou outra pessoa reage a uma mensagem, o emoji não atravessa mais a tela nem explode. A reação continua aparecendo na mensagem. Desativado por padrão nas configurações.
Hide folder tab counters	Ocultar os contadores das abas de pastas
The folder tabs above the chat list show just their names, without the number of unread chats. Chats stay unread and the app icon's badge doesn't change. Off by default in settings.	As abas de pastas acima da lista de chats mostram só o nome, sem o número de chats não lidos. Os chats continuam não lidos e o selo do ícone do app não muda. Desativado por padrão nas configurações.
Hide sender names when forwarding	Ocultar remetentes ao encaminhar
Each new forward starts with Telegram's Hide sender's name option turned on, so the copies arrive without the original author. You can still turn it off before sending, and article forwards follow Telegram's Premium rule. Off by default in settings.	Cada novo encaminhamento começa com a opção Ocultar nome do remetente do Telegram ativada, então as cópias chegam sem o autor original. Você ainda pode desativá-la antes de enviar, e artigos seguem a regra do Premium do Telegram. Desativado por padrão nas configurações.
Voice messages in the music player	Mensagens de voz no player de música
While a voice message plays, tapping the bar above the chat opens Telegram's full music player with its seek bar, instead of jumping to the message. View-once voice messages stay as they are. Off by default in settings.	Enquanto uma mensagem de voz toca, tocar na barra acima do chat abre o player de música completo do Telegram com a barra de progresso, em vez de pular para a mensagem. Mensagens de voz de visualização única ficam como estão. Desativado por padrão nas configurações.
Silence people outside your contacts	Silenciar quem não está nos seus contatos
A private message from someone who isn't in your contacts still shows a notification, just without sound or vibration. Bots, reminders and Telegram's login codes keep their sound. Off by default in settings.	Uma mensagem privada de alguém que não está nos seus contatos ainda mostra a notificação, só que sem som nem vibração. Bots, lembretes e os códigos de login do Telegram mantêm o som. Desativado por padrão nas configurações.
Disable pull to archive	Desativar puxar para o arquivo
Pulling down the chat list no longer brings up a hidden archive. You can open it from Archived chats in the chat list's menu, or pin it to keep it in the list. Off by default in settings.	Puxar a lista de conversas para baixo não mostra mais um arquivo oculto. Você pode abri-lo em Conversas arquivadas no menu da lista de conversas, ou fixá-lo para mantê-lo na lista. Desativado por padrão nas configurações.
Start the camera on the rear lens	Abrir a câmera na lente traseira
The camera in the attachment menu starts on the rear lens every time you open it, instead of the lens you used last. You can still flip it while it's open. Off by default in settings.	A câmera do menu de anexos abre sempre na lente traseira, em vez da última que você usou. Você ainda pode trocar de lente com ela aberta. Desativado por padrão nas configurações.
Hide gallery camera tile	Ocultar o bloco da câmera na galeria
The photo grid in the attachment menu starts with your photos instead of a live camera tile. A chat picks it up the next time you open it. Off by default in settings.	A grade de fotos do menu de anexos começa com suas fotos em vez de um bloco com a câmera ao vivo. Uma conversa passa a usar isso na próxima vez que você abri-la. Desativado por padrão nas configurações.
Hide time on stickers	Ocultar a hora nas figurinhas
Stickers and big animated emoji no longer carry the time and read checks in their corner. Every other message keeps its time. Off by default in settings.	Figurinhas e emojis animados grandes deixam de mostrar a hora e os sinais de leitura no canto. As outras mensagens mantêm a hora. Desativado por padrão nas configurações.
Ignore mentions in muted chats	Ignorar menções em chats silenciados
Telegram still notifies you when someone mentions you or replies to you in a group or channel you've muted. With this on, those stay as quiet as the rest of the chat. Chats you haven't muted notify as before. Off by default in settings.	O Telegram ainda avisa você quando alguém menciona ou responde você em um grupo ou canal que você silenciou. Com isto ativado, esses avisos ficam tão quietos quanto o resto do chat. Chats que você não silenciou notificam como antes. Desativado por padrão nas configurações.
Hide blocked users in groups	Ocultar usuários bloqueados em grupos
Messages from people you've blocked are left out of the groups and supergroups you open. Private chats and channel posts stay as they are. Nothing is deleted, so turning it off and reopening the chat brings them back. Telegram loads a long blocked list a bit at a time, so someone it hasn't loaded yet still shows. Off by default in settings.	Mensagens de pessoas que você bloqueou ficam de fora dos grupos e supergrupos que você abre. Chats privados e posts de canais continuam como estão. Nada é apagado, então desativar e reabrir o chat traz as mensagens de volta. O Telegram carrega uma lista longa de bloqueados aos poucos, então alguém que ele ainda não carregou continua aparecendo. Desativado por padrão nas configurações.
Hide Telegram Features and Invite Friends	Ocultar Recursos do Telegram e Convidar amigos
Settings drops its Telegram Features row and Contacts drops Invite Friends. When you have no contacts yet, the invite list Contacts shows in their place goes too. Off by default in settings.	As configurações deixam de mostrar a linha Recursos do Telegram e os Contatos deixam de mostrar Convidar amigos. Se você ainda não tem contatos, a lista de convites que aparece no lugar deles também some. Desativado por padrão nas configurações.
Add Repeat to the message menu	Adicionar Repetir ao menu de mensagens
Puts Repeat under Forward in a message's long-press menu. It sends the message again to the same chat as a new message from you. It only shows where Telegram offers Forward and you can write, so it won't appear in protected or secret chats. Off by default in settings.	Coloca Repetir abaixo de Encaminhar no menu que você abre ao tocar e segurar uma mensagem. Ele envia a mensagem de novo para o mesmo chat, como uma nova mensagem sua. Só aparece onde o Telegram oferece Encaminhar e você pode escrever, então nunca em chats protegidos ou secretos. Desativado por padrão nas configurações.
Add Copy photo to the message menu	Adicionar Copiar foto ao menu de mensagens
Puts Copy photo under Forward in a photo's long-press menu once the photo has downloaded. It copies the picture itself, so you can paste it into another app. It won't appear in protected or secret chats. Off by default in settings.	Coloca Copiar foto abaixo de Encaminhar no menu que você abre ao tocar e segurar uma foto, depois que ela foi baixada. Copia a própria imagem, para você colar em outro app. Não aparece em chats protegidos ou secretos. Desativado por padrão nas configurações.
Add Message details to the message menu	Adicionar Detalhes da mensagem ao menu de mensagens
Puts Message details at the end of a message's long-press menu. It shows the message's IDs, when it was sent and edited, where it was forwarded from and the file's data center and size, with a Copy button. Off by default in settings.	Coloca Detalhes da mensagem no fim do menu que você abre ao tocar e segurar uma mensagem. Mostra os IDs da mensagem, quando ela foi enviada e editada, de onde foi encaminhada e o data center e o tamanho do arquivo, com um botão para copiar. Desativado por padrão nas configurações.
Repeat	Repetir
Copy photo	Copiar foto
Photo copied	Foto copiada
Message details	Detalhes da mensagem
Message ID: %1$s	ID da mensagem: %1$s
Chat ID: %1$s	ID do chat: %1$s
Sender ID: %1$s	ID do remetente: %1$s
Sent: %1$s	Enviada: %1$s
Edited: %1$s	Editada: %1$s
Forwarded from: %1$s	Encaminhada de: %1$s
Original sender ID: %1$s	ID do remetente original: %1$s
Originally sent: %1$s	Enviada originalmente: %1$s
File data center: %1$s	Data center do arquivo: %1$s
File size: %1$s	Tamanho do arquivo: %1$s
Copy	Copiar
Message details copied	Detalhes da mensagem copiados

# context: Notifications repair and bottom-pull controls.
Notifications	Notificações
Repair Firebase push registration	Corrigir o registro de notificações do Firebase
Uses Telegram's official certificate for Firebase push registration. Notification permission and battery settings still apply.	Usa o certificado oficial do Telegram para registrar notificações do Firebase. A permissão de notificações e as configurações de bateria continuam necessárias.
Firebase certificate header	Cabeçalho do certificado do Firebase
Stop pull to next channel	Impedir o salto para o próximo canal ao deslizar
Pulling up at the bottom of a channel only scrolls. Open the next channel from your chat list.	Deslizar para cima no fim de um canal apenas rola o conteúdo. Abra o próximo canal pela sua lista de conversas.
Stop pull to next topic	Impedir o salto para o próximo tópico ao deslizar
Pulling up at the bottom of a forum topic only scrolls. Open the next topic from the topic list. Off by default in settings.	Deslizar para cima no fim de um tópico do fórum apenas rola o conteúdo. Abra o próximo tópico pela lista de tópicos. Desativado por padrão nas configurações.
# context: Read-only local notification facts, independent of repair and Pause.
Local notification status	Estado local das notificações
local notification status	estado local das notificações
Notification permission: %1$s	Permissão de notificações: %1$s
Push token saved: %1$s	Token de push salvo: %1$s
Signed-in accounts: %1$s	Contas conectadas: %1$s
Accounts confirmed for push: %1$s	Contas com registro push confirmado: %1$s
Read-only local state. This doesn't confirm notification delivery.	Apenas consulta o estado local. Isso não confirma a entrega de notificações.
Unknown	Desconhecido
Allowed	Permitido
Blocked	Bloqueado
Yes	Sim
No	Não
Use normal paste	Usar colagem normal
Show user and chat IDs	Mostrar IDs de usuário e chat
Disable double-tap reactions	Desativar reações por toque duplo
Pastes text without Telegram's HTML, table or monospace conversion. Whitespace and URLs stay intact. Other clipboard actions stay available. Off by default in settings.	Cola texto sem a conversão de HTML, tabelas ou monoespaçado do Telegram. Espaços e URLs ficam intactos. As outras ações da área de transferência continuam disponíveis. Desativado por padrão nas configurações.
Shows a copyable local user or chat ID in the inspected profile's menu. Access hashes stay hidden. No server request is added. Off by default in settings.	Mostra um ID local de usuário ou chat que pode ser copiado no menu do perfil aberto. Os hashes de acesso ficam ocultos. Não adiciona solicitações ao servidor. Desativado por padrão nas configurações.
Show profile data center	Mostrar o data center do perfil
A profile's menu also shows which of Telegram's data centers, 1 to 5, holds the profile photo. A profile without a photo shows none, and no server request is added. Off by default in settings.	O menu de um perfil também mostra em qual data center do Telegram, de 1 a 5, fica a foto do perfil. Um perfil sem foto não mostra nenhum, e nenhuma solicitação ao servidor é adicionada. Desativado por padrão nas configurações.
Double taps don't add reactions in chats or the reaction-settings preview. Scrolling, taps, selection and explicit reaction menus stay as they are. Off by default in settings.	Toques duplos não adicionam reações nos chats ou na prévia de reações. Rolagem, toques, seleção e menus de reação continuam iguais. Desativado por padrão nas configurações.
compose text paste	colagem de texto ao escrever
caption text paste	colagem de texto em legendas
profile local IDs	IDs locais do perfil
chat double-tap reactions	reações por toque duplo nos chats
preview double-tap reactions	reações por toque duplo na prévia
User ID %1$s	ID de usuário %1$s
Chat ID %1$s	ID de chat %1$s
Copy user ID %1$s	Copiar ID de usuário %1$s
Copy chat ID %1$s	Copiar ID de chat %1$s
ID	ID
ID copied	ID copiado
Data center %1$s	Data center %1$s
Copy data center %1$s	Copiar data center %1$s
Data center copied	Data center copiado
