# Turkish for HushTelegram: the English key, a tab, the translation. One row per string.
# context: Chat-list-only story controls and immutable hook coverage.
Hide Stories	Hikâyeleri gizle
Hides the chat-list story bar, avatar story rings and Post Story button, and stops fetching the story list. Profile stories and archives remain available.	Sohbet listesindeki hikâye çubuğunu, avatar hikâye halkalarını ve Hikâye Paylaş düğmesini gizler, hikâye listesini almayı durdurur. Profil hikâyeleri ve arşivler kullanılabilir durumda kalır.
story list requests	hikâye listesi istekleri
chat-list story bar	sohbet listesindeki hikâye çubuğu
Post Story button	Hikâye Paylaş düğmesi
avatar story rings	avatar hikâye halkaları
avatar story taps	avatarlardaki hikâye dokunuşları
# After editing, run python scripts/gen-l10n.py from the repository root.
%1$d item in that file isn't a setting this version of HushTelegram knows, so it'll be left out.	O dosyadaki %1$d öğe, HushTelegram'un bu sürümünün tanıdığı ayarlardan değil, bu yüzden atlanacak.
%1$d items in that file aren't settings this version of HushTelegram knows, so they'll be left out.	O dosyadaki %1$d öğe, HushTelegram'un bu sürümünün tanıdığı ayarlardan değil, bu yüzden atlanacak.
%1$d switch will change.	%1$d anahtar değişecek.
%1$d switches will change.	%1$d anahtar değişecek.
%1$s. It was set when you patched, so Pause can't turn it off. To rule it out, patch again and leave out that patch.	%1$s. Yamaladığında ayarlandığı için Duraklatma bunu kapatamaz. Bunu elemek için yeniden yamala ve o yamayı dışarıda bırak.
%1$s. They were set when you patched, so Pause can't turn them off. To rule one out, patch again and leave out the patch in brackets after it.	%1$s. Yamaladığında ayarlandıkları için Duraklatma bunları kapatamaz. Birini elemek için yeniden yamala ve onun ardından parantez içinde yazan yamayı dışarıda bırak.
A diagnostic report is already being saved.	Bir tanılama raporu zaten kaydediliyor.
A file named %1$s in %2$s paused HushTelegram.	%2$s içindeki %1$s adlı bir dosya HushTelegram'u duraklattı.
About	Hakkında
Android 11 and older don't say which links open here. Tap to open this app's settings, then Open by default.	Android 11 ve öncesi burada hangi bağlantıların açıldığını bildirmez. Bu uygulamanın ayarlarını açmak için dokunun, ardından Varsayılan olarak aç'a gidin.
Back	Geri
Cancel	İptal
Choose a settings file. Before anything is imported, you'll see how many switches it changes. What you import applies to all the accounts in this Telegram app.	Bir ayar dosyası seç. İçe aktarmadan önce kaç anahtarın değişeceğini görürsün. İçe aktardıkların bu Telegram uygulamasındaki tüm hesaplar için geçerli olur.
Clear diagnostic data	Tanılama verilerini temizle
Copy a quick report or save the full one to Download/Morphe. Links, IDs, cookies and sign-in tokens are left out. Check it for other private text before you share it.	Kısa raporu kopyala veya tam raporu Download/Morphe konumuna kaydet. Bağlantılar, kimlikler, çerezler ve oturum belirteçleri çıkarılır. Paylaşmadan önce başka özel bilgi olup olmadığına bak.
Copy quick report	Hızlı raporu kopyala
Couldn't import the settings, and couldn't put back the ones you had. Check the switches on this screen.	Ayarlar içe aktarılamadı ve önceki ayarların geri yüklenemedi. Bu ekrandaki anahtarları kontrol et.
Couldn't import the settings. Nothing was changed.	Ayarlar içe aktarılamadı. Hiçbir şey değiştirilmedi.
Couldn't open that file. Nothing was changed.	Bu dosya açılamadı. Hiçbir şey değiştirilmedi.
Couldn't open the file picker. Try again.	Dosya seçici açılamadı. Tekrar dene.
Couldn't put back the diagnostic data. Try again.	Tanılama verileri geri getirilemedi. Tekrar dene.
Couldn't save the settings file. Try again.	Ayar dosyası kaydedilemedi. Tekrar dene.
Couldn't start that. Try again in a moment.	Bu işlem başlatılamadı. Birazdan tekrar dene.
Couldn't start the report export. Try again shortly.	Rapor dışa aktarımı başlatılamadı. Birazdan tekrar dene.
Couldn't turn HushTelegram back on. Try again.	HushTelegram yeniden açılamadı. Tekrar dene.
Debug logging	Hata ayıklama günlüğü
Diagnostic data cleared. Tap again to put it back.	Tanılama verileri temizlendi. Geri getirmek için tekrar dokun.
Diagnostic data put back.	Tanılama verileri geri getirildi.
Diagnostic report copied to the clipboard.	Tanılama raporu panoya kopyalandı.
Empties the log and the hook findings a report would include.	Bir raporun içereceği günlüğü ve hook bulgularını boşaltır.
Every switch but Debug logging acts as if it were off, and what was set when you patched stays in. Your settings stay as they are.	Hata ayıklama günlüğü dışındaki her anahtar kapalıymış gibi davranır, yamaladığında ayarlananlar ise devrede kalır. Ayarların olduğu gibi kalır.
Export diagnostic report	Tanılama raporunu dışa aktar
Export settings	Ayarları dışa aktar
From the next start, every switch but Debug logging acts as if it were off. Changes made when you patched stay in, and your choices stay saved.	Sonraki açılıştan itibaren Hata ayıklama günlüğü dışındaki her anahtar kapalıymış gibi davranır. Yamaladığında ayarlananlar devrede kalır ve tercihlerin kayıtlı kalır.
Hide ads	Reklamları gizle
Links, updates, backup and more	Bağlantılar, güncellemeler, yedekleme ve daha fazlası
Privacy	Gizlilik
Save your switches to a file. They cover all the accounts in this Telegram app. Pause and Debug logging aren't included, and neither is the release check.	Anahtarlarını bir dosyaya kaydet. Anahtarlar bu Telegram uygulamasındaki tüm hesaplar için geçerlidir. Duraklatma ve Hata ayıklama günlüğü dahil edilmez, sürüm denetimi de edilmez.
Settings exported. The app holding the file wouldn't let HushTelegram read it back, so it wasn't checked.	Ayarlar dışa aktarıldı. Dosyayı tutan uygulama HushTelegram'un onu geri okumasına izin vermedi, bu yüzden kontrol edilmedi.
The app holding that file is taking too long, so HushTelegram stopped waiting. Nothing was changed.	O dosyayı tutan uygulama çok uzun sürüyor, bu yüzden HushTelegram beklemeyi bıraktı. Hiçbir şey değiştirilmedi.
The app holding the last settings file still hasn't answered. Try again later.	Son ayar dosyasını tutan uygulama hâlâ yanıt vermedi. Daha sonra tekrar dene.
The app holding the settings file is taking too long, so HushTelegram stopped waiting. That app may still finish saving it, so check the file before you rely on it.	Ayar dosyasını tutan uygulama çok uzun sürüyor, bu yüzden HushTelegram beklemeyi bıraktı. O uygulama kaydetmeyi yine de bitirebilir, bu yüzden dosyaya güvenmeden önce onu kontrol et.
The file %1$s couldn't be removed. Delete it from %2$s, then tap Resume again.	%1$s dosyası kaldırılamadı. Onu %2$s içinden sil, sonra yeniden Devam et'e dokun.
The settings file was saved, but it doesn't read back as what was written. Save it again as a new file.	Ayar dosyası kaydedildi, ancak geri okunduğunda yazılanla aynı değil. Yeni bir dosya olarak tekrar kaydet.
Until you resume, every switch but Debug logging acts as if it were off. Changes made when you patched stay in.	Devam ettirene kadar Hata ayıklama günlüğü dışındaki her anahtar kapalıymış gibi davranır. Yamaladığında ayarlananlar devrede kalır.
Full report saved to %1$s	Tam rapor şuraya kaydedildi: %1$s
GPL-3.0, with the notices of the projects this is built on	GPL-3.0, üzerine kurulduğu projelerin lisans bildirimleriyle
HushTelegram is on	HushTelegram açık
HushTelegram is paused	HushTelegram duraklatıldı
HushTelegram settings	HushTelegram ayarları
HushTelegram settings couldn't open	HushTelegram ayarları açılamadı
Import	İçe aktar
Import settings	Ayarları içe aktar
Importing settings	Ayarlar içe aktarılıyor
Licenses	Lisanslar
Links	Bağlantılar
OK	Tamam
Pause HushTelegram	HushTelegram'u duraklat
Reading the settings file	Ayar dosyası okunuyor
Retry	Yeniden dene
Save full report	Tam raporu kaydet
# The release check: its switch and Check now row under Updates, the status card's line about a newer release, and what a failed try says.
Check for new HushTelegram releases	Yeni HushTelegram sürümlerini denetle
Ask GitHub once a day when Telegram starts, and show a newer release at the top of these settings. Off by default. Nothing is downloaded.	Telegram açıldığında günde bir kez GitHub'ı kontrol eder ve daha yeni bir sürümü bu ayarların en üstünde gösterir. Varsayılan olarak kapalıdır. Hiçbir şey indirilmez.
Check now	Şimdi denetle
Asks GitHub for the newest release right now, even with the switch above off.	Yukarıdaki anahtar kapalı olsa bile GitHub'a en yeni sürümü hemen sorar.
Checking GitHub now.	GitHub şu anda denetleniyor.
HushTelegram %1$s is out. Update it in Morphe Manager.	HushTelegram %1$s çıktı. Morphe Manager'da güncelle.
You have the newest HushTelegram release.	En yeni HushTelegram sürümünü kullanıyorsun.
The newest HushTelegram release is %1$s.	En yeni HushTelegram sürümü %1$s.
Couldn't reach GitHub. Try again later.	GitHub'a ulaşılamadı. Daha sonra tekrar dene.
GitHub is turning away checks from this network for now. Try again later.	GitHub şu an bu ağdan gelen sorguları geri çeviriyor. Daha sonra tekrar dene.
GitHub's answer couldn't be used. Try again later.	GitHub'ın yanıtı kullanılamadı. Daha sonra tekrar dene.
Saving the settings file	Ayar dosyası kaydediliyor
Set when you patched	Yamaladığında ayarlananlar
Settings couldn't open	Ayarlar açılamadı
Settings couldn't refresh completely. Reopen settings and try again.	Ayarlar tamamen yenilenemedi. Ayarları yeniden açıp tekrar dene.
Settings exported.	Ayarlar dışa aktarıldı.
Settings imported. %1$d switch changed.	Ayarlar içe aktarıldı. %1$d anahtar değişti.
Settings imported. %1$d switches changed.	Ayarlar içe aktarıldı. %1$d anahtar değişti.
Source code and issues	Kaynak kodu ve sorunlar
Stays in while paused	Duraklatılsa da devrede kalır
Tap to turn it back on.	Yeniden açmak için dokun.
That file is too large to be a settings file. Nothing was changed.	Bu dosya bir ayar dosyası olamayacak kadar büyük. Hiçbir şey değiştirilmedi.
That file isn't readable text, so it may have been damaged on the way. Nothing was changed.	Bu dosya okunabilir bir metin değil, aktarım sırasında hasar görmüş olabilir. Hiçbir şey değiştirilmedi.
That file lists a setting twice, so there's no telling which value to use. Nothing was changed.	Bu dosyada bir ayar iki kez geçiyor, bu yüzden hangi değerin kullanılacağı belli değil. Hiçbir şey değiştirilmedi.
That isn't a HushTelegram settings file. Nothing was changed.	Bu bir HushTelegram ayar dosyası değil. Hiçbir şey değiştirilmedi.
That settings file holds a value HushTelegram can't read. Nothing was changed.	Bu ayar dosyasında HushTelegram'un okuyamadığı bir değer var. Hiçbir şey değiştirilmedi.
That settings file is damaged or only partly downloaded. Nothing was changed.	Bu ayar dosyası hasarlı ya da yalnızca bir kısmı indirilmiş. Hiçbir şey değiştirilmedi.
That settings file was written by a newer HushTelegram than this one. Nothing was changed.	Bu ayar dosyası, HushTelegram'un bu sürümünden daha yeni bir sürümüyle oluşturulmuş. Hiçbir şey değiştirilmedi.
The diagnostic report couldn't be saved yet. Try again in a moment.	Tanılama raporu henüz kaydedilemedi. Birazdan tekrar dene.
The diagnostic report couldn't be saved. Try again.	Tanılama raporu kaydedilemedi. Tekrar dene.
The file %1$s couldn't be removed. Delete it from %2$s to turn HushTelegram back on.	%1$s dosyası kaldırılamadı. HushTelegram'u yeniden açmak için onu %2$s içinden sil.
The setting couldn't finish updating. Its saved value is shown.	Ayarın güncellenmesi tamamlanamadı. Kayıtlı değeri gösteriliyor.
There's no diagnostic data to clear.	Temizlenecek tanılama verisi yok.
There's no diagnostic data to put back.	Geri getirilecek tanılama verisi yok.
This phone has no file picker, so there's no way to choose a file here.	Bu telefonda dosya seçici yok, bu yüzden burada dosya seçmenin bir yolu yok.
Version	Sürüm
Record patch activity and show errors for a bug report. Leave off during normal use.	Hata raporu için yama etkinliğini kaydeder ve hataları gösterir. Normal kullanımda kapalı bırakın.
You paused HushTelegram.	HushTelegram'u duraklattın.
Your switches already match that file, so nothing will change.	Anahtarların zaten o dosyayla aynı, bu yüzden hiçbir şey değişmeyecek.
Copy a short report to the clipboard.	Kısa raporu panoya kopyalar.
Save the full report in Download/Morphe.	Tam raporu Download/Morphe konumuna kaydeder.
Settings imported.	Ayarlar içe aktarıldı.
No app on this phone can open the link. The address is %1$s.	Bu telefondaki hiçbir uygulama bağlantıyı açamıyor. Adres: %1$s.
# context: Separate pages under More settings. Settings backup contains export and import; Diagnostics contains logging and diagnostic data controls.
Settings backup	Ayar yedeği
Diagnostics	Tanılama
Updates	Güncellemeler
Jump to a section	Bir bölüme git
Go straight to one group of settings. Back returns to where you were.	Doğrudan bir ayar grubuna git. Geri, bulunduğun yere döndürür.
Browse settings	Ayarları keşfet
More settings	Diğer ayarlar
No matching settings	Eşleşen ayar yok
%1$d setting found	%1$d ayar bulundu
%1$d settings found	%1$d ayar bulundu
Try a different word or clear the search.	Başka bir kelime deneyin veya aramayı temizleyin.
Search settings	Ayarlarda ara
Clear search	Aramayı temizle
Your controls are active.	Kontrolleriniz etkin.
Pause	Duraklat
Resume	Devam et
Undo	Geri al

# context: Links section, the Supported links row. It reads Android's own per-app selection of Telegram's web addresses (Android 12 and later) and opens Android's Open by default page for this app. Use the phone's own names for Open supported links, Open by default and App info.
Supported links	Desteklenen bağlantılar
Opening supported links is off for this app in Android's settings. Tap to turn it on.	“Desteklenen bağlantıları aç” Android ayarlarında bu uygulama için kapalı. Açmak için dokunun.
Android didn't say which links open here. Tap to check in Android's settings.	Android burada hangi bağlantıların açıldığını bildirmedi. Android ayarlarında kontrol etmek için dokunun.
Selecting links by hand	Bağlantıları elle seçme

A change here applies after Telegram restarts.	Buradaki bir değişiklik Telegram yeniden başladıktan sonra geçerli olur.
Android opens t.me links in an app only when its addresses are selected for that app. Selecting them sends their links here, and your other link settings stay as they are.	Android, t.me bağlantılarını yalnızca bir uygulamanın adresleri o uygulama için seçiliyse o uygulamada açar. Onları seçmek bağlantılarını buraya gönderir ve diğer bağlantı ayarlarınız olduğu gibi kalır.
Android verified this app for Telegram's web addresses, so their links open here.	Android bu uygulamayı Telegram'ın web adresleri için doğruladı, bu yüzden bağlantıları burada açılır.
Android's settings for this app didn't open. Open App info from Telegram's icon, then Open by default.	Bu uygulamanın Android ayarları açılamadı. Telegram simgesinden Uygulama bilgileri'ni, ardından Varsayılan olarak aç'ı açın.
Channels show no sponsored messages, search shows no sponsored accounts, and videos play without ads. Telegram never asks for them, so none are counted as seen.	Kanallarda sponsorlu mesaj, aramada sponsorlu hesap gösterilmez ve videolar reklamsız oynar. Telegram bunları hiç istemez, bu yüzden hiçbiri görüntülenmiş sayılmaz.
Chats	Sohbetler
HushTelegram %1$s on Telegram %2$s	Telegram %2$s üzerinde HushTelegram %1$s
HushTelegram %1$s targets Telegram %2$s.	HushTelegram %1$s, Telegram %2$s için hazırlandı.
HushTelegram pauses when Telegram restarts.	HushTelegram, Telegram yeniden başladığında duraklatılır.
HushTelegram turns back on when Telegram restarts.	HushTelegram, Telegram yeniden başladığında tekrar açılır.
It targets Telegram %1$s.	Telegram %1$s için hazırlandı.
None of Telegram's web addresses are selected for this app, so their links open elsewhere. Tap to select them in Android's settings.	Telegram'ın web adreslerinden hiçbiri bu uygulama için seçili değil, bu yüzden bağlantıları başka yerde açılır. Android ayarlarında seçmek için dokunun.
Only some of Telegram's web addresses are selected for this app, and links to the rest open elsewhere. Tap to select them in Android's settings.	Telegram'ın web adreslerinden yalnızca bazıları bu uygulama için seçili ve diğerlerinin bağlantıları başka yerde açılır. Android ayarlarında seçmek için dokunun.
Saved. Restart Telegram to apply this change.	Kaydedildi. Bu değişikliği uygulamak için Telegram'ı yeniden başlat.
Ads in channels and search	Kanallarda ve aramada reklamlar
Ads in channels	Kanallarda reklamlar
Ads in search	Aramada reklamlar
%1$s, and more	%1$s ve fazlası
Stop usage reports	Kullanım raporlarını durdur
# context: Immutable hook coverage shown when a patch has missing targets.
channel ads	kanal reklamları
video ads	video reklamları
search ads	arama reklamları
device statistics reports	cihaz istatistik raporları
channel read metrics	kanal okuma ölçümleri
This build has no coverage for %1$s.	Bu derleme %1$s için kapsam sağlamaz.
This build covers %1$s. Missing coverage: %2$s.	Bu derlemenin kapsamı: %1$s. Eksik kapsam: %2$s.
Telegram crashed or froze within a minute of starting three times in a row, so HushTelegram paused itself.	Telegram açıldıktan sonraki bir dakika içinde üst üste üç kez çöktü veya dondu, bu yüzden HushTelegram kendini duraklattı.
Telegram's web addresses are selected for this app in Android's settings, so their links open here.	Telegram'ın web adresleri Android ayarlarında bu uygulama için seçili, bu yüzden bağlantıları burada açılır.
Usage reports and call diagnostics	Kullanım raporları ve arama tanılamaları
Usage reports	Kullanım raporları
Call diagnostics	Arama tanılamaları
Try again, or go back to Telegram.	Tekrar dene veya Telegram'a geri dön.
Turn off Telegram's update checks	Telegram'ın güncelleme kontrollerini kapat
Your choices are saved. Tap Resume, then restart Telegram.	Tercihleriniz kayıtlı. Devam et'e dokunun, sonra Telegram'ı yeniden başlatın.
Telegram stops offering updates from telegram.org. Those can't install over this patched build, so patch each new version in Morphe Manager instead.	Telegram, telegram.org güncellemelerini sunmayı bırakır. Bunlar bu yamalı sürümün üzerine kurulamaz, bu yüzden her yeni sürümü Morphe Manager'da yamala.
No HushTelegram release is out yet.	Henüz bir HushTelegram sürümü yayınlanmadı.
Hide recommendations	Önerileri gizle
Hides similar channels and bots, including cached recommendations. Telegram doesn't ask for new recommendations while the switch is on.	Benzer kanalları ve botları, kayıtlı öneriler dahil gizler. Anahtar açıkken Telegram yeni öneri istemez.
similar channels and bots	benzer kanallar ve botlar
cached recommendations	kayıtlı öneriler
Stop call diagnostics	Arama tanılamalarını durdur
Stops automatic call debug reports and log-file uploads requested by Telegram's server.	Telegram sunucusunun istediği otomatik arama hata ayıklama raporlarını ve günlük dosyası yüklemelerini durdurur.
call debug reports	arama hata ayıklama raporları
call log file uploads	arama günlük dosyası yüklemeleri
call log reports	arama günlük raporları
Hide Premium, gifts and Stars	Premium, hediyeler ve Stars'ı gizle
Hides Premium, Stars, My Grams, Business and Send a Gift in Settings, profile Gifts tabs and the channel Gift button. Purchases and account controls keep their usual behavior.	Ayarlar'daki Premium, Stars, My Grams, Business ve Hediye Gönder seçeneklerini, profillerdeki Hediyeler sekmelerini ve kanallardaki Hediye düğmesini gizler. Satın almalar ve hesap kontrolleri eskisi gibi çalışır.
Settings sales rows	Ayarlar'daki satış seçenekleri
profile Gifts tabs	profil Hediyeler sekmeleri
channel Gift button	kanal Hediye düğmesi
Hide promotional banners	Tanıtım afişlerini gizle
Hides Premium, birthday and low Stars balance banners in the chat list. Account security notices and other suggestions remain. Nothing is dismissed for you.	Sohbet listesinde Premium, doğum günü ve düşük Stars bakiyesi afişlerini gizler. Hesap güvenliği bildirimleri ve diğer öneriler gösterilmeye devam eder. Hiçbir şey sizin adınıza kapatılmaz.
promotional suggestions	tanıtım önerileri
birthday gift banner	doğum günü hediyesi afişi
Hide sponsored proxy channel	Proxy'nin sponsorlu kanalını gizle
Hides a proxy's sponsored channel from the chat list and folders. Leaves proxy settings and shared promo-data updates alone.	Bir proxy'nin sponsorlu kanalını sohbet listesinden ve klasörlerden gizler. Proxy ayarlarını ve paylaşılan tanıtım verisi güncellemelerini olduğu gibi bırakır.
cached proxy channel	kayıtlı proxy kanalı
cached proxy folder entries	klasörlerdeki kayıtlı proxy girdileri
Open links externally	Bağlantıları harici tarayıcıda aç
Opens ordinary HTTP(S) links in your browser. Telegram links, login, payment and authenticated routes keep their existing behavior.	Normal HTTP(S) bağlantılarını tarayıcınızda açar. Telegram bağlantıları ile oturum açma, ödeme ve kimlik doğrulama yollarının mevcut davranışı korunur.
Strip link tracking	Bağlantı takibini kaldır
Optional local cleaning at link-open and Share Link chooser sites. Removes only utm_source, utm_medium, utm_campaign, utm_term, utm_content, gclid and fbclid. Any unknown query key preserves the entire URL. Off by default in settings.	Bağlantı açarken ve Bağlantıyı Paylaş seçicisinde isteğe bağlı yerel temizleme. Yalnızca utm_source, utm_medium, utm_campaign, utm_term, utm_content, gclid ve fbclid kaldırılır. Bilinmeyen herhangi bir sorgu anahtarı varsa URL'nin tamamı korunur. Ayarlarda varsayılan olarak kapalıdır.
external browser routing	harici tarayıcıya yönlendirme
opened link tracking	açılan bağlantıların takibi
shared link tracking	paylaşılan bağlantıların takibi
Telegram doesn't send its storage-type statistic when its server asks, or how long you spent on each channel post. It also stops reports about Premium screen views, feature taps, accepts and purchase failures. Messages and calls work as before.	Telegram, sunucusu istediğinde depolama türü istatistiğini veya her kanal gönderisinde ne kadar kaldığınızı göndermez. Premium ekran görüntülemeleri, özelliklere dokunmalar, kabul işlemleri ve satın alma hatalarıyla ilgili raporları da durdurur. Mesajlar ve aramalar eskisi gibi çalışır.
Premium promo views	Premium tanıtım görüntülemeleri
Premium promo taps	Premium tanıtım dokunuşları
Premium promo accepts	Premium tanıtım onayları
Premium promo failures	Premium tanıtım hataları
Accounts	Hesaplar
Every switch here applies to all the accounts in this Telegram app, not only the one you have open.	Buradaki her anahtar yalnızca açık olan hesap için değil, bu Telegram uygulamasındaki tüm hesaplar için geçerlidir.
No previews before sending	Göndermeden önce önizleme yok
Telegram doesn't ask its server for a link preview while a message is still unsent. That covers chats, the share sheet, polls, story links and bot shares. Sent messages still get their preview. Off by default in settings.	Telegram, bir mesaj henüz gönderilmemişken sunucusundan bağlantı önizlemesi istemez. Bu kural sohbetler, paylaşım sayfası, anketler, hikâye bağlantıları ve botların paylaştığı mesajlar için geçerlidir. Gönderilen mesajlar önizlemelerini almaya devam eder. Ayarlarda varsayılan olarak kapalıdır.
Draft link previews	Taslaklarda bağlantı önizlemeleri
chat drafts	sohbet taslakları
share sheet comments	paylaşım sayfası yorumları
poll links	anket bağlantıları
story links	hikâye bağlantıları
bot shares	botların paylaştığı mesajlar
Camera only on tap	Kamera yalnızca dokununca
Opening the attachment gallery doesn't start the camera or ask for camera access. Tap the camera tile to start it. Off by default in settings.	Ek galerisini açmak kamerayı başlatmaz ve kamera erişimi istemez. Başlatmak için kamera kutucuğuna dokunun. Ayarlarda varsayılan olarak kapalıdır.
Gallery camera	Galeri kamerası
No swipe actions on chats	Sohbetlerde kaydırma eylemi yok
A sideways swipe on a chat in the chat list no longer archives, mutes, pins, deletes or marks it read, so a stray swipe can't change the chat. Long-press still has every action. Off by default in settings.	Sohbet listesinde bir sohbeti yana kaydırmak artık onu arşivlemez, sessize almaz, sabitlemez, silmez veya okundu olarak işaretlemez, böylece yanlışlıkla yapılan bir kaydırma sohbeti değiştirmez. Uzun basma tüm eylemleri sunmaya devam eder. Ayarlarda varsayılan olarak kapalıdır.
Hide popular apps	Popüler uygulamaları gizle
Search's Apps tab skips Telegram's Popular apps list, with its heading and loading rows, and Telegram doesn't ask for it. Apps you've opened and other results stay.	Aramadaki Uygulamalar sekmesi, Telegram'ın Popüler uygulamalar listesini başlığı ve yükleme satırlarıyla birlikte atlar ve Telegram bu listeyi istemez. Açtığınız uygulamalar ve diğer sonuçlar kalır.
Hide contacts on Telegram	Telegram'daki kişileri gizle
A short chat list no longer lists your contacts on Telegram under it, with their heading and loading rows. Your chats, folders, contact sync and search stay. Off by default in settings.	Kısa bir sohbet listesi, altında Telegram'daki kişilerinizi başlığı ve yükleme satırlarıyla artık göstermez. Sohbetleriniz, klasörleriniz, kişi senkronizasyonu ve arama kalır. Ayarlarda varsayılan olarak kapalıdır.
Hide greeting stickers	Selamlama çıkartmalarını gizle
An empty private chat no longer offers a sticker to send as a greeting. Its text, business introductions, paid-message notices and the sticker picker stay. Off by default in settings.	Boş bir özel sohbet artık selamlama olarak gönderilecek bir çıkartma önermez. Metni, işletme tanıtımları, ücretli mesaj bildirimleri ve çıkartma seçici kalır. Ayarlarda varsayılan olarak kapalıdır.
Quiet contacts prompts	Kişi isteklerini sustur
Once you've said no to contacts access, the Contacts tab stops asking again and its warning badge goes away. The first request, the tab's own buttons and contact sync stay.	Kişilere erişimi reddettikten sonra Kişiler sekmesi yeniden sormaz ve uyarı rozeti kaybolur. İlk istek, sekmenin kendi düğmeleri ve kişi eşitleme aynı kalır.

New Year look all year	Yıl boyu yılbaşı görünümü
Telegram's Santa hat sits on the chat list logo, and New Year snow falls every day over the chat list's top bar and, with animated chat backgrounds on, over chat backgrounds. Off by default in settings.	Telegram'ın Noel Baba şapkası sohbet listesi logosunun üzerinde görünür. Yılbaşı karı her gün sohbet listesinin üst çubuğuna, animasyonlu sohbet arka planları açıkken de sohbet arka planlarına yağar. Ayarlarda varsayılan olarak kapalıdır.
Use system font	Sistem yazı tipini kullan
Bold and italic text stops using the Roboto files built into Telegram and takes your phone's font, the one regular text already uses. Code takes the phone's monospace font. Some number displays and Instant View pages keep Telegram's own. Off by default in settings.	Kalın ve italik metin, Telegram'a gömülü Roboto dosyaları yerine telefonunuzun yazı tipini kullanır. Normal metin zaten onu kullanıyor. Kod, telefonun eş aralıklı yazı tipini kullanır. Bazı sayı göstergeleri ve Instant View sayfaları Telegram'ın kendi yazı tipini korur. Ayarlarda varsayılan olarak kapalıdır.
AMOLED black	AMOLED siyahı
Telegram's Night and Dark themes draw their screens in pure black, and a patterned chat background shows its pattern over black. Message bubbles and pop-up menus keep their colors, and themes you've installed from a file stay as they are. Off by default in settings.	Telegram'ın Gece ve Koyu temaları ekranları saf siyah gösterir, desenli sohbet arka planı da desenini siyahın üzerinde gösterir. Mesaj balonları ve açılır menüler renklerini korur, dosyadan yüklenen temalar olduğu gibi kalır. Ayarlarda varsayılan olarak kapalıdır.
Hide translate bar	Çeviri çubuğunu gizle
Chats in another language stop showing Telegram's translate bar at the top, and Translate moves to the chat's menu. A chat you're translating keeps its bar so you can go back to the original. Off by default in settings.	Başka dildeki sohbetler üstte Telegram'ın çeviri çubuğunu artık göstermez ve Çevir, sohbetin menüsüne taşınır. Çevirdiğiniz bir sohbet, orijinale dönebilmeniz için çubuğunu korur. Ayarlarda varsayılan olarak kapalıdır.
Exact numbers	Sayıları tam göster
Member, subscriber, view, reply and reaction counts show the full number, like 12,345 instead of 12.3K. Off by default in settings.	Üye, abone, görüntülenme, yanıt ve tepki sayıları kısaltılmadan gösterilir, örneğin 12.3K yerine 12,345. Ayarlarda varsayılan olarak kapalıdır.
Reveal spoilers	Spoilerları göster
Spoiler text, photos and videos show right away instead of waiting for a tap. View-once media, sensitive content and login codes stay covered, and text you're typing keeps its spoiler. Off by default in settings.	Spoiler metinleri, fotoğrafları ve videoları dokunmana gerek kalmadan hemen görünür. Tek görüntülemelik medya, hassas içerik ve giriş kodları kapalı kalır, yazdığın metin de spoiler’ını korur. Ayarlarda varsayılan olarak kapalıdır.
Hide keyboard on scroll	Kaydırınca klavyeyi gizle
Starting to scroll through a chat closes the keyboard, the way Telegram already does while you search a chat. Telegram's emoji and sticker panel stays open. Off by default in settings.	Bir sohbette kaydırmaya başlamak klavyeyi kapatır, tıpkı Telegram’ın sohbet içinde arama yaparken yaptığı gibi. Telegram’ın emoji ve çıkartma paneli açık kalır. Ayarlarda varsayılan olarak kapalıdır.
Keep videos muted on volume keys	Ses tuşlarında videoları sessiz tut
Volume keys in a chat change the volume instead of playing the video or round video on screen with sound. Tap a video to hear it. Off by default in settings.	Bir sohbetteki ses tuşları, ekrandaki videoyu veya yuvarlak videoyu sesli oynatmak yerine sesi değiştirir. Duymak için videoya dokun. Ayarlarda varsayılan olarak kapalıdır.
Swipe back on profiles	Profillerde geri kaydır
A swipe to the right on a profile's photos or media tabs goes back, like it does on the rest of the profile, instead of showing the previous photo or tab. Swiping left still moves forward. Off by default in settings.	Bir profilin fotoğraflarında veya medya sekmelerinde sağa kaydırmak, önceki fotoğrafı veya sekmeyi göstermek yerine profilin geri kalanında olduğu gibi geri gider. Sola kaydırmak yine ileri gider. Ayarlarda varsayılan olarak kapalıdır.
Hide phone number	Telefon numarasını gizle
Your own phone number shows as dots in the side menu, Settings, your profile and anywhere else Telegram displays it, which helps with screenshots and screen sharing. Other people's numbers stay visible. Off by default in settings.	Kendi telefon numaran yan menüde, Ayarlarda, profilinde ve Telegram'ın gösterdiği her yerde nokta olarak görünür. Ekran görüntüleri ve ekran paylaşımı için kullanışlıdır. Başkalarının numaraları görünür kalır. Ayarlarda varsayılan olarak kapalıdır.
Message times with seconds	Saniyeli mesaj saati
The time on each message shows seconds too, like 9:41:27 PM, so messages sent close together are easy to tell apart. Off by default in settings.	Her mesajın saati saniyeleri de gösterir, örneğin 21:41:27, böylece art arda gönderilen mesajlar kolayca ayırt edilir. Ayarlarda varsayılan olarak kapalıdır.
Allow chat blur on slower phones	Daha yavaş telefonlarda sohbet bulanıklığına izin ver
Telegram only blurs the chat header and panels on phones it rates as fast. This lets any phone use it once Blur in chat is on under Power saving. Off by default in settings.	Telegram sohbet başlığını ve panelleri yalnızca hızlı saydığı telefonlarda bulanıklaştırır. Bu, Güç tasarrufu altında Sohbette bulanıklık açıldığında her telefonun bunu kullanmasını sağlar. Ayarlarda varsayılan olarak kapalıdır.
Play voice messages one at a time	Sesli mesajları tek tek oynat
When a voice or video message ends, the next one in the chat doesn't start on its own. Off by default in settings.	Bir sesli ya da görüntülü mesaj bittiğinde sohbetteki sonraki kendiliğinden başlamaz. Ayarlarda varsayılan olarak kapalıdır.
Turn off haptic feedback	Dokunsal geri bildirimi kapat
Taps, long presses, swipes and wrong entries in Telegram stop vibrating the phone. Incoming calls still vibrate, and notifications vibrate the way you set them. Off by default in settings.	Telegram'da dokunmalar, uzun basmalar, kaydırmalar ve hatalı girişler artık telefonu titreştirmez. Gelen aramalar titremeye devam eder, bildirimler de ayarladığınız gibi titrer. Ayarlarda varsayılan olarak kapalıdır.
Turn off reaction effects	Tepki efektlerini kapat
When you or someone else reacts to a message, the emoji no longer flies across the screen and bursts. The reaction still shows on the message. Off by default in settings.	Siz ya da başka biri bir mesaja tepki verdiğinde emoji artık ekranda uçup patlamaz. Tepki yine mesajda görünür. Ayarlarda varsayılan olarak kapalıdır.
Hide folder tab counters	Klasör sekmesi sayaçlarını gizle
The folder tabs above the chat list show just their names, without the number of unread chats. Chats stay unread and the app icon's badge doesn't change. Off by default in settings.	Sohbet listesinin üstündeki klasör sekmeleri okunmamış sohbet sayısı olmadan yalnızca adlarını gösterir. Sohbetler okunmamış kalır ve uygulama simgesindeki rozet değişmez. Ayarlarda varsayılan olarak kapalıdır.
Hide sender names when forwarding	İletirken gönderen adlarını gizle
Each new forward starts with Telegram's Hide sender's name option turned on, so the copies arrive without the original author. You can still turn it off before sending, and article forwards follow Telegram's Premium rule. Off by default in settings.	Her yeni iletme, Telegram'ın Gönderen adını gizle seçeneği açık olarak başlar, böylece kopyalar asıl gönderen olmadan ulaşır. Göndermeden önce yine kapatabilirsiniz, makaleler ise Telegram'ın Premium kuralına uyar. Ayarlarda varsayılan olarak kapalıdır.
Voice messages in the music player	Sesli mesajlar müzik çalarda
While a voice message plays, tapping the bar above the chat opens Telegram's full music player with its seek bar, instead of jumping to the message. View-once voice messages stay as they are. Off by default in settings.	Bir sesli mesaj çalarken sohbetin üstündeki çubuğa dokunduğunuzda, mesaja atlamak yerine Telegram'ın arama çubuklu tam müzik çaları açılır. Tek seferlik sesli mesajlar olduğu gibi kalır. Ayarlarda varsayılan olarak kapalıdır.
Silence people outside your contacts	Kişileriniz dışındakileri sessize al
A private message from someone who isn't in your contacts still shows a notification, just without sound or vibration. Bots, reminders and Telegram's login codes keep their sound. Off by default in settings.	Kişileriniz arasında olmayan birinden gelen özel mesaj yine bildirim gösterir, yalnızca sessiz ve titreşimsiz. Botlar, hatırlatıcılar ve Telegram giriş kodları seslerini korur. Ayarlarda varsayılan olarak kapalıdır.
Disable pull to archive	Arşive çekmeyi kapat
Pulling down the chat list no longer brings up a hidden archive. You can open it from Archived chats in the chat list's menu, or pin it to keep it in the list. Off by default in settings.	Sohbet listesini aşağı çektiğinizde gizli arşiv artık görünmez. Arşivi sohbet listesinin menüsündeki Arşivlenmiş sohbetler ile açabilir ya da listede kalması için sabitleyebilirsiniz. Ayarlarda varsayılan olarak kapalıdır.
Start the camera on the rear lens	Kamerayı arka lensle başlat
The camera in the attachment menu starts on the rear lens every time you open it, instead of the lens you used last. You can still flip it while it's open. Off by default in settings.	Ek menüsündeki kamera, en son kullandığınız lens yerine her seferinde arka lensle açılır. Kamera açıkken yine de lensi değiştirebilirsiniz. Ayarlarda varsayılan olarak kapalıdır.
Hide gallery camera tile	Galerideki kamera kutucuğunu gizle
The photo grid in the attachment menu starts with your photos instead of a live camera tile. A chat picks it up the next time you open it. Off by default in settings.	Ek menüsündeki fotoğraf ızgarası canlı kamera kutucuğu yerine fotoğraflarınızla başlar. Bir sohbet bunu, onu bir sonraki açışınızda uygular. Ayarlarda varsayılan olarak kapalıdır.
Hide time on stickers	Çıkartmalarda saati gizle
Stickers and big animated emoji no longer carry the time and read checks in their corner. Every other message keeps its time. Off by default in settings.	Çıkartmalar ve büyük animasyonlu emojiler köşelerinde artık saati ve okundu işaretlerini göstermez. Diğer mesajlar saatlerini korur. Ayarlarda varsayılan olarak kapalıdır.
Ignore mentions in muted chats	Sessize alınmış sohbetlerdeki bahsetmeleri yok say
Telegram still notifies you when someone mentions you or replies to you in a group or channel you've muted. With this on, those stay as quiet as the rest of the chat. Chats you haven't muted notify as before. Off by default in settings.	Telegram, sessize aldığınız bir grupta ya da kanalda biri sizden bahsettiğinde veya size yanıt verdiğinde yine de bildirim gönderir. Bu açıkken bunlar da sohbetin geri kalanı kadar sessiz kalır. Sessize almadığınız sohbetler eskisi gibi bildirim gönderir. Ayarlarda varsayılan olarak kapalıdır.
Hide blocked users in groups	Gruplarda engellenen kullanıcıları gizle
Messages from people you've blocked are left out of the groups and supergroups you open. Private chats and channel posts stay as they are. Nothing is deleted, so turning it off and reopening the chat brings them back. Telegram loads a long blocked list a bit at a time, so someone it hasn't loaded yet still shows. Off by default in settings.	Engellediğiniz kişilerin mesajları açtığınız gruplarda ve süper gruplarda gösterilmez. Özel sohbetler ve kanal gönderileri olduğu gibi kalır. Hiçbir şey silinmez, bu yüzden kapatıp sohbeti yeniden açtığınızda mesajlar geri gelir. Telegram uzun bir engellenenler listesini parça parça yükler, bu yüzden henüz yüklemediği biri görünmeye devam eder. Ayarlarda varsayılan olarak kapalıdır.
Hide Telegram Features and Invite Friends	Telegram Özellikleri ve Arkadaşlarını Davet Et satırlarını gizle
Settings drops its Telegram Features row and Contacts drops Invite Friends. When you have no contacts yet, the invite list Contacts shows in their place goes too. Off by default in settings.	Ayarlar'da Telegram Özellikleri satırı, Kişiler'de ise Arkadaşlarını Davet Et satırı görünmez. Henüz hiç kişiniz yoksa Kişiler'in onların yerine gösterdiği davet listesi de kaldırılır. Ayarlarda varsayılan olarak kapalıdır.
Add Repeat to the message menu	Mesaj menüsüne Tekrarla ekle
Puts Repeat under Forward in a message's long-press menu. It sends the message again to the same chat as a new message from you. It only shows where Telegram offers Forward and you can write, so it won't appear in protected or secret chats. Off by default in settings.	Bir mesaja uzun bastığınızda açılan menüde İlet'in altına Tekrarla koyar. Mesajı aynı sohbete sizden yeni bir mesaj olarak yeniden gönderir. Yalnızca Telegram'ın İlet seçeneği sunduğu ve yazabildiğiniz yerlerde görünür, yani korumalı veya gizli sohbetlerde asla görünmez. Ayarlarda varsayılan olarak kapalıdır.
Keep deleted messages	Silinen mesajları sakla
Messages other people delete stay in your chats on this phone, marked deleted next to the time. Your own deletes and anything that disappears or is protected work as usual. Off by default in settings.	Başkalarının sildiği mesajlar bu telefonda sohbetlerinizde kalır ve saatin yanında silindi olarak işaretlenir. Kendi sildikleriniz ile kendiliğinden kaybolan ya da korumalı her şey her zamanki gibi çalışır. Ayarlarda varsayılan olarak kapalıdır.
Ask before sending a sticker	Çıkartma göndermeden önce sor
Asks Send or Cancel before a sticker you tap goes into a chat. Cancel drops it, and a scheduled sticker goes through as it always did. Off by default in settings.	Dokunduğunuz bir çıkartma sohbete gitmeden önce Gönder veya İptal diye sorar. İptal onu bırakır, zamanlanmış çıkartma ise her zamanki gibi gider. Ayarlarda varsayılan olarak kapalıdır.
Ask before sending a GIF	GIF göndermeden önce sor
Asks Send or Cancel before a GIF you tap goes into a chat. Cancel drops it, and a scheduled GIF goes through as it always did. Off by default in settings.	Dokunduğunuz bir GIF sohbete gitmeden önce Gönder veya İptal diye sorar. İptal onu bırakır, zamanlanmış GIF ise her zamanki gibi gider. Ayarlarda varsayılan olarak kapalıdır.
Ask before sending a voice or video message	Sesli veya görüntülü mesaj göndermeden önce sor
Asks Send or Cancel before a voice or video message you recorded goes into a chat. Cancel throws the recording away. Off by default in settings.	Kaydettiğiniz bir sesli veya görüntülü mesaj sohbete gitmeden önce Gönder veya İptal diye sorar. İptal kaydı atar. Ayarlarda varsayılan olarak kapalıdır.
Ask before starting a call	Arama başlatmadan önce sor
Asks Call or Cancel before the call button in a chat's header or on a profile starts a call. Off by default in settings.	Bir sohbetin üst çubuğundaki veya bir profildeki arama düğmesi arama başlatmadan önce Ara veya İptal diye sorar. Ayarlarda varsayılan olarak kapalıdır.
Send sticker	Çıkartma gönder
Send this sticker to this chat?	Bu çıkartma bu sohbete gönderilsin mi?
Send GIF	GIF gönder
Send this GIF to this chat?	Bu GIF bu sohbete gönderilsin mi?
Send voice message	Sesli mesaj gönder
Send this voice message to this chat?	Bu sesli mesaj bu sohbete gönderilsin mi?
Send video message	Görüntülü mesaj gönder
Send this video message to this chat?	Bu görüntülü mesaj bu sohbete gönderilsin mi?
Send	Gönder
Start a call	Arama başlat
Start a voice call?	Sesli arama başlatılsın mı?
Start a video call?	Görüntülü arama başlatılsın mı?
Call	Ara
# context: the label before the time of a message someone else deleted that this phone kept
deleted	silindi
Add Copy photo to the message menu	Mesaj menüsüne Fotoğrafı kopyala ekle
Puts Copy photo under Forward in a photo's long-press menu once the photo has downloaded. It copies the picture itself, so you can paste it into another app. It won't appear in protected or secret chats. Off by default in settings.	Bir fotoğrafa uzun bastığınızda açılan menüde, fotoğraf indirildikten sonra İlet'in altına Fotoğrafı kopyala koyar. Resmin kendisini kopyalar, böylece başka bir uygulamaya yapıştırabilirsiniz. Korumalı veya gizli sohbetlerde görünmez. Ayarlarda varsayılan olarak kapalıdır.
Add Message details to the message menu	Mesaj menüsüne Mesaj ayrıntıları ekle
Puts Message details at the end of a message's long-press menu. It shows the message's IDs, when it was sent and edited, where it was forwarded from and the file's data center and size, with a Copy button. Off by default in settings.	Bir mesaja uzun bastığınızda açılan menünün sonuna Mesaj ayrıntıları koyar. Mesajın kimliklerini, ne zaman gönderilip düzenlendiğini, nereden iletildiğini ve dosyanın veri merkezi ile boyutunu bir Kopyala düğmesiyle gösterir. Ayarlarda varsayılan olarak kapalıdır.
Repeat	Tekrarla
Copy photo	Fotoğrafı kopyala
Photo copied	Fotoğraf kopyalandı
Message details	Mesaj ayrıntıları
Message ID: %1$s	Mesaj kimliği: %1$s
Chat ID: %1$s	Sohbet kimliği: %1$s
Sender ID: %1$s	Gönderen kimliği: %1$s
Sent: %1$s	Gönderildi: %1$s
Edited: %1$s	Düzenlendi: %1$s
Forwarded from: %1$s	Şuradan iletildi: %1$s
Original sender ID: %1$s	Asıl gönderenin kimliği: %1$s
Originally sent: %1$s	İlk gönderilme: %1$s
File data center: %1$s	Dosyanın veri merkezi: %1$s
File size: %1$s	Dosya boyutu: %1$s
Copy	Kopyala
Message details copied	Mesaj ayrıntıları kopyalandı
Add Quick forward to the message menu	Mesaj menüsüne Hızlı ilet ekle
Puts Quick forward under Forward in a message's long-press menu. It lists Saved Messages and a few recent chats, and one tap forwards the message there with the sender shown, unless Hide sender names when forwarding is on. It won't appear in protected or secret chats. Off by default in settings.	Bir mesaja uzun bastığınızda açılan menüde İlet'in altına Hızlı ilet koyar. Kayıtlı Mesajlar'ı ve son birkaç sohbeti listeler, bir dokunuşla mesaj gönderen görünür halde oraya iletilir, İletirken gönderen adlarını gizle açık değilse. Korumalı veya gizli sohbetlerde görünmez. Ayarlarda varsayılan olarak kapalıdır.
Quick forward	Hızlı ilet
Forward to	İlet
Forwarding to %1$s	%1$s sohbetine iletiliyor
Can't forward there	Oraya iletilemiyor
No chat to forward to	İletilecek sohbet yok

# context: Notifications repair and bottom-pull controls.
Notifications	Bildirimler
Repair Firebase push registration	Firebase bildirim kaydını düzelt
Uses Telegram's official certificate for Firebase push registration. Notification permission and battery settings still apply.	Firebase bildirim kaydı için Telegram'ın resmi sertifikasını kullanır. Bildirim izni ve pil ayarları yine geçerlidir.
Firebase certificate header	Firebase sertifika başlığı
Stop pull to next channel	Sonraki kanala çekmeyi durdur
Pulling up at the bottom of a channel only scrolls. Open the next channel from your chat list.	Kanalın sonunda yukarı çekmek yalnızca içeriği kaydırır. Sonraki kanalı sohbet listenizden açın.
Stop pull to next topic	Sonraki konuya çekmeyi durdur
Pulling up at the bottom of a forum topic only scrolls. Open the next topic from the topic list. Off by default in settings.	Bir forum konusunun sonunda yukarı çekmek yalnızca içeriği kaydırır. Sonraki konuyu konu listesinden açın. Ayarlarda varsayılan olarak kapalıdır.
# context: Read-only local notification facts, independent of repair and Pause.
Local notification status	Yerel bildirim durumu
local notification status	yerel bildirim durumu
Notification permission: %1$s	Bildirim izni: %1$s
Push token saved: %1$s	Push belirteci kayıtlı: %1$s
Signed-in accounts: %1$s	Oturum açmış hesaplar: %1$s
Accounts confirmed for push: %1$s	Push kaydı onaylanan hesaplar: %1$s
Telegram's push answer: %1$s	Telegram'ın push kaydı yanıtı: %1$s
None since Telegram started	Telegram açıldığından beri yok
Accepted	Kabul edildi
Refused	Reddedildi
Refused (%1$s)	Reddedildi (%1$s)
Read-only local state. This doesn't confirm notification delivery.	Yalnızca yerel durum okunur. Bu, bildirimlerin teslim edildiğini doğrulamaz.
Unknown	Bilinmiyor
Allowed	İzin verildi
Blocked	Engellendi
Yes	Evet
No	Hayır
Use normal paste	Normal yapıştırmayı kullan
Show user and chat IDs	Kullanıcı ve sohbet kimliklerini göster
Disable double-tap reactions	Çift dokunma tepkilerini kapat
Pastes text without Telegram's HTML, table or monospace conversion. Whitespace and URLs stay intact. Other clipboard actions stay available. Off by default in settings.	Metni Telegram'ın HTML, tablo veya eş aralıklı yazı dönüşümü olmadan yapıştırır. Boşluklar ve URL'ler korunur. Diğer pano işlemleri kullanılabilir. Ayarlarda varsayılan olarak kapalıdır.
Shows a copyable local user or chat ID in the inspected profile's menu. Access hashes stay hidden. No server request is added. Off by default in settings.	Açılan profilin menüsünde kopyalanabilir yerel kullanıcı veya sohbet kimliğini gösterir. Erişim karmaları gizli kalır. Sunucu isteği eklenmez. Ayarlarda varsayılan olarak kapalıdır.
Show profile data center	Profilin veri merkezini göster
A profile's menu also shows which of Telegram's data centers, 1 to 5, holds the profile photo. A profile without a photo shows none, and no server request is added. Off by default in settings.	Bir profilin menüsü, profil fotoğrafının Telegram'ın 1 ile 5 arasındaki hangi veri merkezinde durduğunu da gösterir. Fotoğrafı olmayan bir profilde gösterilmez ve sunucuya ek istek gönderilmez. Ayarlarda varsayılan olarak kapalıdır.
Double taps don't add reactions in chats or the reaction-settings preview. Scrolling, taps, selection and explicit reaction menus stay as they are. Off by default in settings.	Çift dokunma sohbetlerde veya tepki önizlemesinde tepki eklemez. Kaydırma, dokunma, seçim ve tepki menüleri aynı kalır. Ayarlarda varsayılan olarak kapalıdır.
compose text paste	mesaj yazarken metin yapıştırma
caption text paste	açıklama metni yapıştırma
profile local IDs	yerel profil kimlikleri
chat double-tap reactions	sohbette çift dokunma tepkileri
preview double-tap reactions	önizlemede çift dokunma tepkileri
User ID %1$s	Kullanıcı kimliği %1$s
Chat ID %1$s	Sohbet kimliği %1$s
Copy user ID %1$s	Kullanıcı kimliğini kopyala %1$s
Copy chat ID %1$s	Sohbet kimliğini kopyala %1$s
ID	Kimlik
ID copied	Kimlik kopyalandı
Data center %1$s	Veri merkezi %1$s
Copy data center %1$s	Veri merkezini kopyala %1$s
Data center copied	Veri merkezi kopyalandı
