# German for Hushfacebook: the English key, a tab, the translation. One row per string.
# After editing, run python scripts/gen-l10n.py from the repository root.
"Pages you may like" cards and the cards Facebook uses to push its own features. In-feed surveys go too.	„Seiten, die dir gefallen könnten“ und die Karten, mit denen Facebook für eigene Funktionen wirbt. Die Umfragen im Feed verschwinden auch.
%1$d item in that file isn't a setting this version of Hushfacebook knows, so it'll be left out.	%1$d Eintrag in dieser Datei ist keine Einstellung, die diese Version von Hushfacebook kennt, und wird deshalb ausgelassen.
%1$d items in that file aren't settings this version of Hushfacebook knows, so they'll be left out.	%1$d Einträge in dieser Datei sind keine Einstellungen, die diese Version von Hushfacebook kennt, und werden deshalb ausgelassen.
%1$d switch will change.	%1$d Schalter wird geändert.
%1$d switches will change.	%1$d Schalter werden geändert.
%1$s of %2$s	%1$s von %2$s
%1$s so far	Bisher %1$s
%1$s. It was set when you patched, so Pause can't turn it off. To rule it out, patch again and leave out that patch.	%1$s. Das wurde beim Patchen festgelegt, deshalb kann die Pause es nicht ausschalten. Um es auszuschließen, patche erneut und lass diesen Patch weg.
%1$s. They were set when you patched, so Pause can't turn them off. To rule one out, patch again and leave out the patch in brackets after it.	%1$s. Diese wurden beim Patchen festgelegt, deshalb kann die Pause sie nicht ausschalten. Um eines davon auszuschließen, patche erneut und lass den Patch weg, der in Klammern dahinter steht.
A change here applies after Facebook restarts.	Eine Änderung hier gilt erst nach einem Neustart von Facebook.
A diagnostic report is already being saved.	Ein Diagnosebericht wird bereits gespeichert.
Add a Download button to reels, using your download quality. Off or paused, Facebook's own buttons return.	Fügt Reels einen Download-Button mit deiner Downloadqualität hinzu. Ausgeschaltet oder pausiert erscheinen Facebooks eigene Buttons.
A file named %1$s in %2$s paused Hushfacebook.	Eine Datei namens %1$s in %2$s hat Hushfacebook pausiert.
About	Info
Ad cards between the stories people posted.	Werbekarten zwischen den Stories, die Leute gepostet haben.
Ad telemetry blocked	Werbe-Telemetrie blockiert
Add Download to phone to feed and Watch video menus. Uses the quality below. Off or paused, Facebook's menu returns.	Fügt Aufs Telefon herunterladen zu Feed- und Watch-Videomenüs hinzu. Nutzt die Qualität unten. Ausgeschaltet oder pausiert kehrt Facebooks Menü zurück.
Add Save to every story menu, using your download quality. Off or paused, Facebook only saves your own stories.	Fügt jedem Story-Menü Speichern mit deiner Downloadqualität hinzu. Ausgeschaltet oder pausiert speichert Facebook nur eigene Storys.
Ads inside Reels, starting with the next batch Facebook loads. Banners, mid-rolls and app-inserted ads stay blocked even while paused.	Anzeigen in Reels, ab den nächsten Reels, die Facebook lädt. Banner, Werbeunterbrechungen und von der App eingefügte Anzeigen bleiben auch während einer Pause blockiert.
AMOLED black theme	Schwarzes AMOLED-Design
Appearance	Darstellung
Audience Network off	Audience Network aus
Back	Zurück
Background ad prefetch blocked	Vorabladen von Werbung im Hintergrund blockiert
Cancel	Abbrechen
Cancel saving this photo	Speichern dieses Fotos abbrechen
Cancel saving this video	Speichern dieses Videos abbrechen
Changing these	So änderst du sie
Choose a settings file. Before anything is imported, you'll see how many switches it changes and any new download settings.	Wähle eine Einstellungsdatei. Vor dem Import siehst du, wie viele Schalter sie ändert und welche Download-Einstellungen neu sind.
Clear diagnostic data	Diagnosedaten löschen
Copy a quick report or save the full one to Download/Morphe. Links, IDs, cookies and sign-in tokens are left out. Check it for other private text before you share it.	Kopiere einen Kurzbericht oder speichere den vollständigen Bericht unter Download/Morphe. Links, IDs, Cookies und Anmeldetokens werden ausgelassen. Prüfe ihn vor dem Teilen auf andere private Angaben.
Copy quick report	Kurzbericht kopieren
Copying to the gallery	Wird in die Galerie kopiert
Couldn't import the settings, and couldn't put back the ones you had. Check the switches on this screen.	Die Einstellungen ließen sich nicht importieren, und deine vorherigen ließen sich nicht wiederherstellen. Prüfe die Schalter auf diesem Bildschirm.
Couldn't import the settings. Nothing was changed.	Die Einstellungen ließen sich nicht importieren. Es wurde nichts geändert.
Couldn't open that file. Nothing was changed.	Diese Datei ließ sich nicht öffnen. Es wurde nichts geändert.
Couldn't open the file picker. Try again.	Die Dateiauswahl ließ sich nicht öffnen. Versuche es noch einmal.
Couldn't put back the diagnostic data. Try again.	Die Diagnosedaten ließen sich nicht wiederherstellen. Versuche es noch einmal.
Couldn't save the settings file. Try again.	Die Einstellungsdatei ließ sich nicht speichern. Versuche es noch einmal.
Couldn't save this video. Play it for a moment, then try again.	Dieses Video ließ sich nicht speichern. Spiel es kurz ab und versuche es dann noch einmal.
Couldn't start that. Try again in a moment.	Das ließ sich nicht starten. Versuche es gleich noch einmal.
Couldn't start the report export. Try again shortly.	Der Export des Berichts ließ sich nicht starten. Versuche es gleich noch einmal.
Couldn't turn Hushfacebook back on. Try again.	Hushfacebook ließ sich nicht wieder einschalten. Versuche es noch einmal.
Dark mode draws black instead of dark grey. Turn on dark mode in Facebook to see it.	Der Dunkelmodus zeigt Schwarz statt Dunkelgrau. Schalte in Facebook den Dunkelmodus ein, um das zu sehen.
Debug logging	Debug-Protokollierung
Diagnostic data cleared. Tap again to put it back.	Diagnosedaten gelöscht. Tippe erneut, um sie wiederherzustellen.
Diagnostic data put back.	Diagnosedaten wiederhergestellt.
Diagnostic report copied to the clipboard.	Diagnosebericht in die Zwischenablage kopiert.
Download	Download
Download button on reels	Download-Button bei Reels
Download failed	Download fehlgeschlagen
Download feed and Watch videos	Videos aus Feed und Watch herunterladen
Download to phone	Aufs Handy herunterladen
Downloading	Wird heruntergeladen
Downloads	Downloads
Empties the log and the filter counts a report would include.	Leert das Protokoll und die Filterzähler, die ein Bericht enthalten würde.
Every switch but Debug logging acts as if it were off, and what was set when you patched stays in. Your settings stay as they are.	Jeder Schalter außer der Debug-Protokollierung verhält sich, als wäre er aus, und was beim Patchen festgelegt wurde, bleibt aktiv. Deine Einstellungen bleiben, wie sie sind.
Export diagnostic report	Diagnosebericht exportieren
Export settings	Einstellungen exportieren
Facebook crashed or froze within a minute of starting three times in a row, so Hushfacebook paused itself.	Facebook ist dreimal hintereinander innerhalb einer Minute nach dem Start abgestürzt oder hängen geblieben, deshalb hat sich Hushfacebook selbst pausiert.
Facebook doesn't download ads or its ad model in the background.	Facebook lädt im Hintergrund weder Werbung noch sein Werbemodell herunter.
Facebook doesn't serve ads to other apps on this phone.	Facebook liefert keine Werbung an andere Apps auf diesem Handy aus.
Facebook dark mode and this screen use your wallpaper colours. Android 11 uses blue instead. Turn on Facebook dark mode to see it.	Facebooks Dunkelmodus und diese Seite nutzen die Farben deines Hintergrundbilds. Android 11 nutzt stattdessen Blau. Aktiviere Facebooks Dunkelmodus, um es zu sehen.
Joining the picture and sound	Bild und Ton werden zusammengefügt
From the next start, every switch but Debug logging acts as if it were off. Changes made when you patched stay in, and your choices stay saved.	Ab dem nächsten Start verhält sich jeder Schalter außer der Debug-Protokollierung, als wäre er aus. Was beim Patchen festgelegt wurde, bleibt aktiv, und deine Auswahl bleibt gespeichert.
Settings exported. The app holding the file wouldn't let Hushfacebook read it back, so it wasn't checked.	Einstellungen exportiert. Die App, in der die Datei liegt, ließ Hushfacebook sie nicht zurücklesen, daher wurde sie nicht geprüft.
The app holding that file is taking too long, so Hushfacebook stopped waiting. Nothing was changed.	Die App, in der die Datei liegt, braucht zu lange, deshalb wartet Hushfacebook nicht mehr. Es wurde nichts geändert.
The app holding the last settings file still hasn't answered. Try again later.	Die App mit der letzten Einstellungsdatei hat noch immer nicht geantwortet. Versuche es später noch einmal.
The app holding the settings file is taking too long, so Hushfacebook stopped waiting. That app may still finish saving it, so check the file before you rely on it.	Die App, in der die Einstellungsdatei liegt, braucht zu lange, deshalb wartet Hushfacebook nicht mehr. Sie kann das Speichern noch abschließen, also prüfe die Datei, bevor du dich darauf verlässt.
The file %1$s couldn't be removed. Delete it from %2$s, then tap Resume again.	Die Datei %1$s ließ sich nicht entfernen. Lösche sie aus %2$s und tippe dann noch einmal auf Fortsetzen.
The settings file was saved, but it doesn't read back as what was written. Save it again as a new file.	Die Einstellungsdatei wurde gespeichert, liest sich aber nicht so zurück, wie sie geschrieben wurde. Speichere sie noch einmal als neue Datei.
Until you resume, every switch but Debug logging acts as if it were off. Changes made when you patched stay in.	Bis zum Fortsetzen verhält sich jeder Schalter außer der Debug-Protokollierung, als wäre er aus. Was beim Patchen festgelegt wurde, bleibt aktiv.
Use your phone's emoji. Reactions and stickers stay the same. Restart Facebook after changing it.	Nutzt die Emoji deines Telefons. Reaktionen und Sticker bleiben gleich. Starte Facebook nach der Änderung neu.
Use your phone's font or a file chosen below. Restart Facebook after changing it.	Nutzt die Schrift deines Telefons oder eine unten gewählte Datei. Starte Facebook nach der Änderung neu.
Font file	Schriftdatei
Use your phone's font	Schriftart des Handys verwenden
Stops using the font file and goes back to your phone's font.	Verwendet die Schriftdatei nicht mehr und kehrt zur Schriftart deines Handys zurück.
None chosen, so your phone's font is used. Choose a TrueType or OpenType file of up to %1$d MB.	Keine gewählt, deshalb wird die Schriftart deines Handys verwendet. Wähle eine TrueType- oder OpenType-Datei mit bis zu %1$d MB.
Hushfacebook's copy of %1$s is gone, so your phone's font is used. Choose the file again.	Hushfacebooks Kopie von %1$s fehlt, deshalb wird die Schriftart deines Handys verwendet. Wähle die Datei noch einmal.
Using %1$s. Choose another file to replace it.	%1$s wird verwendet. Wähle eine andere Datei, um sie zu ersetzen.
Copying the font file	Schriftdatei wird kopiert
Font set to %1$s. Restart Facebook to see it.	Schriftart auf %1$s gesetzt. Starte Facebook neu, um sie zu sehen.
That isn't a TrueType or OpenType font file. Your font didn't change.	Das ist keine TrueType- oder OpenType-Schriftdatei. Deine Schriftart wurde nicht geändert.
That font file is over %1$d MB. Your font didn't change.	Diese Schriftdatei ist größer als %1$d MB. Deine Schriftart wurde nicht geändert.
Android couldn't draw with that font file. Your font didn't change.	Android konnte mit dieser Schriftdatei nicht zeichnen. Deine Schriftart wurde nicht geändert.
Couldn't save a copy of that font. Check that the phone has room, then try again.	Eine Kopie dieser Schriftart ließ sich nicht speichern. Prüfe, ob auf dem Handy Platz ist, und versuche es noch einmal.
Couldn't open that file. Your font didn't change.	Diese Datei ließ sich nicht öffnen. Deine Schriftart wurde nicht geändert.
Back to your phone's font. Restart Facebook to see it.	Zurück zur Schriftart deines Handys. Starte Facebook neu, um sie zu sehen.
Couldn't go back to your phone's font. Try again.	Die Rückkehr zur Schriftart deines Handys hat nicht geklappt. Versuche es noch einmal.
Full report saved to %1$s	Vollständiger Bericht gespeichert unter %1$s
GPL-3.0, with the notices of the projects this is built on	GPL-3.0, mit den Hinweisen der Projekte, auf denen es aufbaut
Hide "People you may know"	„Personen, die du kennen könntest“ ausblenden
Hide "Suggested for you" posts	„Vorschläge für dich“ ausblenden
Hide AI-detected posts	Als KI erkannte Beiträge ausblenden
Hide promoted posts	Beworbene Beiträge ausblenden
Hide Reels in the feed	Reels im Feed ausblenden
Hide sponsored posts	Gesponserte Beiträge ausblenden
Hide sponsored reels	Gesponserte Reels ausblenden
Hide sponsored stories	Gesponserte Stories ausblenden
Hide page suggestions and Facebook's own promos	Seitenvorschläge und Facebooks Eigenwerbung ausblenden
Hide the Stories tray	Stories-Leiste ausblenden
How far a photo or video you're saving has got, with a button to cancel it	Fortschritt beim Speichern eines Fotos oder Videos, mit einem Button zum Abbrechen
Hushfacebook %1$s on Facebook %2$s	Hushfacebook %1$s auf Facebook %2$s
Hushfacebook is on	Hushfacebook ist aktiv
Hushfacebook is paused	Hushfacebook ist pausiert
Hushfacebook saves	Speichern mit Hushfacebook
Hushfacebook settings	Hushfacebook-Einstellungen
Hushfacebook settings couldn't open	Hushfacebook-Einstellungen ließen sich nicht öffnen
Hushfacebook turns back on when Facebook restarts.	Hushfacebook ist wieder aktiv, sobald Facebook neu startet.
Import	Importieren
Import settings	Einstellungen importieren
Importing settings	Einstellungen werden importiert
Licenses	Lizenzen
Link expired. Reopen the item and try again	Link abgelaufen. Öffne den Inhalt neu und versuche es noch einmal
Links	Links
Material You theme	Material-You-Design
News feed	Newsfeed
No screenshot watching for ads, and no reports of which apps you install.	Keine Screenshot-Erkennung bei Werbung und keine Meldungen darüber, welche Apps du installierst.
Not saved: that isn't a Facebook photo or video	Nicht gespeichert: Das ist kein Foto oder Video von Facebook
Not saved: the file is over 512 MB	Nicht gespeichert: Die Datei ist über 512 MB groß
OK	OK
Choose a folder name under Movies and Pictures. Invalid characters become underscores. Leave it blank to use the default folder, %1$s.	Wähle einen Ordnernamen unter Movies und Pictures. Ungültige Zeichen werden zu Unterstrichen. Lass das Feld leer, um den Standardordner %1$s zu verwenden.
Open links in your browser	Links in deinem Browser öffnen
Paid ads in the feed. They're dropped before Facebook adds them, so no gap is left.	Bezahlte Anzeigen im Feed. Diese werden aussortiert, bevor Facebook sie einfügt, sodass keine Lücke bleibt.
Pause Hushfacebook	Hushfacebook pausieren
Posts Facebook files as promotions rather than as ads.	Beiträge, die Facebook als beworben statt als Anzeige einstuft.
Posts Facebook slips into your feed from people and pages you don't follow and groups you haven't joined.	Beiträge von Personen und Seiten, denen du nicht folgst, und aus Gruppen, denen du nicht beigetreten bist, die Facebook in deinen Feed schiebt.
Posts that Facebook's own detection marks as made with AI. A post that only its creator labelled as AI stays. It's off by default because it hasn't been tested on a real feed yet.	Beiträge, die Facebooks eigene Erkennung als mit KI erstellt markiert. Ein Beitrag, den nur die Person, die ihn erstellt hat, als KI gekennzeichnet hat, bleibt sichtbar. Der Schalter ist standardmäßig aus, weil er noch nicht in einem echten Feed getestet wurde.
Profiles and some Settings pages open again on this re-signed build.	Profile und einige Einstellungsseiten öffnen sich in diesem neu signierten Build wieder.
Re-signed build fix	Fix für neu signierte Builds
Reading the settings file	Einstellungsdatei wird gelesen
Reels and Watch	Reels und Watch
# context: the How to block Reels map at the top of Reels and Watch; the last row's %1$s is a patch name as Morphe Manager shows it, kept in English
How to block Reels	So blockierst du Reels
Reels show up in four places, and each one has its own control.	Reels tauchen an vier Stellen auf, und für jede gibt es eine eigene Einstellung.
Reels in the feed	Reels im Feed
In News feed, Hide Reels in the feed blocks the rows of reels between posts.	Unter Newsfeed blockiert „Reels im Feed ausblenden“ die Reihen mit Reels zwischen den Beiträgen.
Reels that play by themselves	Reels, die von selbst starten
In Playback, Tap to play blocks autoplay, so reels and other videos wait for your tap.	Unter Wiedergabe blockiert „Zum Abspielen tippen“ die automatische Wiedergabe, sodass Reels und andere Videos auf dein Antippen warten.
The Reels tab	Der Reels-Tab
# context: map line without the patch; %1$s is the patch's English name in Morphe Manager
Facebook's own setting blocks it. Open Settings, Tab bar, Customize the bar and choose Hide next to Reels, which some accounts call Video. If neither is listed, choose the %1$s patch in Morphe Manager and patch again.	Den blockierst du mit Facebooks eigener Einstellung. Öffne Einstellungen, Tab-Leiste, Leiste anpassen und wähle Ausblenden neben Reels, das bei manchen Konten Video heißt. Steht keins von beiden dort, wähle in Morphe Manager den Patch %1$s und patche erneut.
# context: map line with the patch; Reels and Watch is this settings section, Hide the Reels tab is the switch below
In Reels and Watch, Hide the Reels tab blocks it after a restart.	Unter „Reels und Watch“ blockiert „Reels-Tab ausblenden“ ihn nach einem Neustart.
# context: switch title under Reels and Watch; the tab some accounts call Video
Hide the Reels tab	Reels-Tab ausblenden
# context: summary of that switch
Take the Reels tab, called Video on some accounts, off the tab bar. Reel links and reels in the feed still open. Changes show after Facebook restarts.	Nimmt den Reels-Tab, der bei manchen Konten Video heißt, aus der Tab-Leiste. Reel-Links und Reels im Feed öffnen sich weiterhin. Änderungen wirken nach einem Neustart von Facebook.
# context: start tab row summary when Video is the chosen tab and Hide the Reels tab is on; Home and Video are tab names
Facebook opens on Home while Hide the Reels tab is on, since Video is off the tab bar. Your choice stays saved.	Facebook öffnet auf der Startseite, solange „Reels-Tab ausblenden“ an ist, da Video dann nicht in der Tab-Leiste ist. Deine Auswahl bleibt gespeichert.
Everything except Marketplace	Alles außer Marketplace
In Opening Facebook, Marketplace only blocks the feed, the Reels tab and the other social tabs after a restart.	Unter „Beim Öffnen von Facebook“ blockiert „Nur Marketplace“ nach einem Neustart den Feed, den Reels-Tab und die anderen sozialen Tabs.
Not in this build. To block this, choose the %1$s patch in Morphe Manager and patch again.	Nicht in diesem Build. Um das zu blockieren, wähle in Morphe Manager den Patch %1$s und patche erneut.
Remove tracking from shared links	Tracking aus geteilten Links entfernen
Retry	Erneut versuchen
Save any story	Jede Story speichern
Save cancelled	Speichern abgebrochen
Save folder	Speicherordner
Save full report	Vollständigen Bericht speichern
Saved to %1$s	Gespeichert unter %1$s
Saved to the gallery	In der Galerie gespeichert
Saved to %1$s in lower quality than on Facebook	Gespeichert unter %1$s, in geringerer Qualität als auf Facebook
Saved to the gallery in lower quality than on Facebook	In der Galerie gespeichert, in geringerer Qualität als auf Facebook
Saved. Restart Facebook to apply this change.	Gespeichert. Starte Facebook neu, um diese Änderung zu übernehmen.
Save your switches and download settings to a file. Pause and Debug logging aren't included, and neither is the release check.	Speichert deine Schalter und die Download-Einstellungen in einer Datei. Pause und Debug-Protokollierung sind nicht enthalten, die Suche nach neuen Versionen auch nicht.
# The release check: its switch and Check now row under Updates, the status card's line about a newer release, and what a failed try says.
Check for new Hushfacebook releases	Nach neuen Hushfacebook-Versionen suchen
Ask GitHub once a day at startup and show newer releases on the overview. Off by default. Nothing is downloaded.	Fragt GitHub einmal täglich beim Start ab und zeigt neue Versionen in der Übersicht. Standardmäßig aus. Es wird nichts heruntergeladen.
Check now	Jetzt prüfen
Asks GitHub for the newest release right now, even with the switch above off.	Fragt GitHub sofort nach der neuesten Version, auch wenn der Schalter darüber aus ist.
Checking GitHub now.	GitHub wird gerade gefragt.
Hushfacebook %1$s is out. Update it in Morphe Manager.	Hushfacebook %1$s ist erschienen. Aktualisiere es im Morphe Manager.
It targets Facebook %1$s.	Es ist für Facebook %1$s gedacht.
Hushfacebook %1$s targets Facebook %2$s.	Hushfacebook %1$s ist für Facebook %2$s gedacht.
You have the newest Hushfacebook release.	Du hast die neueste Version von Hushfacebook.
The newest Hushfacebook release is %1$s.	Die neueste Version von Hushfacebook ist %1$s.
Couldn't reach GitHub. Try again later.	GitHub war nicht erreichbar. Versuche es später noch einmal.
GitHub is turning away checks from this network for now. Try again later.	GitHub weist Anfragen aus diesem Netz gerade ab. Versuche es später noch einmal.
GitHub's answer couldn't be used. Try again later.	Mit der Antwort von GitHub ließ sich nichts anfangen. Versuche es später noch einmal.
Saves will go to a folder named %1$s.	Was du speicherst, landet dann in einem Ordner namens %1$s.
Saving a photo	Foto wird gespeichert
Saving a video	Video wird gespeichert
Saving the settings file	Einstellungsdatei wird gespeichert
Saving...	Wird gespeichert …
Set when you patched	Beim Patchen festgelegt
Settings couldn't open	Einstellungen ließen sich nicht öffnen
Settings couldn't refresh completely. Reopen settings and try again.	Die Einstellungen ließen sich nicht vollständig aktualisieren. Öffne sie neu und versuche es noch einmal.
Settings exported.	Einstellungen exportiert.
Settings imported. %1$d switch changed.	Einstellungen importiert. %1$d Schalter wurde geändert.
Settings imported. %1$d switches changed.	Einstellungen importiert. %1$d Schalter wurden geändert.
Settings imported. Saves will go to a folder named %1$s.	Einstellungen importiert. Was du speicherst, landet jetzt in einem Ordner namens %1$s.
Source code and issues	Quellcode und Issues
Stays in while paused	Bleibt während der Pause aktiv
Stories	Stories
Takes tracking tags such as mibextid off the links you share or copy. A facebook.com/share/ link is made for one share, so Facebook can still trace it back to you.	Entfernt Tracking-Tags wie mibextid aus den Links, die du teilst oder kopierst. Ein Link zu facebook.com/share/ wird für ein einzelnes Teilen erstellt, deshalb kann Facebook ihn trotzdem auf dich zurückführen.
Tap to turn it back on.	Zum Wiedereinschalten tippen.
That file is too large to be a settings file. Nothing was changed.	Diese Datei ist zu groß für eine Einstellungsdatei. Es wurde nichts geändert.
That file isn't readable text, so it may have been damaged on the way. Nothing was changed.	Diese Datei ist kein lesbarer Text, sie wurde also womöglich bei der Übertragung beschädigt. Es wurde nichts geändert.
That file lists a setting twice, so there's no telling which value to use. Nothing was changed.	Diese Datei führt eine Einstellung zweimal auf, daher ist unklar, welcher Wert gilt. Es wurde nichts geändert.
That isn't a Hushfacebook settings file. Nothing was changed.	Das ist keine Hushfacebook-Einstellungsdatei. Es wurde nichts geändert.
That settings file holds a value Hushfacebook can't read. Nothing was changed.	Diese Einstellungsdatei enthält einen Wert, den Hushfacebook nicht lesen kann. Es wurde nichts geändert.
That settings file is damaged or only partly downloaded. Nothing was changed.	Diese Einstellungsdatei ist beschädigt oder nur teilweise heruntergeladen. Es wurde nichts geändert.
That settings file was written by a newer Hushfacebook than this one. Nothing was changed.	Diese Einstellungsdatei stammt aus einer neueren Hushfacebook-Version als dieser. Es wurde nichts geändert.
the Audience Network block	die Sperre für das Audience Network
the black background in dark mode	der schwarze Hintergrund im Dunkelmodus
the block on downloading ads in the background	die Sperre für das Herunterladen von Werbung im Hintergrund
the block on reports of ad screenshots and app installs	die Sperre für Meldungen über Screenshots von Werbung und installierte Apps
The diagnostic report couldn't be saved yet. Try again in a moment.	Der Diagnosebericht ließ sich noch nicht speichern. Versuche es gleich noch einmal.
The diagnostic report couldn't be saved. Try again.	Der Diagnosebericht ließ sich nicht speichern. Versuche es noch einmal.
The file %1$s couldn't be removed. Delete it from %2$s to turn Hushfacebook back on.	Die Datei %1$s ließ sich nicht entfernen. Lösche sie aus %2$s, um Hushfacebook wieder einzuschalten.
the part of the Reels ad block patched into the app	der in die App gepatchte Teil der Reels-Werbesperre
the re-signed build fix	der Fix für neu signierte Builds
the recoloured dark mode	die Umfärbung des Dunkelmodus
The row of friend suggestions between posts, and the one on your own profile.	Die Reihe mit Freundschaftsvorschlägen zwischen den Beiträgen und die auf deinem eigenen Profil.
The row of stories at the top of the feed, Create story included.	Die Reihe mit Stories oben im Feed, „Story erstellen“ eingeschlossen.
The rows of reels between posts, and the reels Facebook adds where your feed ends.	Die Reihen mit Reels zwischen den Beiträgen und die Reels, die Facebook dort anhängt, wo dein Feed endet.
The setting couldn't finish updating. Its saved value is shown.	Die Einstellung ließ sich nicht vollständig aktualisieren. Der gespeicherte Wert wird angezeigt.
There's no diagnostic data to clear.	Es gibt keine Diagnosedaten zum Löschen.
There's no diagnostic data to put back.	Es gibt keine Diagnosedaten zum Wiederherstellen.
They're chosen in Morphe Manager when you patch, and Pause doesn't turn them off. Patch again to change them.	Diese werden beim Patchen in Morphe Manager ausgewählt, und die Pause schaltet sie nicht aus. Patche erneut, um sie zu ändern.
This phone has no file picker, so there's no way to choose a file here.	Dieses Handy hat keine Dateiauswahl, hier lässt sich also keine Datei wählen.
Try again, or go back to Facebook.	Versuche es noch einmal oder kehre zu Facebook zurück.
The switch takes effect when Facebook restarts.	Der Schalter wirkt, sobald Facebook neu startet.
Use the system font	Systemschriftart verwenden
Use the phone's emoji	Emojis des Handys verwenden
Version	Version
Version %1$s for Facebook %2$s	Version %1$s für Facebook %2$s
Videos go to %1$s and photos to %2$s.	Videos landen in %1$s und Fotos in %2$s.
Open web links in your browser. Facebook's own pages stay in the app.	Öffnet Weblinks in deinem Browser. Facebooks eigene Seiten bleiben in der App.
Record patch activity and show errors for a bug report. Leave off during normal use.	Zeichnet Patch-Aktivität auf und zeigt Fehler für einen Fehlerbericht. Im Alltag ausgeschaltet lassen.
You paused Hushfacebook.	Du hast Hushfacebook pausiert.
Your switches already match that file, so nothing will change.	Deine Schalter entsprechen bereits dieser Datei, es ändert sich also nichts.
Keep feed position on return	Feedposition beim Zurückkehren beibehalten
Returning to Facebook within ten minutes keeps your place. Pull to refresh still works.	Wenn du innerhalb von zehn Minuten zu Facebook zurückkehrst, bleibst du an derselben Stelle. Zum Aktualisieren kannst du weiter nach unten ziehen.
No time limit	Kein Zeitlimit
With the switch above on, your place stays however long you're away. Pull to refresh and a fresh start still load new posts.	Wenn der Schalter oben an ist, bleibt deine Stelle erhalten, egal wie lange du weg bist. Zum Aktualisieren ziehen und ein Neustart laden weiterhin neue Beiträge.
A finished story stays on screen until you tap or swipe. Turn this off for Facebook's timing.	Eine abgeschlossene Story bleibt sichtbar, bis du tippst oder wischst. Schalte dies aus, um Facebooks Zeitsteuerung zu nutzen.
View stories anonymously	Stories anonym ansehen
Facebook isn't told which stories you watch, so you stay off their viewer lists. Replying or reacting still shows you, and stories you've watched keep their unwatched ring.	Facebook erfährt nicht, welche Stories du ansiehst, deshalb stehst du nicht in ihren Zuschauerlisten. Wenn du antwortest oder reagierst, sieht man dich trotzdem, und Stories, die du schon angesehen hast, behalten ihren Ring für neue Stories.
Stop Story auto-advance	Automatisches Weiterspringen bei Stories stoppen
Copy a short report to the clipboard.	Kurzen Bericht in die Zwischenablage kopieren.
Save the full report in Download/Morphe.	Vollständigen Bericht unter Download/Morphe speichern.
Folder set to %1$s.	Ordner auf %1$s gesetzt.
Save	Speichern
Folder name	Ordnername
Hide prompts and promos under reels	Aufforderungen und Werbung unter Reels ausblenden
Remix, Use template, Add yours and Edits buttons, plus Stars, games, partner apps and outside links. The song and other labels stay.	Die Buttons Remix, Vorlage verwenden, „Du bist dran“ und Edits sowie die für Sterne, Spiele, Partner-Apps und externe Links. Der Song und andere Hinweise bleiben.
Hide the Follow button on reels	Folgen-Button bei Reels ausblenden
The Follow button next to the reel's author. You can still follow them from their profile.	Der Folgen-Button neben der Person, die das Reel gepostet hat. Über ihr Profil kannst du ihr weiterhin folgen.
Hide comment and reaction previews	Vorschau von Kommentaren und Reaktionen ausblenden
The comment Facebook previews under a reel and the bubbles of friends who reacted. Open the comments to see them all.	Der Kommentar, den Facebook unter einem Reel als Vorschau zeigt, und die Blasen der Freunde, die reagiert haben. Öffne die Kommentare, um alle zu sehen.
Download quality	Download-Qualität
Best	Beste
Smallest	Kleinste
Each video saves at the best quality the player streams.	Jedes Video wird in der besten Qualität gespeichert, die der Player streamt.
Each video saves at its lowest quality, for the smallest file.	Jedes Video wird in seiner niedrigsten Qualität gespeichert, damit die Datei so klein wie möglich ist.
Each video saves at %1$s or the closest quality below it. A video with nothing that low saves at the closest quality above.	Jedes Video wird in %1$s oder der nächstniedrigeren Qualität gespeichert. Hat ein Video keine so niedrige Qualität, wird es in der nächsthöheren gespeichert.
Videos will save at the best quality.	Videos werden dann in der besten Qualität gespeichert.
Videos will save at their lowest quality, for the smallest files.	Videos werden dann in ihrer niedrigsten Qualität gespeichert, damit die Dateien so klein wie möglich sind.
Videos will save at %1$s or the closest quality below it. A video with nothing that low will save at the closest quality above.	Videos werden dann in %1$s oder der nächstniedrigeren Qualität gespeichert. Hat ein Video keine so niedrige Qualität, wird es in der nächsthöheren gespeichert.
Settings imported.	Einstellungen importiert.
Video file name	Dateiname für Videos
%1$s becomes the date and time of the save, %2$s the video's number on Facebook, %3$s who posted it and %4$s the day it was posted. What a save doesn't know is left out, and a name with none of these gets the date added. When the name is already in the folder, the time of the save goes on the end. Invalid characters become underscores. Leave it blank to use the default, %5$s.	%1$s wird zu Datum und Uhrzeit des Speicherns, %2$s zur Nummer des Videos auf Facebook, %3$s zum Namen dessen, der es gepostet hat, und %4$s zum Tag der Veröffentlichung. Was beim Speichern nicht bekannt ist, wird weggelassen, und ein Name ohne eines davon bekommt das Datum angehängt. Gibt es den Namen im Ordner schon, wird die Uhrzeit des Speicherns angehängt. Ungültige Zeichen werden zu Unterstrichen. Lass das Feld leer, um den Standardnamen %5$s zu verwenden.
Videos are named %1$s. Photos keep Facebook's own %2$s names.	Videos heißen %1$s. Fotos behalten Facebooks eigene Namen mit %2$s.
Saved videos will be named %1$s.	Gespeicherte Videos heißen dann %1$s.
File name	Dateiname
File name set to %1$s.	Dateiname auf %1$s gesetzt.
Hide AI-detected reels and videos	Als KI erkannte Reels und Videos ausblenden
No app on this phone can open the link. The address is %1$s.	Keine App auf diesem Handy kann den Link öffnen. Die Adresse ist %1$s.
Hushfacebook pauses when Facebook restarts.	Hushfacebook pausiert, sobald Facebook neu startet.
Pause, backup and diagnostics	Pause, Sicherung und Diagnose
Updates	Updates
Stop update prompts	Update-Aufforderungen stoppen
Facebook stops asking you to update through Meta App Manager and stops having it look for one. Chat promotions aimed at older versions go too. A patched build can't install Meta's updates anyway.	Facebook fordert dich nicht mehr auf, über den Meta App Manager zu aktualisieren, und lässt ihn nicht mehr nach einem Update suchen. Chat-Hinweise für ältere Versionen entfallen ebenfalls. Ein gepatchter Build kann Metas Updates ohnehin nicht installieren.
Reels and Watch videos that Facebook's own detection marks as made with AI, starting with the next batch Facebook loads. One that only its creator labelled as AI stays. It's off by default because it hasn't been tested on a real account yet.	Reels und Watch-Videos, die Facebooks eigene Erkennung als mit KI erstellt markiert, ab den nächsten, die Facebook lädt. Eines, das nur die Person, die es erstellt hat, als KI gekennzeichnet hat, bleibt sichtbar. Der Schalter ist standardmäßig aus, weil er noch nicht mit einem echten Konto getestet wurde.
Don't send reel watch history	Reel-Wiedergabeverlauf nicht senden
Stop sending watched-reel lists to Facebook. It uses them to rank your feed, so watched reels may return.	Sendet keine Liste angesehener Reels an Facebook. Sie dient der Feed-Sortierung, daher können angesehene Reels wiederkommen.
the rename of the shared permissions	die Umbenennung der gemeinsamen Berechtigungen
Room for Meta's apps	Platz für Metas Apps
Messenger, Facebook Lite, Business Suite and Workplace install beside this Facebook. It gives the two permissions they share with it names of its own.	Messenger, Facebook Lite, Business Suite und Workplace lassen sich neben diesem Facebook installieren. Es gibt den zwei Berechtigungen, die sie mit ihm teilen, eigene Namen.
# context: settings section heading for the Open on a chosen tab rows
Opening Facebook	Beim Öffnen von Facebook
# context: switch title; the list below it picks the tab
Open on a chosen tab	Mit einem gewählten Tab starten
Choose where Facebook opens from its icon. Notifications and links still open their destination.	Wähle den Starttab beim Öffnen über das Symbol. Benachrichtigungen und Links öffnen weiterhin ihr Ziel.
# context: title of the list of tabs Facebook can open on
Tab to open on	Tab beim Start
# context: the names of Facebook's own tabs, as its tab bar shows them
Home	Startseite
Feeds	Feeds
Video	Video
Friends	Freunde
Marketplace	Marketplace
Notifications	Benachrichtigungen
Menu	Menü
# context: summary of the tab list; %1$s is one of the tab names above
Facebook opens on %1$s. If your tab bar doesn't have it, Facebook opens on Home.	Facebook startet mit %1$s. Fehlt dieser Tab in deiner Tab-Leiste, startet Facebook mit der Startseite.
# context: a sentence in the settings import preview and its toast; %1$s is a tab name
Facebook will open on %1$s.	Facebook startet dann mit %1$s.
Jump to a section	Zu einem Abschnitt springen
Go straight to one group of settings. Back returns to where you were.	Direkt zu einer Gruppe von Einstellungen. Zurück bringt dich dorthin, wo du warst.
# context: switch title under Downloads; on, every video save keeps to formats other apps accept
Save videos other apps can open	Videos speichern, die andere Apps öffnen können
# context: summary of that switch; WhatsApp is a name and stays as it is, and saves are the videos the user saved to the phone
For WhatsApp, video editors such as CapCut and InShot, or a gallery or player that plays saves without sound. May lower quality.	Für WhatsApp, Videoeditoren wie CapCut und InShot oder wenn eine Galerie oder ein Player gespeicherte Videos ohne Ton abspielt. Kann die Qualität senken.
# context: section title for the Chats settings, named like Facebook's own Chats screen
Chats	Chats
# context: switch title under Chats; the card is Facebook's own "Get the Messenger app" card
Hide the Get Messenger card	Karte „Messenger holen“ ausblenden
# context: summary of that switch; Messenger is the app's name and stays as it is
The card at the top of Chats that asks you to get the Messenger app goes while Messenger is installed. Without Messenger it stays, so you can still install it from there.	Die Karte oben in den Chats, die dich bittet, die Messenger-App zu holen, verschwindet, solange Messenger installiert ist. Ohne Messenger bleibt sie, damit du Messenger weiterhin darüber installieren kannst.
# context: switch title under Chats; on, Facebook's Messenger icon opens the Messenger app
Open the Messenger app	Messenger-App öffnen
# context: summary of that switch; Messenger is the app's name, Chats is Facebook's own chat screen as named above
A tap on the Messenger icon at the top of Facebook opens the Messenger app instead of Chats. Without Messenger installed, Chats opens as before.	Ein Tippen auf das Messenger-Symbol oben in Facebook öffnet die Messenger-App statt der Chats. Ist Messenger nicht installiert, öffnen sich wie bisher die Chats.
# context: settings section heading for the Tap to play switch
Playback	Wiedergabe
# context: switch title; on, videos and music wait for a tap before they play
Tap to play	Zum Abspielen tippen
# context: summary of that switch; Autoplay and Off are the name and value of Facebook's own setting, as Facebook shows them in this language
Videos, reels, stories and music wait for your tap. Facebook's Autoplay setting temporarily reads Off.	Videos, Reels, Storys und Musik warten auf dein Antippen. Facebooks Autoplay-Einstellung zeigt vorübergehend Aus.
# context: switch title under Opening Facebook; Marketplace is Facebook's tab and keeps its name
Marketplace only	Nur Marketplace
# context: summary of that switch; the tab names are Facebook's own, as its tab bar shows them
# context: switch title under Menu; Upgrades is the name of a section in Facebook's own Menu
Hide Upgrades	„Upgrades“ ausblenden
# context: summary of that switch; Settings and Help and support are Facebook's own Menu sections
The Upgrades section and its offers leave Facebook's Menu. Settings, Help and support and the rest of the Menu stay.	Der Bereich „Upgrades“ mit seinen Angeboten verschwindet aus dem Facebook-Menü. Einstellungen, Hilfe und Support und der Rest des Menüs bleiben.
# context: switch title under Menu; Also from Meta is the name of a section in Facebook's own Menu
Hide Also from Meta	„Auch von Meta“ ausblenden
# context: summary of that switch; the section links to Meta's other apps and shows ads for its devices
The Also from Meta section leaves Facebook's Menu, with its links to Meta's other apps and its ads for Meta's devices. Your own shortcuts stay.	Der Bereich „Auch von Meta“ verschwindet aus dem Facebook-Menü, mit seinen Links zu Metas anderen Apps und seiner Werbung für Metas Geräte. Deine eigenen Verknüpfungen bleiben.
# context: section title for the search settings, named like Facebook's own search
Search	Suche
# context: switch title under Search; Meta AI is Meta's assistant and keeps its name
Hide Meta AI in search	Meta AI in der Suche ausblenden
# context: summary of that switch; Meta AI and Ask Meta AI are Meta's own names, as Facebook shows them
Search results lose the Meta AI answer and the Ask Meta AI prompts, and a suggestion no longer sends your search to Meta AI. People, groups, pages and posts stay, and the Meta AI button still opens Meta AI.	Die Suchergebnisse zeigen keine Antwort von Meta AI und keine Vorschläge „Meta AI fragen“ mehr, und ein Vorschlag schickt deine Suche nicht mehr an Meta AI. Personen, Gruppen, Seiten und Beiträge bleiben, und die Meta AI-Schaltfläche öffnet Meta AI weiterhin.
# context: settings section heading for the Default comment order switch and its list
Comments	Kommentare
# context: switch title; on, a post's comments open in the order chosen in the list below it
Default comment order	Standard-Reihenfolge der Kommentare
# context: summary of that switch; a link to a comment is one from a notification, say
Use the order below. A choice made on a post lasts until restart. Links to comments keep Facebook's order.	Verwendet die Reihenfolge unten. Eine Auswahl im Beitrag gilt bis zum Neustart. Kommentarlinks behalten Facebooks Reihenfolge.
# context: title of the list of comment orders, and of its dialog
Comment order	Reihenfolge der Kommentare
# context: entry of that list: the order Facebook's servers pick, which is what happens without Hushfacebook
Facebook's choice	Wahl von Facebook
# context: entry of that list; Facebook's own name for this order in the sort menu of a post's comments
Most relevant	Relevanteste
# context: entry of that list; Facebook's own name for this order in the sort menu of a post's comments
Newest	Neueste
# context: entry of that list; Facebook's own name for this order in the sort menu of a post's comments
All comments	Alle Kommentare
# context: summary of the list when Facebook's choice is picked; Most relevant is Facebook's own name for that order
Comments open in the order Facebook picks, which is usually Most relevant.	Kommentare öffnen sich in der Reihenfolge, die Facebook auswählt, meist „Relevanteste“.
# context: summary of the list; %1$s is one of the order names above, as Facebook's sort menu shows it
A post's comments open with %1$s picked in their sort menu, where the post offers it.	Die Kommentare eines Beitrags öffnen sich mit %1$s als Auswahl im Sortiermenü, wenn der Beitrag das anbietet.
# context: sentence in the import preview and the toast after an import that sets the comment order to Facebook's choice
Comments will open in the order Facebook picks.	Kommentare öffnen sich dann in der Reihenfolge, die Facebook auswählt.
# context: sentence in the import preview and the toast after an import that sets the comment order; %1$s is one of the order names above
Comments will open with %1$s picked in their sort menu.	Kommentare öffnen sich dann mit %1$s als Auswahl im Sortiermenü.
# context: switch title under Search; the ads Facebook puts between search results
Hide sponsored search results	Gesponserte Suchergebnisse ausblenden
# context: summary of that switch
Ads between the results when you search Facebook. What you searched for stays.	Werbung zwischen den Ergebnissen, wenn du auf Facebook suchst. Was du gesucht hast, bleibt.
# context: switch title under News feed; the ads between the posts on a person's profile or a Page
Hide sponsored profile posts	Gesponserte Beiträge auf Profilen ausblenden
# context: summary of that switch; Page is Facebook's name for a business or public figure's page
Ads between the posts on someone's profile or a Page. Their own posts stay.	Werbung zwischen den Beiträgen auf einem Profil oder einer Seite. Deren eigene Beiträge bleiben.
# context: what stays in while Hushfacebook is paused, followed by the patch name in brackets; the row in Facebook's own Menu that opens Hushfacebook settings
the settings row in Facebook's Menu	die Einstellungszeile im Facebook-Menü
# context: a short message when the Hushfacebook row in Facebook's Menu couldn't open the settings
Hushfacebook settings can't open here. Long-press the Facebook logo instead.	Die Hushfacebook-Einstellungen lassen sich hier nicht öffnen. Halte stattdessen das Facebook-Logo gedrückt.
# context: switch title under News feed; the row of groups Facebook suggests joining, shown between posts
Hide suggested groups	Gruppenvorschläge ausblenden
# context: summary of that switch; Discover more groups is the label of Facebook's own button under that row
The row of groups to join between posts, with its Discover more groups button. Posts from groups you're in stay.	Die Reihe mit Gruppen zum Beitreten zwischen den Beiträgen, samt ihrem Button „Weitere Gruppen entdecken“. Beiträge aus deinen Gruppen bleiben.
# context: switch title under News feed; Facebook's own header of a row of Stories from people you don't know, shown between posts
Hide "Stories you might like"	„Stories, die dir gefallen könnten“ ausblenden
# context: summary of that switch; the Stories tray is the row of Stories at the top of the feed
The row of Stories from people you aren't connected to that Facebook puts between posts. Your friends' Stories and the Stories tray stay.	Die Reihe mit Stories von Personen, mit denen du nicht verbunden bist, die Facebook zwischen die Beiträge setzt. Die Stories deiner Freunde und die Stories-Leiste bleiben.
# context: switch title under Notifications; trending videos Facebook sends as push notifications
Block trending video notifications	Benachrichtigungen zu Trend-Videos blockieren
# context: summary of that switch; reels are Facebook's short videos
Trending videos and the reels Facebook picked for you stop showing up in your notifications.	Trend-Videos und die Reels, die Facebook für dich ausgewählt hat, tauchen nicht mehr in deinen Benachrichtigungen auf.
# context: switch title under Notifications; memories are Facebook's posts from past years on the same day
Block memory notifications	Benachrichtigungen zu Erinnerungen blockieren
# context: summary of that switch; On this day is the name Facebook gives its memories feature
Facebook's "On this day" memories stop showing up in your notifications.	Facebooks Erinnerungen „An diesem Tag“ tauchen nicht mehr in deinen Benachrichtigungen auf.
# context: switch title under Notifications; reminders of friends' birthdays
Block birthday notifications	Geburtstagsbenachrichtigungen blockieren
# context: summary of that switch
No more reminders that it's a friend's birthday.	Keine Erinnerungen mehr, dass jemand aus deiner Freundesliste Geburtstag hat.
# context: switch title under Notifications; Page is Facebook's name for a business or public figure's page
Block group and Page highlights	Highlights aus Gruppen und Seiten blockieren
# context: summary of that switch; creators are the people and Pages who post videos and posts you follow
Digests of what's going on in groups, Pages and creators you follow stop. Comments, replies and mentions still come through.	Zusammenfassungen dazu, was in Gruppen, auf Seiten und bei Creatorn los ist, denen du folgst, bleiben aus. Kommentare, Antworten und Erwähnungen kommen weiterhin an.
# context: switch title under Notifications; People you may know is Facebook's name for its friend suggestions, as in Hide "People you may know"
Block "People you may know"	„Personen, die du kennen könntest“ blockieren
# context: summary of that switch; friend requests are other notifications, which always come through
Friend suggestions stop showing up in your notifications. Friend requests still come through.	Freundschaftsvorschläge tauchen nicht mehr in deinen Benachrichtigungen auf. Freundschaftsanfragen kommen weiterhin an.
# context: switch title under Notifications; places near you and weather alerts Facebook sends
Block nearby and weather notifications	Benachrichtigungen zu Orten in der Nähe und zum Wetter blockieren
# context: summary of that switch
Alerts about places near you and about the weather stop.	Hinweise auf Orte in deiner Nähe und zum Wetter bleiben aus.
# context: title of a note under Notifications, below the switches; what no switch there blocks
What always comes through	Was immer ankommt
# context: text of that note; Android's own settings are the phone's per-app notification categories, which Facebook's server defines
Messages, friend requests, comments, mentions, calls and login alerts, and any kind Hushfacebook doesn't know. Android's own settings for Facebook's notification categories work too, since Facebook drops a notification whose category you turned off. Facebook's server decides which categories you get, though, so they may not split these kinds out.	Nachrichten, Freundschaftsanfragen, Kommentare, Erwähnungen, Anrufe und Anmeldewarnungen, dazu jede Art, die Hushfacebook nicht kennt. Androids eigene Einstellungen für die Benachrichtigungskategorien von Facebook wirken ebenfalls, denn Facebook verwirft eine Benachrichtigung, deren Kategorie du ausgeschaltet hast. Welche Kategorien du bekommst, entscheidet allerdings Facebooks Server, deshalb trennen sie diese Arten vielleicht nicht.
# context: switch title under Stories; the stories Facebook suggests in the Stories tray from accounts you don't follow
Hide suggested stories	Vorgeschlagene Stories ausblenden
# context: summary of that switch; Suggested is the label Facebook shows under such a story in the tray, and the tray reloads on its own schedule
Keep friends and followed Pages in the Stories tray. Applies when Facebook next loads the tray.	Behält Freunde und abonnierte Seiten in der Story-Leiste. Gilt beim nächsten Laden der Leiste.
# context: switch title under Marketplace; the ads Facebook puts between the things people sell in Marketplace's feed
Hide sponsored Marketplace listings	Gesponserte Marketplace-Angebote ausblenden
# context: summary of that switch; a boosted listing is one its seller paid Facebook to show to more people
Ads and boosted listings in Marketplace's feed and search results. The other listings stay.	Werbung und hervorgehobene Angebote im Marketplace-Feed und in den Suchergebnissen. Die anderen Angebote bleiben.
# context: switch title under News feed; hides posts whose text holds a word or phrase the person listed
Hide posts with words you choose	Beiträge mit Wörtern deiner Wahl ausblenden
# context: summary of that switch; the keep list is the second list under it, and a settings file is the one Export settings writes
Posts whose text has a word or phrase from your list below. A post with a word from your keep list stays, and so does a post with no text. Your words only leave the phone in a settings file you export.	Beiträge, deren Text ein Wort oder eine Wortfolge aus deiner Liste unten enthält. Ein Beitrag mit einem Wort aus deiner Liste zum Behalten bleibt, ebenso ein Beitrag ohne Text. Deine Wörter verlassen das Handy nur in einer Einstellungsdatei, die du exportierst.
# context: title of the row and dialog holding the list of words and phrases that hide a post
Words to hide	Wörter zum Ausblenden
# context: title of the row and dialog holding the list of words and phrases that keep a post even when it has a word to hide
Words that keep a post	Wörter, bei denen ein Beitrag bleibt
# context: message of the Words to hide dialog; %1$d is how many phrases a list holds (50), %2$d and %3$d the shortest and longest phrase in characters (2 and 60)
One word or phrase per line, up to %1$d, each %2$d to %3$d characters long, or just one for an emoji, a Chinese character, a kana or a Hangul syllable. Capital letters don't matter, and a phrase matches anywhere in a post's text, inside longer words too.	Ein Wort oder eine Wortfolge pro Zeile, bis zu %1$d, jeweils %2$d bis %3$d Zeichen lang, oder nur eins bei einem Emoji, einem chinesischen Schriftzeichen, einem Kana oder einer Hangul-Silbe. Groß- und Kleinschreibung spielt keine Rolle, und eine Wortfolge passt überall im Text eines Beitrags, auch mitten in längeren Wörtern.
# context: message of the Words that keep a post dialog; %1$d is how many phrases a list holds (50), %2$d and %3$d the shortest and longest phrase in characters (2 and 60)
A post with any of these stays, even when it also has a word to hide. One per line, up to %1$d, each %2$d to %3$d characters long, or just one for an emoji, a Chinese character, a kana or a Hangul syllable.	Ein Beitrag mit einem dieser Wörter bleibt, auch wenn er ein Wort zum Ausblenden enthält. Eins pro Zeile, bis zu %1$d, jeweils %2$d bis %3$d Zeichen lang, oder nur eins bei einem Emoji, einem chinesischen Schriftzeichen, einem Kana oder einer Hangul-Silbe.
# context: hint in the empty text box of both word list dialogs
One word or phrase per line	Ein Wort oder eine Wortfolge pro Zeile
# context: toast after saving a word list, one line left out; %2$d and %3$d are the shortest and longest phrase in characters, %4$d how many a list holds
%1$d line was left out. A phrase needs %2$d to %3$d characters, or just one for an emoji, a Chinese character, a kana or a Hangul syllable. One given twice counts once, and a list holds %4$d.	%1$d Zeile wurde weggelassen. Eine Wortfolge braucht %2$d bis %3$d Zeichen, bei einem Emoji, einem chinesischen Schriftzeichen, einem Kana oder einer Hangul-Silbe nur eins. Eine doppelte zählt einmal, und eine Liste fasst %4$d.
# context: toast after saving a word list, several lines left out; %2$d and %3$d are the shortest and longest phrase in characters, %4$d how many a list holds
%1$d lines were left out. A phrase needs %2$d to %3$d characters, or just one for an emoji, a Chinese character, a kana or a Hangul syllable. One given twice counts once, and a list holds %4$d.	%1$d Zeilen wurden weggelassen. Eine Wortfolge braucht %2$d bis %3$d Zeichen, bei einem Emoji, einem chinesischen Schriftzeichen, einem Kana oder einer Hangul-Silbe nur eins. Eine doppelte zählt einmal, und eine Liste fasst %4$d.
# context: summary of the Words to hide row while it's empty
No words yet, so no post is hidden.	Noch keine Wörter, also wird kein Beitrag ausgeblendet.
# context: summary of the Words that keep a post row while it's empty
No words yet.	Noch keine Wörter.
# context: summary of a word list row holding one phrase
%1$d word or phrase.	%1$d Wort oder Wortfolge.
# context: summary of a word list row holding several phrases
%1$d words or phrases.	%1$d Wörter oder Wortfolgen.
# context: added to the Words to hide summary: posts the filter hid since Facebook last started, one
Hid %1$d post since Facebook started.	Seit dem Start von Facebook %1$d Beitrag ausgeblendet.
# context: added to the Words to hide summary: posts the filter hid since Facebook last started, several
Hid %1$d posts since Facebook started.	Seit dem Start von Facebook %1$d Beiträge ausgeblendet.
# context: sentence in the import preview and the toast after an import that empties the list of words to hide
Your list of words to hide will be empty.	Deine Liste der Wörter zum Ausblenden ist dann leer.
# context: sentence in the import preview and the toast after an import; the list of words to hide will hold one phrase
Your list of words to hide will hold %1$d word or phrase.	Deine Liste der Wörter zum Ausblenden enthält dann %1$d Wort oder Wortfolge.
# context: sentence in the import preview and the toast after an import; the list of words to hide will hold several phrases
Your list of words to hide will hold %1$d words or phrases.	Deine Liste der Wörter zum Ausblenden enthält dann %1$d Wörter oder Wortfolgen.
# context: sentence in the import preview and the toast after an import that empties the keep list
Your list of words that keep a post will be empty.	Deine Liste der Wörter, bei denen ein Beitrag bleibt, ist dann leer.
# context: sentence in the import preview and the toast after an import; the keep list will hold one phrase
Your list of words that keep a post will hold %1$d word or phrase.	Deine Liste der Wörter, bei denen ein Beitrag bleibt, enthält dann %1$d Wort oder Wortfolge.
# context: sentence in the import preview and the toast after an import; the keep list will hold several phrases
Your list of words that keep a post will hold %1$d words or phrases.	Deine Liste der Wörter, bei denen ein Beitrag bleibt, enthält dann %1$d Wörter oder Wortfolgen.
# context: section title for the settings about writing posts and comments
Writing	Schreiben
# context: switch title under Writing; @ is the at sign that starts a mention and stays as it is
Tag suggestions only after @	Markierungsvorschläge nur nach @
# context: summary of that switch; the list is Facebook's list of people to tag, and @ stays as it is
Type @ before Facebook suggests someone to tag in posts or comments. Your text stays unchanged.	Facebook schlägt Personen in Beiträgen und Kommentaren erst nach @ vor. Dein Text bleibt unverändert.
# context: switch title under Playback; on, a long video you left partway starts again where you left it
Resume long videos	Lange Videos fortsetzen
# context: summary of that switch; the seek bar is the bar under a video you drag to move through it; Reels is Facebook's name for its short videos
Resume videos over two minutes where you left off. Seek to start elsewhere. Reels, live videos and ads start as usual.	Setzt Videos über zwei Minuten an deiner letzten Stelle fort. Die Suchleiste ändert den Start. Reels, Live-Videos und Werbung starten wie gewohnt.
# context: switch title under News feed, right below Hide AI-detected posts; on, posts their creator labelled as AI go too
Also hide posts labelled as AI	Auch als KI gekennzeichnete Beiträge ausblenden
# context: summary of that switch; the AI label is the one Facebook shows next to the poster's name on such posts
Posts whose creator marked them as made with AI. Facebook puts its AI label next to the name on these as well as on the posts its detection found, and with this on, both kinds go. It's off by default because it hasn't been tested on a real feed yet.	Beiträge, die die Person, die sie erstellt hat, als mit KI erstellt gekennzeichnet hat. Facebook zeigt sein KI-Label neben dem Namen bei diesen wie auch bei den Beiträgen, die seine Erkennung gefunden hat, und mit diesem Schalter verschwinden beide. Der Schalter ist standardmäßig aus, weil er noch nicht in einem echten Feed getestet wurde.
Return to regular Facebook	Zurück zum normalen Facebook
Restore the normal tabs at the next restart. Your other settings stay saved.	Beim nächsten Neustart werden die normalen Tabs wiederhergestellt. Deine anderen Einstellungen bleiben gespeichert.
Marketplace mode is off. Restart Facebook to restore its normal tabs.	Marketplace-Modus ist aus. Starte Facebook neu, um die normalen Tabs wiederherzustellen.
Couldn't save the change. Try again.	Die Änderung konnte nicht gespeichert werden. Versuch es erneut.
Marketplace mode chooses the opening tab. Your previous choice stays saved.	Der Marketplace-Modus bestimmt den Start-Tab. Deine bisherige Auswahl bleibt gespeichert.
Restart needed. Marketplace mode will turn on the next time Facebook starts.	Neustart erforderlich. Der Marketplace-Modus wird beim nächsten Start von Facebook aktiviert.
Restart needed. The normal tabs will return the next time Facebook starts.	Neustart erforderlich. Die normalen Tabs kehren beim nächsten Start von Facebook zurück.
Marketplace is hidden in Facebook's tab settings. Show it under Settings, Tab bar, Customize the bar. Your normal tabs stay available.	Marketplace ist in Facebooks Tab-Einstellungen ausgeblendet. Blende es unter Einstellungen, Tab-Leiste, Leiste anpassen ein. Deine normalen Tabs bleiben verfügbar.
Marketplace unavailable. Facebook hasn't supplied a Marketplace tab for this account. Your normal tabs stay available.	Marketplace nicht verfügbar. Facebook hat für dieses Konto keinen Marketplace-Tab bereitgestellt. Deine normalen Tabs bleiben verfügbar.
Couldn't check the tab bar. Your normal tabs stay available. Restart Facebook to try again.	Die Tab-Leiste konnte nicht geprüft werden. Deine normalen Tabs bleiben verfügbar. Starte Facebook neu, um es erneut zu versuchen.
Waiting for Facebook's tab bar. Marketplace mode will apply when Facebook builds it.	Warten auf Facebooks Tab-Leiste. Der Marketplace-Modus wird angewendet, sobald Facebook sie erstellt.
Off. Turn on to open Marketplace and hide the feed and other social tabs after restarting Facebook.	Aus. Aktiviere den Modus, um nach einem Neustart von Facebook Marketplace zu öffnen und den Feed sowie andere soziale Tabs auszublenden.
Quiet social notifications	Soziale Benachrichtigungen stummschalten
Skip feed preloading	Feed-Vorladen überspringen
Marketplace mode is off.	Marketplace-Modus ist aus.
Paused with Hushfacebook. Your Marketplace choice stays saved. Tabs already hidden return after a restart while paused.	Mit Hushfacebook pausiert. Deine Marketplace-Auswahl bleibt gespeichert. Bereits ausgeblendete Tabs kehren nach einem Neustart zurück, solange Hushfacebook pausiert ist.
Silence video suggestions, memories, birthdays and friend suggestions while this mode is on. Messages and trading updates stay. Your other notification choices stay saved.	Schaltet Videovorschläge, Erinnerungen, Geburtstage und Freundschaftsvorschläge stumm, solange dieser Modus aktiv ist. Nachrichten und Updates zu Käufen und Verkäufen bleiben erhalten. Deine anderen Benachrichtigungseinstellungen bleiben gespeichert.
Reduce background feed loading while Marketplace mode is active. Some loading can still happen during startup.	Verringert das Laden des Feeds im Hintergrund, solange der Marketplace-Modus aktiv ist. Beim Start können weiterhin Daten geladen werden.
Active. Marketplace, Notifications and Profile/Menu stay. Find Hushfacebook settings in Menu, under Settings and privacy.	Aktiv. Marketplace, Benachrichtigungen und Profil/Menü bleiben erhalten. Die Hushfacebook-Einstellungen findest du im Menü unter Einstellungen und Privatsphäre.

# context: Settings overview, category navigation and search.
Marketplace mode and your start tab	Marketplace-Modus und Starttab
Ads, suggestions and word filters	Werbung, Vorschläge und Wortfilter
Suggestions, saving, auto-advance and viewing anonymously	Vorschläge, Speichern, automatischer Wechsel und anonymes Ansehen
Cleaner reels and video controls	Reels und Videosteuerung
Tap to play, quality and resume	Antippen zum Abspielen, Qualität und Fortsetzen
Quality, format and file names	Qualität, Format und Dateinamen
Browse settings	Einstellungen durchsuchen
More settings	Weitere Einstellungen
Additional Facebook preferences	Weitere Facebook-Einstellungen
No matching settings	Keine passenden Einstellungen
%1$d setting found	%1$d Einstellung gefunden
%1$d settings found	%1$d Einstellungen gefunden
Try a different word or clear the search.	Versuch ein anderes Wort oder lösche die Suche.
Search settings	Einstellungen suchen
Clear search	Suche löschen
Your controls are active.	Deine Einstellungen sind aktiv.
Your choices are saved. Tap Resume, then restart Facebook.	Deine Auswahl bleibt gespeichert. Tippe auf Fortsetzen und starte Facebook dann neu.
Pause	Pausieren
Resume	Fortsetzen
Undo	Rückgängig

# context: Settings overview, category navigation and search.
Example without post details	Beispiel ohne Beitragsdetails

# context: Links section, the Supported links row. It reads Android's own per-app selection of Facebook's web addresses (Android 12 and later) and opens Android's Open by default page for this app. Use the phone's own names for Open supported links, Open by default and App info.
Supported links	Unterstützte Links
Android verified this app for Facebook's web addresses, so their links open here.	Android hat diese App für die Webadressen von Facebook bestätigt, deshalb öffnen sich ihre Links hier.
Facebook's web addresses are selected for this app in Android's settings, so their links open here.	Die Webadressen von Facebook sind in den Android-Einstellungen für diese App ausgewählt, deshalb öffnen sich ihre Links hier.
Only some of Facebook's web addresses are selected for this app, and links to the rest open elsewhere. Tap to select them in Android's settings.	Nur einige Webadressen von Facebook sind für diese App ausgewählt, und Links zu den übrigen öffnen sich woanders. Tippe, um sie in den Android-Einstellungen auszuwählen.
None of Facebook's web addresses are selected for this app, so their links open elsewhere. Tap to select them in Android's settings.	Keine Webadresse von Facebook ist für diese App ausgewählt, deshalb öffnen sich ihre Links woanders. Tippe, um sie in den Android-Einstellungen auszuwählen.
Opening supported links is off for this app in Android's settings. Tap to turn it on.	„Unterstützte Links öffnen“ ist für diese App in den Android-Einstellungen aus. Tippe, um es einzuschalten.
Android didn't say which links open here. Tap to check in Android's settings.	Android hat nicht gemeldet, welche Links sich hier öffnen. Tippe, um in den Android-Einstellungen nachzusehen.
Android 11 doesn't say which links open here. Tap to open this app's settings, then Open by default.	Android 11 meldet nicht, welche Links sich hier öffnen. Tippe, um die Einstellungen dieser App zu öffnen, dann auf „Standardmäßig öffnen“.
Selecting links by hand	Links von Hand auswählen
Android checks Facebook's links against Meta's signing key, which a re-signed build doesn't have. Selecting the addresses sends their links here again. It doesn't restore Meta's verification, and your other link settings stay as they are.	Android prüft die Links von Facebook mit dem Signaturschlüssel von Meta, den ein neu signierter Build nicht hat. Wenn du die Adressen auswählst, kommen ihre Links wieder hierher. Die Bestätigung durch Meta kommt dadurch nicht zurück, und deine anderen Link-Einstellungen bleiben, wie sie sind.
Android's settings for this app didn't open. Open App info from Facebook's icon, then Open by default.	Die Android-Einstellungen für diese App ließen sich nicht öffnen. Öffne die App-Info über das Facebook-Symbol, dann „Standardmäßig öffnen“.
# context: message when a save starts and its notification can't show (Facebook's notifications or the saves channel are off); Downloads is the settings section that lists running saves, each with its own Cancel
Saving... Cancel: Downloads in Hushfacebook.	Wird gespeichert … Abbrechen: Downloads in Hushfacebook.
# context: switch title under Reels and Watch; on, a double tap on a reel or a video doesn't like it
Turn off double tap to like	Doppeltippen zum Liken ausschalten
# context: summary of that switch; Like is the name of Facebook's own button, as Facebook shows it in this language
A double tap on a reel or video no longer likes it or shows a heart. A single tap and the Like button work as before.	Doppeltippen auf ein Reel oder Video markiert es nicht mehr mit „Gefällt mir“ und zeigt kein Herz. Einmal tippen und der „Gefällt mir“-Button funktionieren wie bisher.
Keep the reel speed	Reel-Geschwindigkeit beibehalten
# context: summary of that switch
A playback speed you pick in a reel's menu stays for the next reels until you pick another or Facebook restarts. Off, every reel starts at normal speed.	Eine Wiedergabegeschwindigkeit, die du im Menü eines Reels wählst, bleibt für die nächsten Reels, bis du eine andere wählst oder Facebook neu startet. Aus startet jedes Reel mit normaler Geschwindigkeit.
Hold a reel for 2x	Reel für 2x gedrückt halten
# context: summary of that switch; more button is the reel's own button with three dots
Holding a reel plays it at double speed until you let go, in place of Facebook's long-press menu. The reel's more button still opens that menu.	Wenn du ein Reel gedrückt hältst, läuft es mit doppelter Geschwindigkeit, bis du loslässt, statt Facebooks Menü für langes Drücken zu öffnen. Die Mehr-Schaltfläche des Reels öffnet das Menü weiterhin.
Default playback quality	Standard-Wiedergabequalität
Play videos, reels and stories at the quality below. A quality picked in a video's own menu still wins.	Videos, Reels und Storys in der Qualität unten abspielen. Eine im Menü eines Videos gewählte Qualität hat weiter Vorrang.
Playback quality	Wiedergabequalität
Auto	Automatisch
Data saver	Datensparmodus
Up to %1$s	Bis %1$s
Highest	Höchste
Facebook picks the quality as each video plays, from your connection.	Facebook wählt die Qualität beim Abspielen jedes Videos passend zu deiner Verbindung.
Videos play at the lowest quality Facebook offers for each.	Videos laufen in der niedrigsten Qualität, die Facebook für sie anbietet.
Videos play at the best quality up to %1$s that Facebook offers for each, or the closest above.	Videos laufen in der besten Qualität bis %1$s, die Facebook für sie anbietet, oder der nächsthöheren.
Videos play at the highest quality Facebook offers for each.	Videos laufen in der höchsten Qualität, die Facebook für sie anbietet.
Facebook will pick the quality videos play at.	Facebook wählt die Qualität, in der Videos laufen.
Playback quality will be set to %1$s.	Die Wiedergabequalität wird auf %1$s gesetzt.
# context: row title under Pause, backup and diagnostics, shown only while Debug logging is on
Test the Messenger link	Messenger-Verbindung testen
# context: summary of that row; Debug logging is the switch's name as this table gives it
Runs the two reads Facebook makes of Messenger at startup, now, and shows whether each one answered. Shown while Debug logging is on.	Führt die zwei Abfragen, die Facebook beim Start an Messenger stellt, jetzt aus und zeigt, ob jede beantwortet wurde. Sichtbar, solange Debug-Protokollierung an ist.
# context: toast when the test can't begin
The Messenger link test couldn't start.	Der Test der Messenger-Verbindung konnte nicht starten.
# context: toast on a build without the test
This build can't run the Messenger link test.	Dieser Build kann den Test der Messenger-Verbindung nicht ausführen.
# context: toast when Facebook has no signed-in account
No signed-in account to test with.	Kein angemeldetes Konto für den Test.
# context: toast with the test's result; each placeholder is one of: answered, no answer, failed (...)
Opt-out read: %1$s. Triggered read: %2$s.	Opt-out-Abfrage: %1$s. Auslöser-Abfrage: %2$s.
# context: a read's result in that toast
no answer	keine Antwort
# context: a read's result in that toast
answered	beantwortet
# context: a read's result in that toast; the placeholder is an error's class name, left in English
failed (%1$s)	fehlgeschlagen (%1$s)
# context: switch title under Reels and Watch; the dot is the tab bar's new-item badge
Hide the Reels tab dot	Punkt am Reels-Tab ausblenden
# context: summary of that switch; Video is Facebook's name for the tab on some accounts
No dot or new count on the Reels tab, called Video on some accounts. Other tabs keep theirs.	Kein Punkt und keine Neu-Zahl am Reels-Tab, bei manchen Konten Video genannt. Andere Tabs behalten ihre.
