# Indonesian for Hushfacebook: the English key, a tab, the translation. One row per string.
# After editing, run python scripts/gen-l10n.py from the repository root.
"Pages you may like" cards and the cards Facebook uses to push its own features. In-feed surveys go too.	Kartu “Halaman yang mungkin Anda sukai” dan kartu yang dipakai Facebook untuk menawarkan fiturnya sendiri. Survei di Kabar Beranda ikut hilang.
%1$d item in that file isn't a setting this version of Hushfacebook knows, so it'll be left out.	%1$d item dalam file itu bukan pengaturan yang dikenali versi Hushfacebook ini, jadi tidak akan disertakan.
%1$d items in that file aren't settings this version of Hushfacebook knows, so they'll be left out.	%1$d item dalam file itu bukan pengaturan yang dikenali versi Hushfacebook ini, jadi tidak akan disertakan.
%1$d switch will change.	%1$d sakelar akan berubah.
%1$d switches will change.	%1$d sakelar akan berubah.
%1$s of %2$s	%1$s dari %2$s
%1$s so far	%1$s terunduh
%1$s. It was set when you patched, so Pause can't turn it off. To rule it out, patch again and leave out that patch.	%1$s. Ini diatur saat Anda menambal, jadi Jeda tidak dapat mematikannya. Untuk memastikan bukan ini penyebabnya, tambal ulang tanpa tambalan yang tertera dalam kurung setelahnya.
%1$s. They were set when you patched, so Pause can't turn them off. To rule one out, patch again and leave out the patch in brackets after it.	%1$s. Ini diatur saat Anda menambal, jadi Jeda tidak dapat mematikannya. Untuk memastikan bukan ini penyebabnya, tambal ulang tanpa tambalan yang tertera dalam kurung setelahnya.
A change here applies after Facebook restarts.	Perubahan di sini berlaku setelah Facebook dimulai ulang.
A diagnostic report is already being saved.	Sudah ada laporan diagnostik yang sedang disimpan.
Add a Download button to reels, using your download quality. Off or paused, Facebook's own buttons return.	Tambahkan tombol Unduh ke reel dengan kualitas unduhan Anda. Saat mati atau dijeda, tombol asli Facebook kembali.
A file named %1$s in %2$s paused Hushfacebook.	File bernama %1$s di %2$s menjeda Hushfacebook.
About	Tentang
Ad cards between the stories people posted.	Kartu iklan di antara cerita yang diposting orang.
Ad telemetry blocked	Telemetri iklan diblokir
Add Download to phone to feed and Watch video menus. Uses the quality below. Off or paused, Facebook's menu returns.	Tambahkan Unduh ke ponsel pada menu video feed dan Watch. Menggunakan kualitas di bawah. Saat mati atau dijeda, menu Facebook kembali.
Add Save to every story menu, using your download quality. Off or paused, Facebook only saves your own stories.	Tambahkan Simpan ke semua menu cerita dengan kualitas unduhan Anda. Saat mati atau dijeda, Facebook hanya menyimpan cerita sendiri.
Ads inside Reels, starting with the next batch Facebook loads. Banners, mid-rolls and app-inserted ads stay blocked even while paused.	Iklan di dalam Reels, mulai dari kumpulan berikutnya yang dimuat Facebook. Banner, iklan di tengah video, dan iklan yang disisipkan aplikasi tetap diblokir saat dijeda.
AMOLED black theme	Tema hitam AMOLED
Appearance	Tampilan
Audience Network off	Audience Network nonaktif
Back	Kembali
Background ad prefetch blocked	Pramuat iklan di latar belakang diblokir
Cancel	Batal
Cancel saving this photo	Batalkan penyimpanan foto ini
Cancel saving this video	Batalkan penyimpanan video ini
Changing these	Mengubah pilihan ini
Choose a settings file. Before anything is imported, you'll see how many switches it changes and any new download settings.	Pilih file pengaturan. Sebelum apa pun diimpor, Anda akan melihat berapa sakelar yang berubah dan pengaturan unduhan yang baru.
Clear diagnostic data	Hapus data diagnostik
Copy a quick report or save the full one to Download/Morphe. Links, IDs, cookies and sign-in tokens are left out. Check it for other private text before you share it.	Salin laporan singkat atau simpan laporan lengkap di Download/Morphe. Tautan, ID, cookie, dan token masuk dihilangkan. Periksa teks pribadi lainnya sebelum membagikannya.
Copy quick report	Salin laporan singkat
Copying to the gallery	Menyalin ke galeri
Couldn't import the settings, and couldn't put back the ones you had. Check the switches on this screen.	Pengaturan tidak dapat diimpor, dan pengaturan sebelumnya tidak dapat dikembalikan. Periksa sakelar di layar ini.
Couldn't import the settings. Nothing was changed.	Pengaturan tidak dapat diimpor. Tidak ada yang diubah.
Couldn't open that file. Nothing was changed.	File itu tidak dapat dibuka. Tidak ada yang diubah.
Couldn't open the file picker. Try again.	Pemilih file tidak dapat dibuka. Coba lagi.
Couldn't put back the diagnostic data. Try again.	Data diagnostik tidak dapat dikembalikan. Coba lagi.
Couldn't save the settings file. Try again.	File pengaturan tidak dapat disimpan. Coba lagi.
Couldn't save this video. Play it for a moment, then try again.	Video ini tidak dapat disimpan. Putar sebentar, lalu coba lagi.
Couldn't start that. Try again in a moment.	Tidak dapat dimulai. Coba lagi dalam beberapa saat.
Couldn't start the report export. Try again shortly.	Ekspor laporan tidak dapat dimulai. Coba lagi dalam beberapa saat.
Couldn't turn Hushfacebook back on. Try again.	Hushfacebook tidak dapat diaktifkan lagi. Coba lagi.
Dark mode draws black instead of dark grey. Turn on dark mode in Facebook to see it.	Mode gelap memakai warna hitam, bukan abu-abu gelap. Aktifkan mode gelap di Facebook untuk melihatnya.
Dark mode draws %1$s instead of dark grey. Turn on dark mode in Facebook to see it.	Mode gelap memakai warna %1$s, bukan abu-abu gelap. Aktifkan mode gelap di Facebook untuk melihatnya.
Debug logging	Pencatatan debug
Diagnostic data cleared. Tap again to put it back.	Data diagnostik dihapus. Ketuk lagi untuk mengembalikannya.
Diagnostic data put back.	Data diagnostik dikembalikan.
Diagnostic report copied to the clipboard.	Laporan diagnostik disalin ke papan klip.
Download	Unduh
Download button on reels	Tombol Unduh di Reels
Download failed	Unduhan gagal
Download feed and Watch videos	Unduh video dari Kabar Beranda dan Watch
Download to phone	Unduh ke ponsel
Downloading	Mengunduh
Downloads	Unduhan
Empties the log and the filter counts a report would include.	Mengosongkan log dan hitungan filter yang akan dimasukkan ke laporan.
Every switch but Debug logging acts as if it were off, and what was set when you patched stays in. Your settings stay as they are.	Semua sakelar kecuali Pencatatan debug dianggap nonaktif, dan yang diatur saat Anda menambal tetap aktif. Pengaturan Anda tetap seperti semula.
Export diagnostic report	Ekspor laporan diagnostik
Export settings	Ekspor pengaturan
Facebook crashed or froze within a minute of starting three times in a row, so Hushfacebook paused itself.	Facebook berhenti mendadak atau macet dalam satu menit setelah dibuka, tiga kali berturut-turut, jadi Hushfacebook menjeda dirinya sendiri.
Facebook doesn't download ads or its ad model in the background.	Facebook tidak mengunduh iklan atau model iklannya di latar belakang.
Facebook doesn't serve ads to other apps on this phone.	Facebook tidak menayangkan iklan ke aplikasi lain di ponsel ini.
Facebook dark mode and this screen use your wallpaper colours. Android 11 uses blue instead. Turn on Facebook dark mode to see it.	Mode gelap Facebook dan halaman ini memakai warna wallpaper Anda. Android 11 memakai biru. Aktifkan mode gelap Facebook untuk melihatnya.
Joining the picture and sound	Menggabungkan gambar dan suara
From the next start, every switch but Debug logging acts as if it were off. Changes made when you patched stay in, and your choices stay saved.	Mulai peluncuran berikutnya, semua sakelar kecuali Pencatatan debug dianggap nonaktif. Yang diatur saat Anda menambal tetap aktif, dan pilihan Anda tetap tersimpan.
Settings exported. The app holding the file wouldn't let Hushfacebook read it back, so it wasn't checked.	Pengaturan diekspor. Aplikasi yang menyimpan file itu tidak mengizinkan Hushfacebook membacanya kembali, jadi file itu tidak diperiksa.
The app holding that file is taking too long, so Hushfacebook stopped waiting. Nothing was changed.	Aplikasi yang menyimpan file itu terlalu lama, jadi Hushfacebook berhenti menunggu. Tidak ada yang diubah.
The app holding the last settings file still hasn't answered. Try again later.	Aplikasi yang menyimpan file pengaturan terakhir masih belum merespons. Coba lagi nanti.
The app holding the settings file is taking too long, so Hushfacebook stopped waiting. That app may still finish saving it, so check the file before you rely on it.	Aplikasi yang menyimpan file pengaturan terlalu lama, jadi Hushfacebook berhenti menunggu. Aplikasi itu mungkin masih menyelesaikan penyimpanannya, jadi periksa file itu sebelum mengandalkannya.
The file %1$s couldn't be removed. Delete it from %2$s, then tap Resume again.	File %1$s tidak dapat dihapus. Hapus file itu dari %2$s, lalu ketuk Lanjutkan lagi.
The settings file was saved, but it doesn't read back as what was written. Save it again as a new file.	File pengaturan sudah disimpan, tetapi isinya saat dibaca kembali tidak sama dengan yang ditulis. Simpan lagi sebagai file baru.
Until you resume, every switch but Debug logging acts as if it were off. Changes made when you patched stay in.	Sampai Anda melanjutkan, semua sakelar kecuali Pencatatan debug dianggap nonaktif. Yang diatur saat Anda menambal tetap aktif.
Use your phone's emoji. Reactions and stickers stay the same. Restart Facebook after changing it.	Gunakan emoji ponsel. Reaksi dan stiker tetap sama. Mulai ulang Facebook setelah mengubahnya.
# context: switch title under Appearance; the tab bar is Facebook's row of tabs, Home, Video, Marketplace and the rest
Tab bar at the bottom	Bilah tab di bawah
# context: description of that switch; Facebook shows the tab bar at the top of the screen on some accounts and at the bottom on others
Put Facebook's tab bar at the bottom of the screen on accounts that have it at the top. Restart Facebook after changing it.	Memindahkan bilah tab Facebook ke bagian bawah layar pada akun yang menampilkannya di atas. Mulai ulang Facebook setelah mengubahnya.
Use your phone's font or a file chosen below. Restart Facebook after changing it.	Gunakan font ponsel atau file yang dipilih di bawah. Mulai ulang Facebook setelah mengubahnya.
Font file	File font
Use your phone's font	Gunakan font ponsel
Stops using the font file and goes back to your phone's font.	Berhenti memakai file font dan kembali ke font ponsel Anda.
None chosen, so your phone's font is used. Choose a TrueType or OpenType file of up to %1$d MB.	Belum ada yang dipilih, jadi font ponsel Anda yang dipakai. Pilih file TrueType atau OpenType hingga %1$d MB.
Hushfacebook's copy of %1$s is gone, so your phone's font is used. Choose the file again.	Salinan %1$s milik Hushfacebook sudah tidak ada, jadi font ponsel Anda yang dipakai. Pilih file itu lagi.
Using %1$s. Choose another file to replace it.	Memakai %1$s. Pilih file lain untuk menggantinya.
Copying the font file	Menyalin file font
Font set to %1$s. Restart Facebook to see it.	Font diatur menjadi %1$s. Mulai ulang Facebook untuk melihatnya.
That isn't a TrueType or OpenType font file. Your font didn't change.	Itu bukan file font TrueType atau OpenType. Font Anda tidak berubah.
That font file is over %1$d MB. Your font didn't change.	File font itu lebih dari %1$d MB. Font Anda tidak berubah.
Android couldn't draw with that font file. Your font didn't change.	Android tidak dapat menggambar dengan file font itu. Font Anda tidak berubah.
Couldn't save a copy of that font. Check that the phone has room, then try again.	Salinan font itu tidak dapat disimpan. Pastikan ponsel masih punya ruang, lalu coba lagi.
Couldn't open that file. Your font didn't change.	File itu tidak dapat dibuka. Font Anda tidak berubah.
Back to your phone's font. Restart Facebook to see it.	Kembali ke font ponsel Anda. Mulai ulang Facebook untuk melihatnya.
Couldn't go back to your phone's font. Try again.	Tidak dapat kembali ke font ponsel Anda. Coba lagi.
Full report saved to %1$s	Laporan lengkap disimpan ke %1$s
GPL-3.0, with the notices of the projects this is built on	GPL-3.0, beserta pemberitahuan dari proyek yang menjadi dasarnya
Hide "People you may know"	Sembunyikan “Orang yang Mungkin Anda Kenal”
Hide "Suggested for you" posts	Sembunyikan postingan “Disarankan untuk Anda”
Hide AI-detected posts	Sembunyikan postingan yang terdeteksi dibuat dengan AI
Hide promoted posts	Sembunyikan postingan promosi
Hide Reels in the feed	Sembunyikan Reels di Kabar Beranda
Hide sponsored posts	Sembunyikan postingan bersponsor
Hide sponsored reels	Sembunyikan Reels bersponsor
Hide sponsored stories	Sembunyikan cerita bersponsor
Hide page suggestions and Facebook's own promos	Sembunyikan saran Halaman dan promosi Facebook sendiri
Hide the Stories tray	Sembunyikan deretan Cerita
How far a photo or video you're saving has got, with a button to cancel it	Progres foto atau video yang sedang Anda simpan, dengan tombol untuk membatalkannya
Hushfacebook %1$s on Facebook %2$s	Hushfacebook %1$s di Facebook %2$s
Hushfacebook is on	Hushfacebook aktif
Hushfacebook is paused	Hushfacebook dijeda
Hushfacebook saves	Penyimpanan Hushfacebook
Hushfacebook settings	Pengaturan Hushfacebook
Hushfacebook settings couldn't open	Pengaturan Hushfacebook tidak dapat dibuka
Hushfacebook turns back on when Facebook restarts.	Hushfacebook aktif lagi saat Facebook dimulai ulang.
Import	Impor
Import settings	Impor pengaturan
Importing settings	Mengimpor pengaturan
Licenses	Lisensi
Link expired. Reopen the item and try again	Tautan kedaluwarsa. Buka ulang kontennya lalu coba lagi
Links	Tautan
Material You theme	Tema Material You
News feed	Kabar Beranda
No screenshot watching for ads, and no reports of which apps you install.	Tangkapan layar iklan tidak dipantau, dan aplikasi yang Anda pasang tidak dilaporkan.
Not saved: that isn't a Facebook photo or video	Tidak disimpan: itu bukan foto atau video Facebook
Not saved: the file is over 512 MB	Tidak disimpan: file lebih dari 512 MB
OK	Oke
Choose a folder name under Movies and Pictures. Invalid characters become underscores. Leave it blank to use the default folder, %1$s.	Pilih nama folder di Movies dan Pictures. Karakter yang tidak valid menjadi garis bawah. Kosongkan untuk memakai folder bawaan, %1$s.
Open links in your browser	Buka tautan di browser Anda
Paid ads in the feed. They're dropped before Facebook adds them, so no gap is left.	Iklan berbayar di Kabar Beranda. Iklannya dibuang sebelum ditambahkan Facebook, jadi tidak meninggalkan ruang kosong.
Pause Hushfacebook	Jeda Hushfacebook
Posts Facebook files as promotions rather than as ads.	Postingan yang dikategorikan Facebook sebagai promosi, bukan iklan.
Posts Facebook slips into your feed from people and pages you don't follow and groups you haven't joined.	Postingan dari orang dan Halaman yang tidak Anda ikuti serta dari grup tempat Anda belum bergabung, yang diselipkan Facebook ke Kabar Beranda Anda.
Posts that Facebook's own detection marks as made with AI. A post that only its creator labelled as AI stays. It's off by default because it hasn't been tested on a real feed yet.	Postingan yang ditandai deteksi Facebook sendiri sebagai buatan AI. Postingan yang hanya diberi label AI oleh pembuatnya tetap ada. Sakelar ini nonaktif secara default karena belum diuji di Kabar Beranda sungguhan.
Profiles and some Settings pages open again on this re-signed build.	Profil dan beberapa halaman Pengaturan dapat dibuka lagi di build yang ditandatangani ulang ini.
Re-signed build fix	Perbaikan build yang ditandatangani ulang
Reading the settings file	Membaca file pengaturan
Reels and Watch	Reels dan Watch
# context: the How to block Reels map at the top of Reels and Watch; the last row's %1$s is a patch name as Morphe Manager shows it, kept in English
How to block Reels	Cara memblokir Reels
Reels show up in four places, and each one has its own control.	Reels muncul di empat tempat, dan masing-masing punya kontrolnya sendiri.
Reels in the feed	Reels di Kabar Beranda
In News feed, Hide Reels in the feed blocks the rows of reels between posts.	Di Kabar Beranda, “Sembunyikan Reels di Kabar Beranda” memblokir deretan Reels di antara postingan.
Reels that play by themselves	Reels yang diputar sendiri
In Playback, Tap to play blocks autoplay, so reels and other videos wait for your tap.	Di Pemutaran, “Ketuk untuk memutar” memblokir putar otomatis, jadi Reels dan video lain menunggu ketukan Anda.
The Reels tab	Tab Reels
# context: map line without the patch; %1$s is the patch's English name in Morphe Manager
Facebook's own setting blocks it. Open Settings, Tab bar, Customize the bar and choose Hide next to Reels, which some accounts call Video. If neither is listed, choose the %1$s patch in Morphe Manager and patch again.	Pengaturan Facebook sendiri yang memblokirnya. Buka Pengaturan, Bilah tab, Sesuaikan bilah, lalu pilih Sembunyikan di samping Reels, yang di beberapa akun disebut Video. Jika keduanya tidak tercantum, pilih tambalan %1$s di Morphe Manager lalu tambal ulang.
# context: map line with the patch; Reels and Watch is this settings section, Hide the Reels tab is the switch below
In Reels and Watch, Hide the Reels tab blocks it after a restart.	Di “Reels dan Watch”, “Sembunyikan tab Reels” memblokirnya setelah dimulai ulang.
# context: switch title under Reels and Watch; the tab some accounts call Video
Hide the Reels tab	Sembunyikan tab Reels
# context: summary of that switch
Take the Reels tab, called Video on some accounts, off the tab bar. Reel links and reels in the feed still open. Changes show after Facebook restarts.	Menghapus tab Reels, yang di beberapa akun disebut Video, dari bilah tab. Tautan Reels dan Reels di Kabar Beranda tetap terbuka. Perubahan berlaku setelah Facebook dimulai ulang.
# context: start tab row summary when Video is the chosen tab and Hide the Reels tab is on; Home and Video are tab names
Facebook opens on Home while Hide the Reels tab is on, since Video is off the tab bar. Your choice stays saved.	Facebook terbuka di Beranda selama “Sembunyikan tab Reels” aktif, karena Video tidak ada di bilah tab. Pilihan Anda tetap tersimpan.
Everything except Marketplace	Semua kecuali Marketplace
In Opening Facebook, Marketplace only blocks the feed, the Reels tab and the other social tabs after a restart.	Di “Saat Facebook dibuka”, “Hanya Marketplace” memblokir Kabar Beranda, tab Reels, dan tab sosial lainnya setelah dimulai ulang.
Not in this build. To block this, choose the %1$s patch in Morphe Manager and patch again.	Tidak ada di build ini. Untuk memblokirnya, pilih tambalan %1$s di Morphe Manager lalu tambal ulang.
Remove tracking from shared links	Hapus pelacakan dari tautan yang dibagikan
Retry	Coba lagi
Save any story	Simpan cerita apa pun
Save cancelled	Penyimpanan dibatalkan
Save folder	Folder simpan
Save full report	Simpan laporan lengkap
Saved to %1$s	Disimpan ke %1$s
Saved to the gallery	Disimpan ke galeri
Saved to %1$s in lower quality than on Facebook	Disimpan ke %1$s dengan kualitas lebih rendah daripada di Facebook
Saved to the gallery in lower quality than on Facebook	Disimpan ke galeri dengan kualitas lebih rendah daripada di Facebook
Saved. Restart Facebook to apply this change.	Tersimpan. Mulai ulang Facebook untuk menerapkan perubahan ini.
Save your switches and download settings to a file. Pause and Debug logging aren't included, and neither is the release check.	Simpan sakelar dan pengaturan unduhan Anda ke sebuah file. Jeda dan Pencatatan debug tidak disertakan, begitu pula pemeriksaan rilis.
# The release check: its switch and Check now row under Updates, the status card's line about a newer release, and what a failed try says.
Check for new Hushfacebook releases	Periksa rilis Hushfacebook baru
Ask GitHub once a day at startup and show newer releases on the overview. Off by default. Nothing is downloaded.	Periksa GitHub sekali sehari saat mulai dan tampilkan rilis baru di ringkasan. Mati secara bawaan. Tidak mengunduh apa pun.
Check now	Periksa sekarang
Asks GitHub for the newest release right now, even with the switch above off.	Menanyakan rilis terbaru ke GitHub sekarang juga, meski sakelar di atas mati.
Checking GitHub now.	Sedang memeriksa GitHub.
Hushfacebook %1$s is out. Update it in Morphe Manager.	Hushfacebook %1$s sudah dirilis. Perbarui di Morphe Manager.
It targets Facebook %1$s.	Rilis ini ditujukan untuk Facebook %1$s.
Hushfacebook %1$s targets Facebook %2$s.	Hushfacebook %1$s ditujukan untuk Facebook %2$s.
You have the newest Hushfacebook release.	Anda sudah memakai rilis Hushfacebook terbaru.
The newest Hushfacebook release is %1$s.	Rilis Hushfacebook terbaru adalah %1$s.
Couldn't reach GitHub. Try again later.	GitHub tidak dapat dihubungi. Coba lagi nanti.
GitHub is turning away checks from this network for now. Try again later.	GitHub sedang menolak pemeriksaan dari jaringan ini. Coba lagi nanti.
GitHub's answer couldn't be used. Try again later.	Jawaban GitHub tidak dapat digunakan. Coba lagi nanti.
Saves will go to a folder named %1$s.	Semua yang Anda simpan akan masuk ke folder bernama %1$s.
Saving a photo	Menyimpan foto
Saving a video	Menyimpan video
Saving the settings file	Menyimpan file pengaturan
Saving...	Menyimpan...
Set when you patched	Diatur saat Anda menambal
Settings couldn't open	Pengaturan tidak dapat dibuka
Settings couldn't refresh completely. Reopen settings and try again.	Pengaturan tidak dapat dimuat ulang sepenuhnya. Buka kembali pengaturan lalu coba lagi.
Settings exported.	Pengaturan diekspor.
Settings imported. %1$d switch changed.	Pengaturan diimpor. %1$d sakelar berubah.
Settings imported. %1$d switches changed.	Pengaturan diimpor. %1$d sakelar berubah.
Settings imported. Saves will go to a folder named %1$s.	Pengaturan diimpor. Semua yang Anda simpan akan masuk ke folder bernama %1$s.
Source code and issues	Kode sumber dan laporan masalah
Stays in while paused	Tetap aktif saat dijeda
Stories	Cerita
Takes tracking tags such as mibextid off the links you share or copy. A facebook.com/share/ link is made for one share, so Facebook can still trace it back to you.	Menghapus tag pelacakan seperti mibextid dari tautan yang Anda bagikan atau salin. Tautan facebook.com/share/ dibuat khusus untuk satu kali berbagi, jadi Facebook tetap dapat mengaitkannya dengan Anda.
Tap to turn it back on.	Ketuk untuk mengaktifkan Hushfacebook lagi.
That file is too large to be a settings file. Nothing was changed.	File itu terlalu besar untuk sebuah file pengaturan. Tidak ada yang diubah.
That file isn't readable text, so it may have been damaged on the way. Nothing was changed.	File itu bukan teks yang dapat dibaca, jadi mungkin rusak saat ditransfer. Tidak ada yang diubah.
That file lists a setting twice, so there's no telling which value to use. Nothing was changed.	File itu mencantumkan satu pengaturan dua kali, jadi tidak jelas nilai mana yang harus dipakai. Tidak ada yang diubah.
That isn't a Hushfacebook settings file. Nothing was changed.	Itu bukan file pengaturan Hushfacebook. Tidak ada yang diubah.
That settings file holds a value Hushfacebook can't read. Nothing was changed.	File pengaturan itu memuat nilai yang tidak dapat dibaca Hushfacebook. Tidak ada yang diubah.
That settings file is damaged or only partly downloaded. Nothing was changed.	File pengaturan itu rusak atau hanya terunduh sebagian. Tidak ada yang diubah.
That settings file was written by a newer Hushfacebook than this one. Nothing was changed.	File pengaturan itu dibuat oleh versi Hushfacebook yang lebih baru daripada versi ini. Tidak ada yang diubah.
the Audience Network block	pemblokir Audience Network
the black background in dark mode	latar belakang hitam dalam mode gelap
the block on downloading ads in the background	pemblokir unduhan iklan di latar belakang
the block on reports of ad screenshots and app installs	pemblokir laporan tangkapan layar iklan dan aplikasi yang dipasang
The diagnostic report couldn't be saved yet. Try again in a moment.	Laporan diagnostik belum dapat disimpan. Coba lagi dalam beberapa saat.
The diagnostic report couldn't be saved. Try again.	Laporan diagnostik tidak dapat disimpan. Coba lagi.
The file %1$s couldn't be removed. Delete it from %2$s to turn Hushfacebook back on.	File %1$s tidak dapat dihapus. Hapus file itu dari %2$s untuk mengaktifkan Hushfacebook lagi.
the part of the Reels ad block patched into the app	bagian pemblokir iklan Reels yang ditambalkan ke aplikasi
the re-signed build fix	perbaikan build yang ditandatangani ulang
the start-up fix for x86 devices	perbaikan saat mulai untuk perangkat x86
the recoloured dark mode	mode gelap yang diwarnai ulang
The row of friend suggestions between posts, and the one on your own profile.	Deretan saran pertemanan di antara postingan, dan deretan di profilmu sendiri.
The row of stories at the top of the feed, Create story included, and the rows of stories between posts.	Deretan cerita di bagian atas Kabar Beranda, termasuk “Buat cerita”, dan deretan cerita di antara postingan.
The rows of reels between posts, and the reels Facebook adds where your feed ends.	Deretan Reels di antara postingan, dan Reels yang ditambahkan Facebook di akhir Kabar Beranda Anda.
The setting couldn't finish updating. Its saved value is shown.	Pengaturan ini tidak dapat selesai diperbarui. Nilai yang tersimpan ditampilkan.
There's no diagnostic data to clear.	Tidak ada data diagnostik yang dapat dihapus.
There's no diagnostic data to put back.	Tidak ada data diagnostik yang dapat dikembalikan.
They're chosen in Morphe Manager when you patch, and Pause doesn't turn them off. Patch again to change them.	Semua ini dipilih di Morphe Manager saat Anda menambal, dan Jeda tidak mematikannya. Tambal ulang untuk mengubahnya.
This phone has no file picker, so there's no way to choose a file here.	Ponsel ini tidak memiliki pemilih file, jadi file tidak dapat dipilih di sini.
Try again, or go back to Facebook.	Coba lagi, atau kembali ke Facebook.
The switch takes effect when Facebook restarts.	Sakelar ini berlaku saat Facebook dimulai ulang.
Use the system font	Gunakan font sistem
Use the phone's emoji	Gunakan emoji ponsel
Version	Versi
Version %1$s for Facebook %2$s	Versi %1$s untuk Facebook %2$s
Videos go to %1$s and photos to %2$s.	Video disimpan ke %1$s dan foto ke %2$s.
Open web links in your browser. Facebook's own pages stay in the app.	Buka tautan web di browser Anda. Halaman Facebook tetap di aplikasi.
Record patch activity and show errors for a bug report. Leave off during normal use.	Catat aktivitas patch dan tampilkan kesalahan untuk laporan bug. Matikan saat penggunaan biasa.
You paused Hushfacebook.	Anda menjeda Hushfacebook.
Your switches already match that file, so nothing will change.	Sakelar Anda sudah sesuai dengan file itu, jadi tidak ada yang akan berubah.
Keep feed position on return	Pertahankan posisi beranda saat kembali
Returning to Facebook within ten minutes keeps your place. Pull to refresh still works.	Jika kembali ke Facebook dalam sepuluh menit, posisi beranda tetap sama. Tarik ke bawah untuk memuat ulang masih berfungsi.
No time limit	Tanpa batas waktu
With the switch above on, your place stays however long you're away. Pull to refresh and a fresh start still load new posts.	Jika sakelar di atas aktif, posisi Anda tetap tersimpan berapa lama pun Anda pergi. Tarik untuk memuat ulang dan membuka ulang aplikasi tetap memuat postingan baru.
A finished story stays on screen until you tap or swipe. Turn this off for Facebook's timing.	Cerita yang selesai tetap di layar sampai Anda mengetuk atau menggeser. Matikan ini untuk memakai waktu bawaan Facebook.
View stories anonymously	Lihat cerita secara anonim
Facebook isn't told which stories you watch, so you stay off their viewer lists. Replying or reacting still shows you, and stories you've watched keep their unwatched ring.	Facebook tidak diberi tahu cerita mana yang kamu tonton, jadi kamu tidak masuk daftar penontonnya. Membalas atau memberi reaksi tetap menunjukkan dirimu, dan cerita yang sudah kamu tonton tetap memakai lingkaran cerita yang belum dilihat.
Stop Story auto-advance	Hentikan perpindahan otomatis Cerita
Copy a short report to the clipboard.	Salin laporan singkat ke papan klip.
Save the full report in Download/Morphe.	Simpan laporan lengkap di Download/Morphe.
Folder set to %1$s.	Folder diatur menjadi %1$s.
Save	Simpan
Folder name	Nama folder
Hide prompts and promos under reels	Sembunyikan ajakan dan promosi di bawah reel
Remix, Use template, Add yours and Edits buttons, plus Stars, games, partner apps and outside links. The song and other labels stay.	Tombol untuk Remix, memakai templat, menambahkan milik Anda, dan Edits, serta tombol Bintang, game, aplikasi mitra, dan tautan eksternal. Lagu dan label lainnya tetap ada.
Hide the Follow button on reels	Sembunyikan tombol Ikuti di reel
The Follow button next to the reel's author. You can still follow them from their profile.	Tombol Ikuti di samping nama pembuat reel. Anda tetap bisa mengikutinya dari profilnya.
Hide comment and reaction previews	Sembunyikan pratinjau komentar dan reaksi
The comment Facebook previews under a reel and the bubbles of friends who reacted. Open the comments to see them all.	Komentar yang ditampilkan Facebook sebagai pratinjau di bawah reel, dan gelembung teman yang memberi reaksi. Buka komentar untuk melihat semuanya.
Download quality	Kualitas unduhan
Best	Terbaik
Smallest	Terkecil
Each video saves at the best quality the player streams.	Setiap video disimpan dengan kualitas streaming terbaik dari pemutar.
Each video saves at its lowest quality, for the smallest file.	Setiap video disimpan dengan kualitas terendahnya, agar ukuran filenya sekecil mungkin.
Each video saves at %1$s or the closest quality below it. A video with nothing that low saves at the closest quality above.	Setiap video disimpan dalam %1$s atau kualitas terdekat di bawahnya. Video yang tidak memiliki kualitas serendah itu disimpan dalam kualitas terdekat di atasnya.
Videos will save at the best quality.	Video akan disimpan dengan kualitas terbaik.
Videos will save at their lowest quality, for the smallest files.	Video akan disimpan dengan kualitas terendahnya, agar ukuran filenya sekecil mungkin.
Videos will save at %1$s or the closest quality below it. A video with nothing that low will save at the closest quality above.	Video akan disimpan dalam %1$s atau kualitas terdekat di bawahnya. Video yang tidak memiliki kualitas serendah itu akan disimpan dalam kualitas terdekat di atasnya.
Settings imported.	Pengaturan diimpor.
Video file name	Nama file video
%1$s becomes the date and time of the save, %2$s the video's number on Facebook, %3$s who posted it, %4$s their profile's number on Facebook and %5$s the day it was posted. What a save doesn't know is left out, and a name with none of these gets the date added. When the name is already in the folder, the time of the save goes on the end. Invalid characters become underscores. Leave it blank to use the default, %6$s.	%1$s diganti dengan tanggal dan waktu penyimpanan, %2$s dengan nomor video di Facebook, %3$s dengan nama pengunggahnya, %4$s dengan nomor profilnya di Facebook, dan %5$s dengan tanggal unggahnya. Yang tidak diketahui saat menyimpan akan dihilangkan, dan nama tanpa satu pun di antaranya akan ditambahi tanggal. Jika nama itu sudah ada di folder, waktu penyimpanan ditambahkan di akhir. Karakter yang tidak valid menjadi garis bawah. Kosongkan untuk memakai nama bawaan, %6$s.
Videos are named %1$s. Photos keep Facebook's own %2$s names.	Video diberi nama %1$s. Foto tetap memakai nama %2$s bawaan Facebook.
Saved videos will be named %1$s.	Video yang disimpan akan diberi nama %1$s.
File name	Nama file
File name set to %1$s.	Nama file diatur menjadi %1$s.
Hide AI-detected reels and videos	Sembunyikan reel dan video yang terdeteksi dibuat dengan AI
No app on this phone can open the link. The address is %1$s.	Tidak ada aplikasi di ponsel ini yang dapat membuka tautan ini. Alamatnya %1$s.
Hushfacebook pauses when Facebook restarts.	Hushfacebook dijeda saat Facebook dimulai ulang.
Pause, backup and diagnostics	Jeda, cadangan, dan diagnostik
Updates	Pembaruan
Stop update prompts	Hentikan permintaan pembaruan
Facebook stops asking you to update through Meta App Manager and stops having it look for one. Chat promotions aimed at older versions go too. A patched build can't install Meta's updates anyway.	Facebook berhenti meminta Anda memperbarui lewat Meta App Manager dan berhenti menyuruhnya mencari pembaruan. Promosi obrolan yang ditujukan ke versi lama juga hilang. Build yang dipatch memang tidak bisa memasang pembaruan Meta.
Reels and Watch videos that Facebook's own detection marks as made with AI, starting with the next batch Facebook loads. One that only its creator labelled as AI stays. It's off by default because it hasn't been tested on a real account yet.	Reel dan video Watch yang ditandai deteksi Facebook sendiri sebagai buatan AI, mulai dari kumpulan berikutnya yang dimuat Facebook. Yang hanya diberi label AI oleh pembuatnya tetap ada. Sakelar ini nonaktif secara default karena belum diuji dengan akun sungguhan.
Don't send reel watch history	Jangan kirim riwayat tontonan reel
Stop sending watched-reel lists to Facebook. It uses them to rank your feed, so watched reels may return.	Hentikan pengiriman daftar reel yang ditonton ke Facebook. Daftar itu mengurutkan feed, jadi reel dapat muncul lagi.
the rename of the shared permissions	penggantian nama izin bersama
Room for Meta's apps	Ruang untuk aplikasi Meta
Messenger, Facebook Lite, Business Suite and Workplace install beside this Facebook. It gives the two permissions they share with it names of its own.	Messenger, Facebook Lite, Business Suite, dan Workplace dapat dipasang di samping Facebook ini. Facebook ini memberi nama sendiri pada dua izin yang mereka gunakan bersama dengannya.
# context: settings section heading for the Open on a chosen tab rows
Opening Facebook	Saat Facebook dibuka
# context: switch title; the list below it picks the tab
Open on a chosen tab	Buka di tab pilihan
Choose where Facebook opens from its icon. Notifications and links still open their destination.	Pilih tab saat Facebook dibuka dari ikonnya. Notifikasi dan tautan tetap membuka tujuannya.
# context: title of the list of tabs Facebook can open on
Tab to open on	Tab saat dibuka
# context: the names of Facebook's own tabs, as its tab bar shows them
Home	Beranda
Feeds	Feed
Video	Video
Friends	Teman
Marketplace	Marketplace
Notifications	Notifikasi
Menu	Menu
# context: summary of the tab list; %1$s is one of the tab names above
Facebook opens on %1$s. If your tab bar doesn't have it, Facebook opens on Home.	Facebook terbuka di %1$s. Jika bilah tab tidak memilikinya, Facebook terbuka di Beranda.
# context: a sentence in the settings import preview and its toast; %1$s is a tab name
Facebook will open on %1$s.	Facebook akan terbuka di %1$s.
Jump to a section	Lompat ke bagian
Go straight to one group of settings. Back returns to where you were.	Langsung ke satu kelompok setelan. Kembali membawamu ke tempat semula.
# context: switch title under Downloads; on, every video save keeps to formats other apps accept
Save videos other apps can open	Simpan video yang bisa dibuka aplikasi lain
# context: summary of that switch; WhatsApp is a name and stays as it is, and saves are the videos the user saved to the phone
For WhatsApp, video editors such as CapCut and InShot, or a gallery or player that plays saves without sound. May lower quality.	Untuk WhatsApp, editor video seperti CapCut dan InShot, atau galeri atau pemutar yang memutar video tersimpan tanpa suara. Kualitas bisa lebih rendah.
# context: section title for the Chats settings, named like Facebook's own Chats screen
Chats	Chat
# context: switch title under Chats; the card is Facebook's own "Get the Messenger app" card
Hide the Get Messenger card	Sembunyikan kartu Dapatkan Messenger
# context: summary of that switch; Messenger is the app's name and stays as it is
The card at the top of Chats that asks you to get the Messenger app goes while Messenger is installed. Without Messenger it stays, so you can still install it from there.	Kartu di bagian atas Chat yang memintamu mendapatkan aplikasi Messenger akan hilang selama Messenger terinstal. Tanpa Messenger, kartu itu tetap ada agar kamu masih bisa menginstalnya dari sana.
# context: switch title under Chats; on, Facebook's Messenger icon opens the Messenger app
Open the Messenger app	Buka aplikasi Messenger
# context: summary of that switch; Messenger is the app's name, Chats is Facebook's own chat screen as named above
A tap on the Messenger icon at the top of Facebook opens the Messenger app instead of Chats. Without Messenger installed, Chats opens as before.	Mengetuk ikon Messenger di bagian atas Facebook akan membuka aplikasi Messenger, bukan Chat. Jika Messenger tidak terinstal, Chat tetap terbuka seperti biasa.
# context: settings section heading for the Tap to play switch
Playback	Pemutaran
# context: switch title; on, videos and music wait for a tap before they play
Tap to play	Ketuk untuk memutar
# context: summary of that switch; Autoplay and Off are the name and value of Facebook's own setting, as Facebook shows them in this language
Videos, reels, stories and music wait for your tap. Facebook's Autoplay setting temporarily reads Off.	Video, reel, cerita, dan musik menunggu ketukan Anda. Pengaturan Putar Otomatis Facebook sementara menampilkan Mati.
# context: switch title under Opening Facebook; Marketplace is Facebook's tab and keeps its name
Marketplace only	Hanya Marketplace
# context: summary of that switch; the tab names are Facebook's own, as its tab bar shows them
# context: switch title under Menu; Upgrades is the name of a section in Facebook's own Menu
Hide Upgrades	Sembunyikan “Upgrade”
# context: summary of that switch; Settings and Help and support are Facebook's own Menu sections
The Upgrades section and its offers leave Facebook's Menu. Settings, Help and support and the rest of the Menu stay.	Bagian “Upgrade” dan penawarannya hilang dari Menu Facebook. Pengaturan, Bantuan & dukungan, dan bagian Menu lainnya tetap ada.
# context: switch title under Menu; Also from Meta is the name of a section in Facebook's own Menu
Hide Also from Meta	Sembunyikan “Juga dari Meta”
# context: summary of that switch; the section links to Meta's other apps and shows ads for its devices
The Also from Meta section leaves Facebook's Menu, with its links to Meta's other apps and its ads for Meta's devices. Your own shortcuts stay.	Bagian “Juga dari Meta” hilang dari Menu Facebook, beserta tautannya ke aplikasi Meta lainnya dan iklannya untuk perangkat Meta. Pintasanmu sendiri tetap ada.
# context: section title for the search settings, named like Facebook's own search
Search	Pencarian
# context: switch title under Search; Meta AI is Meta's assistant and keeps its name
Hide Meta AI in search	Sembunyikan Meta AI di pencarian
# context: summary of that switch; Meta AI and Ask Meta AI are Meta's own names, as Facebook shows them
Search results lose the Meta AI answer and the Ask Meta AI prompts, and a suggestion no longer sends your search to Meta AI. People, groups, pages and posts stay, and the Meta AI button still opens Meta AI.	Hasil pencarian tidak lagi menampilkan jawaban Meta AI dan saran Tanya Meta AI, dan saran tidak lagi mengirim pencarianmu ke Meta AI. Orang, grup, halaman, dan postingan tetap ada, dan tombol Meta AI tetap membuka Meta AI.
# context: settings section heading for the Default comment order switch and its list
Comments	Komentar
# context: switch title; on, a post's comments open in the order chosen in the list below it
Default comment order	Urutan komentar bawaan
# context: summary of that switch; a link to a comment is one from a notification, say
Use the order below. A choice made on a post lasts until restart. Links to comments keep Facebook's order.	Gunakan urutan di bawah. Pilihan pada postingan berlaku hingga mulai ulang. Tautan komentar mempertahankan urutan Facebook.
# context: title of the list of comment orders, and of its dialog
Comment order	Urutan komentar
# context: entry of that list: the order Facebook's servers pick, which is what happens without Hushfacebook
Facebook's choice	Pilihan Facebook
# context: entry of that list; Facebook's own name for this order in the sort menu of a post's comments
Most relevant	Paling relevan
# context: entry of that list; Facebook's own name for this order in the sort menu of a post's comments
Newest	Terbaru
# context: entry of that list; Facebook's own name for this order in the sort menu of a post's comments
All comments	Semua komentar
# context: summary of the list when Facebook's choice is picked; Most relevant is Facebook's own name for that order
Comments open in the order Facebook picks, which is usually Most relevant.	Komentar dibuka dengan urutan yang dipilih Facebook, biasanya Paling relevan.
# context: summary of the list; %1$s is one of the order names above, as Facebook's sort menu shows it
A post's comments open with %1$s picked in their sort menu, where the post offers it.	Komentar sebuah postingan dibuka dengan %1$s terpilih di menu urutannya, jika postingan itu menyediakannya.
# context: sentence in the import preview and the toast after an import that sets the comment order to Facebook's choice
Comments will open in the order Facebook picks.	Komentar akan dibuka dengan urutan yang dipilih Facebook.
# context: sentence in the import preview and the toast after an import that sets the comment order; %1$s is one of the order names above
Comments will open with %1$s picked in their sort menu.	Komentar akan dibuka dengan %1$s terpilih di menu urutannya.
# context: switch title under Search; the ads Facebook puts between search results
Hide sponsored search results	Sembunyikan hasil pencarian bersponsor
# context: summary of that switch
Ads between the results when you search Facebook. What you searched for stays.	Iklan di antara hasil saat Anda mencari di Facebook. Yang Anda cari tetap ada.
# context: switch title under News feed; the ads between the posts on a person's profile or a Page
Hide sponsored profile posts	Sembunyikan postingan bersponsor di profil
# context: summary of that switch; Page is Facebook's name for a business or public figure's page
Ads between the posts on someone's profile or a Page. Their own posts stay.	Iklan di antara postingan di profil seseorang atau Halaman. Postingan milik mereka sendiri tetap ada.
# context: what stays in while Hushfacebook is paused, followed by the patch name in brackets; the row in Facebook's own Menu that opens Hushfacebook settings
the settings row in Facebook's Menu	baris pengaturan di Menu Facebook
# context: a short message when the Hushfacebook row in Facebook's Menu couldn't open the settings
Hushfacebook settings can't open here. Long-press the Facebook logo instead.	Pengaturan Hushfacebook tidak bisa dibuka di sini. Tekan lama logo Facebook sebagai gantinya.
# context: switch title under News feed; the row of groups Facebook suggests joining, shown between posts
Hide suggested groups	Sembunyikan grup yang disarankan
# context: summary of that switch; Discover more groups is the label of Facebook's own button under that row
The row of groups to join between posts, with its Discover more groups button. Posts from groups you're in stay.	Deretan grup untuk diikuti di antara postingan, beserta tombol Temukan grup lainnya. Postingan dari grup tempat Anda bergabung tetap ada.
# context: switch title under News feed; Facebook's own header of a row of Stories from people you don't know, shown between posts
Hide "Stories you might like"	Sembunyikan “Cerita yang mungkin Anda sukai”
# context: summary of that switch; the Stories tray is the row of Stories at the top of the feed
The row of Stories from people you aren't connected to that Facebook puts between posts. Your friends' Stories and the Stories tray stay.	Deretan Cerita dari orang yang tidak terhubung dengan Anda, yang diselipkan Facebook di antara postingan. Cerita teman Anda dan deretan Cerita tetap ada.
# context: switch title under Notifications; trending videos Facebook sends as push notifications
Block trending video notifications	Blokir notifikasi video yang sedang tren
# context: summary of that switch; reels are Facebook's short videos
Trending videos and the reels Facebook picked for you stop showing up in your notifications.	Video yang sedang tren dan reel yang dipilihkan Facebook untuk Anda tidak lagi muncul di notifikasi Anda.
# context: switch title under Notifications; memories are Facebook's posts from past years on the same day
Block memory notifications	Blokir notifikasi kenangan
# context: summary of that switch; On this day is the name Facebook gives its memories feature
Facebook's "On this day" memories stop showing up in your notifications.	Kenangan “Pada Hari Ini” dari Facebook tidak lagi muncul di notifikasi Anda.
# context: switch title under Notifications; reminders of friends' birthdays
Block birthday notifications	Blokir notifikasi ulang tahun
# context: summary of that switch
No more reminders that it's a friend's birthday.	Tidak ada lagi pengingat bahwa seorang teman sedang berulang tahun.
# context: switch title under Notifications; Page is Facebook's name for a business or public figure's page
Block group and Page highlights	Blokir sorotan grup dan Halaman
# context: summary of that switch; creators are the people and Pages who post videos and posts you follow
Digests of what's going on in groups, Pages and creators you follow stop. Comments, replies and mentions still come through.	Ringkasan tentang apa yang terjadi di grup, Halaman, dan kreator yang Anda ikuti berhenti. Komentar, balasan, dan sebutan tetap masuk.
# context: switch title under Notifications; People you may know is Facebook's name for its friend suggestions, as in Hide "People you may know"
Block "People you may know"	Blokir “Orang yang Mungkin Anda Kenal”
# context: summary of that switch; friend requests are other notifications, which always come through
Friend suggestions stop showing up in your notifications. Friend requests still come through.	Saran teman tidak lagi muncul di notifikasi Anda. Permintaan pertemanan tetap masuk.
# context: switch title under Notifications; places near you and weather alerts Facebook sends
Block nearby and weather notifications	Blokir notifikasi tempat terdekat dan cuaca
# context: summary of that switch
Alerts about places near you and about the weather stop.	Peringatan tentang tempat di dekat Anda dan tentang cuaca berhenti.
# context: title of a note under Notifications, below the switches; what no switch there blocks
What always comes through	Yang selalu masuk
# context: text of that note; Android's own settings are the phone's per-app notification categories, which Facebook's server defines
Messages, friend requests, comments, mentions, calls and login alerts, and any kind Hushfacebook doesn't know. Android's own settings for Facebook's notification categories work too, since Facebook drops a notification whose category you turned off. Facebook's server decides which categories you get, though, so they may not split these kinds out.	Pesan, permintaan pertemanan, komentar, sebutan, panggilan, dan peringatan login, ditambah jenis apa pun yang tidak dikenal Hushfacebook. Pengaturan Android sendiri untuk kategori notifikasi Facebook juga berfungsi, karena Facebook membuang notifikasi yang kategorinya Anda matikan. Namun server Facebook yang menentukan kategori apa saja yang Anda dapat, jadi kategori itu mungkin tidak memisahkan jenis-jenis ini.
# context: switch title under Stories; the stories Facebook suggests in the Stories tray from accounts you don't follow
Hide suggested stories	Sembunyikan cerita yang disarankan
# context: summary of that switch; Suggested is the label Facebook shows under such a story in the tray, and the tray reloads on its own schedule
Keep friends and followed Pages in the Stories tray. Applies when Facebook next loads the tray.	Pertahankan teman dan Halaman yang diikuti di baki cerita. Berlaku saat Facebook memuat ulang baki.
# context: switch title under Marketplace; the ads Facebook puts between the things people sell in Marketplace's feed
Hide sponsored Marketplace listings	Sembunyikan tawaran bersponsor di Marketplace
# context: summary of that switch; a boosted listing is one its seller paid Facebook to show to more people
Ads and boosted listings in Marketplace's feed and search results. The other listings stay.	Iklan dan tawaran yang dipromosikan di feed dan hasil pencarian Marketplace. Tawaran lainnya tetap ada.
# context: switch title under News feed; hides posts whose text holds a word or phrase the person listed
Hide posts with words you choose	Sembunyikan postingan dengan kata pilihan Anda
# context: summary of that switch; the keep list is the second list under it, and a settings file is the one Export settings writes
Posts whose text has a word or phrase from your list below. A post with a word from your keep list stays, and so does a post with no text. Your words only leave the phone in a settings file you export.	Postingan yang teksnya berisi kata atau frasa dari daftar Anda di bawah. Postingan dengan kata dari daftar pertahankan Anda tetap ada, begitu juga postingan tanpa teks. Kata-kata Anda hanya keluar dari ponsel dalam file pengaturan yang Anda ekspor.
# context: title of the row and dialog holding the list of words and phrases that hide a post
Words to hide	Kata untuk disembunyikan
# context: title of the row and dialog holding the list of words and phrases that keep a post even when it has a word to hide
Words that keep a post	Kata yang mempertahankan postingan
# context: message of the Words to hide dialog; %1$d is how many phrases a list holds (50), %2$d and %3$d the shortest and longest phrase in characters (2 and 60)
One word or phrase per line, up to %1$d, each %2$d to %3$d characters long, or just one for an emoji, a Chinese character, a kana or a Hangul syllable. Capital letters don't matter, and a phrase matches anywhere in a post's text, inside longer words too.	Satu kata atau frasa per baris, hingga %1$d, masing-masing %2$d sampai %3$d karakter, atau cukup satu untuk emoji, aksara Tionghoa, kana, atau suku kata Hangul. Huruf besar dan kecil tidak berpengaruh, dan frasa cocok di mana saja dalam teks postingan, termasuk di dalam kata yang lebih panjang.
# context: message of the Words that keep a post dialog; %1$d is how many phrases a list holds (50), %2$d and %3$d the shortest and longest phrase in characters (2 and 60)
A post with any of these stays, even when it also has a word to hide. One per line, up to %1$d, each %2$d to %3$d characters long, or just one for an emoji, a Chinese character, a kana or a Hangul syllable.	Postingan dengan salah satu kata ini tetap ada, meskipun juga berisi kata untuk disembunyikan. Satu per baris, hingga %1$d, masing-masing %2$d sampai %3$d karakter, atau cukup satu untuk emoji, aksara Tionghoa, kana, atau suku kata Hangul.
# context: hint in the empty text box of both word list dialogs
One word or phrase per line	Satu kata atau frasa per baris
# context: toast after saving a word list, one line left out; %2$d and %3$d are the shortest and longest phrase in characters, %4$d how many a list holds
%1$d line was left out. A phrase needs %2$d to %3$d characters, or just one for an emoji, a Chinese character, a kana or a Hangul syllable. One given twice counts once, and a list holds %4$d.	%1$d baris tidak disertakan. Frasa perlu %2$d sampai %3$d karakter, atau cukup satu untuk emoji, aksara Tionghoa, kana, atau suku kata Hangul. Frasa yang ditulis dua kali dihitung sekali, dan daftar memuat hingga %4$d.
# context: toast after saving a word list, several lines left out; %2$d and %3$d are the shortest and longest phrase in characters, %4$d how many a list holds
%1$d lines were left out. A phrase needs %2$d to %3$d characters, or just one for an emoji, a Chinese character, a kana or a Hangul syllable. One given twice counts once, and a list holds %4$d.	%1$d baris tidak disertakan. Frasa perlu %2$d sampai %3$d karakter, atau cukup satu untuk emoji, aksara Tionghoa, kana, atau suku kata Hangul. Frasa yang ditulis dua kali dihitung sekali, dan daftar memuat hingga %4$d.
# context: summary of the Words to hide row while it's empty
No words yet, so no post is hidden.	Belum ada kata, jadi tidak ada postingan yang disembunyikan.
# context: summary of the Words that keep a post row while it's empty
No words yet.	Belum ada kata.
# context: summary of a word list row holding one phrase
%1$d word or phrase.	%1$d kata atau frasa.
# context: summary of a word list row holding several phrases
%1$d words or phrases.	%1$d kata atau frasa.
# context: added to the Words to hide summary: posts the filter hid since Facebook last started, one
Hid %1$d post since Facebook started.	%1$d postingan disembunyikan sejak Facebook dimulai.
# context: added to the Words to hide summary: posts the filter hid since Facebook last started, several
Hid %1$d posts since Facebook started.	%1$d postingan disembunyikan sejak Facebook dimulai.
# context: sentence in the import preview and the toast after an import that empties the list of words to hide
Your list of words to hide will be empty.	Daftar kata untuk disembunyikan akan kosong.
# context: sentence in the import preview and the toast after an import; the list of words to hide will hold one phrase
Your list of words to hide will hold %1$d word or phrase.	Daftar kata untuk disembunyikan akan berisi %1$d kata atau frasa.
# context: sentence in the import preview and the toast after an import; the list of words to hide will hold several phrases
Your list of words to hide will hold %1$d words or phrases.	Daftar kata untuk disembunyikan akan berisi %1$d kata atau frasa.
# context: sentence in the import preview and the toast after an import that empties the keep list
Your list of words that keep a post will be empty.	Daftar kata yang mempertahankan postingan akan kosong.
# context: sentence in the import preview and the toast after an import; the keep list will hold one phrase
Your list of words that keep a post will hold %1$d word or phrase.	Daftar kata yang mempertahankan postingan akan berisi %1$d kata atau frasa.
# context: sentence in the import preview and the toast after an import; the keep list will hold several phrases
Your list of words that keep a post will hold %1$d words or phrases.	Daftar kata yang mempertahankan postingan akan berisi %1$d kata atau frasa.
# context: section title for the settings about writing posts and comments
Writing	Menulis
# context: switch title under Writing; @ is the at sign that starts a mention and stays as it is
Tag suggestions only after @	Saran menandai hanya setelah @
# context: summary of that switch; the list is Facebook's list of people to tag, and @ stays as it is
Type @ before Facebook suggests someone to tag in posts or comments. Your text stays unchanged.	Ketik @ sebelum Facebook menyarankan orang untuk ditandai dalam postingan atau komentar. Teks Anda tidak berubah.
# context: switch title under Playback; on, a long video you left partway starts again where you left it
Resume long videos	Lanjutkan video panjang
# context: summary of that switch; the seek bar is the bar under a video you drag to move through it; Reels is Facebook's name for its short videos
Resume videos over two minutes where you left off. Seek to start elsewhere. Reels, live videos and ads start as usual.	Lanjutkan video lebih dari dua menit dari posisi terakhir. Geser bilah untuk posisi lain. Reel, video langsung, dan iklan mulai seperti biasa.
# context: switch title under News feed, right below Hide AI-detected posts; on, posts their creator labelled as AI go too
Also hide posts labelled as AI	Sembunyikan juga postingan berlabel AI
# context: summary of that switch; the AI label is the one Facebook shows next to the poster's name on such posts
Posts whose creator marked them as made with AI. Facebook puts its AI label next to the name on these as well as on the posts its detection found, and with this on, both kinds go. It's off by default because it hasn't been tested on a real feed yet.	Postingan yang ditandai pembuatnya sebagai buatan AI. Facebook memasang label AI di samping nama pada postingan ini maupun pada postingan yang ditemukan deteksinya, dan saat sakelar ini aktif, keduanya disembunyikan. Sakelar ini nonaktif secara default karena belum diuji di Kabar Beranda sungguhan.
Return to regular Facebook	Kembali ke Facebook biasa
Restore the normal tabs at the next restart. Your other settings stay saved.	Pulihkan tab biasa saat aplikasi dimulai ulang. Setelan lainnya tetap tersimpan.
Marketplace mode is off. Restart Facebook to restore its normal tabs.	Mode Marketplace nonaktif. Mulai ulang Facebook untuk memulihkan tab biasa.
Couldn't save the change. Try again.	Perubahan tidak dapat disimpan. Coba lagi.
Marketplace mode chooses the opening tab. Your previous choice stays saved.	Mode Marketplace menentukan tab awal. Pilihan sebelumnya tetap tersimpan.
Restart needed. Marketplace mode will turn on the next time Facebook starts.	Perlu dimulai ulang. Mode Marketplace akan aktif saat Facebook dimulai lagi.
Restart needed. The normal tabs will return the next time Facebook starts.	Perlu dimulai ulang. Tab biasa akan kembali saat Facebook dimulai lagi.
Marketplace is hidden in Facebook's tab settings. Show it under Settings, Tab bar, Customize the bar. Your normal tabs stay available.	Marketplace disembunyikan di pengaturan tab Facebook. Tampilkan melalui Pengaturan, Bilah tab, Sesuaikan bilah. Tab biasa tetap tersedia.
Marketplace unavailable. Facebook hasn't supplied a Marketplace tab for this account. Your normal tabs stay available.	Marketplace tidak tersedia. Facebook belum menyediakan tab Marketplace untuk akun ini. Tab biasa tetap tersedia.
Couldn't check the tab bar. Your normal tabs stay available. Restart Facebook to try again.	Bilah tab tidak dapat diperiksa. Tab biasa tetap tersedia. Mulai ulang Facebook untuk mencoba lagi.
Waiting for Facebook's tab bar. Marketplace mode will apply when Facebook builds it.	Menunggu bilah tab Facebook. Mode Marketplace akan diterapkan saat Facebook membuatnya.
Off. Turn on to open Marketplace and hide the feed and other social tabs after restarting Facebook.	Nonaktif. Aktifkan untuk membuka Marketplace dan menyembunyikan beranda serta tab sosial lainnya setelah Facebook dimulai ulang.
Quiet social notifications	Senyapkan notifikasi sosial
Skip feed preloading	Lewati pramuat beranda
Marketplace mode is off.	Mode Marketplace nonaktif.
Paused with Hushfacebook. Your Marketplace choice stays saved. Tabs already hidden return after a restart while paused.	Dijeda bersama Hushfacebook. Pilihan Marketplace tetap tersimpan. Tab yang sudah disembunyikan kembali setelah aplikasi dimulai ulang saat masih dijeda.
Silence video suggestions, memories, birthdays and friend suggestions while this mode is on. Messages and trading updates stay. Your other notification choices stay saved.	Senyapkan saran video, kenangan, ulang tahun, dan saran teman saat mode ini aktif. Pesan dan pembaruan jual beli tetap masuk. Pilihan notifikasi lainnya tetap tersimpan.
Reduce background feed loading while Marketplace mode is active. Some loading can still happen during startup.	Kurangi pemuatan beranda di latar belakang saat mode Marketplace aktif. Sebagian data masih bisa dimuat saat aplikasi mulai.
Active. Marketplace, Notifications and Profile/Menu stay. Find Hushfacebook settings in Menu, under Settings and privacy.	Aktif. Marketplace, Notifikasi, dan Profil/Menu tetap ada. Setelan Hushfacebook ada di Menu, pada Pengaturan dan privasi.

# context: Settings overview, category navigation and search.
Marketplace mode and your start tab	Mode Marketplace dan tab awal
Ads, suggestions and word filters	Iklan, saran, dan filter kata
Suggestions, saving, auto-advance and viewing anonymously	Saran, penyimpanan, perpindahan otomatis, dan melihat secara anonim
Cleaner reels and video controls	Reels lebih bersih dan kontrol video
Tap to play, quality and resume	Ketuk untuk memutar, kualitas, dan melanjutkan
Quality, format and file names	Kualitas, format, dan nama file
Browse settings	Jelajahi pengaturan
More settings	Pengaturan lainnya
Additional Facebook preferences	Preferensi Facebook tambahan
No matching settings	Tidak ada pengaturan yang cocok
%1$d setting found	%1$d pengaturan ditemukan
%1$d settings found	%1$d pengaturan ditemukan
Try a different word or clear the search.	Coba kata lain atau hapus pencarian.
Search settings	Cari pengaturan
Clear search	Hapus pencarian
Your controls are active.	Kontrol Anda aktif.
Your choices are saved. Tap Resume, then restart Facebook.	Pilihan Anda tersimpan. Ketuk Lanjutkan, lalu mulai ulang Facebook.
Pause	Jeda
Resume	Lanjutkan
Undo	Urungkan

# context: Settings overview, category navigation and search.
Example without post details	Contoh tanpa detail postingan

# context: Links section, the Supported links row. It reads Android's own per-app selection of Facebook's web addresses (Android 12 and later) and opens Android's Open by default page for this app. Use the phone's own names for Open supported links, Open by default and App info.
Supported links	Tautan yang didukung
Android verified this app for Facebook's web addresses, so their links open here.	Android telah memverifikasi aplikasi ini untuk alamat web Facebook, jadi tautannya terbuka di sini.
Facebook's web addresses are selected for this app in Android's settings, so their links open here.	Alamat web Facebook dipilih untuk aplikasi ini di pengaturan Android, jadi tautannya terbuka di sini.
Only some of Facebook's web addresses are selected for this app, and links to the rest open elsewhere. Tap to select them in Android's settings.	Hanya sebagian alamat web Facebook yang dipilih untuk aplikasi ini, dan tautan ke alamat lainnya terbuka di tempat lain. Ketuk untuk memilihnya di pengaturan Android.
None of Facebook's web addresses are selected for this app, so their links open elsewhere. Tap to select them in Android's settings.	Tidak ada alamat web Facebook yang dipilih untuk aplikasi ini, jadi tautannya terbuka di tempat lain. Ketuk untuk memilihnya di pengaturan Android.
Opening supported links is off for this app in Android's settings. Tap to turn it on.	“Buka link yang didukung” nonaktif untuk aplikasi ini di pengaturan Android. Ketuk untuk mengaktifkannya.
Android didn't say which links open here. Tap to check in Android's settings.	Android tidak memberi tahu tautan mana yang terbuka di sini. Ketuk untuk memeriksanya di pengaturan Android.
Android 11 doesn't say which links open here. Tap to open this app's settings, then Open by default.	Android 11 tidak memberi tahu tautan mana yang terbuka di sini. Ketuk untuk membuka pengaturan aplikasi ini, lalu Buka secara default.
Selecting links by hand	Memilih tautan secara manual
Android checks Facebook's links against Meta's signing key, which a re-signed build doesn't have. Selecting the addresses sends their links here again. It doesn't restore Meta's verification, and your other link settings stay as they are.	Android memeriksa tautan Facebook dengan kunci penandatanganan Meta, yang tidak dimiliki build yang ditandatangani ulang. Memilih alamatnya akan mengirim tautannya ke sini lagi. Itu tidak memulihkan verifikasi Meta, dan pengaturan tautan Anda yang lain tetap seperti semula.
Android's settings for this app didn't open. Open App info from Facebook's icon, then Open by default.	Pengaturan Android untuk aplikasi ini tidak terbuka. Buka Info aplikasi dari ikon Facebook, lalu Buka secara default.
# context: message when a save starts and its notification can't show (Facebook's notifications or the saves channel are off); Downloads is the settings section that lists running saves, each with its own Cancel
Saving... Cancel: Downloads in Hushfacebook.	Menyimpan... Batal: Unduhan di Hushfacebook.
# context: switch title under Reels and Watch; on, a double tap on a reel or a video doesn't like it
Turn off double tap to like	Matikan ketuk dua kali untuk menyukai
# context: summary of that switch; Like is the name of Facebook's own button, as Facebook shows it in this language
A double tap on a reel or video no longer likes it or shows a heart. A single tap and the Like button work as before.	Mengetuk dua kali reel atau video tidak lagi menyukainya atau menampilkan hati. Satu ketukan dan tombol Suka tetap berfungsi seperti biasa.
Keep the reel speed	Pertahankan kecepatan reel
# context: summary of that switch
A playback speed you pick in a reel's menu stays for the next reels until you pick another or Facebook restarts. Off, every reel starts at normal speed.	Kecepatan pemutaran yang kamu pilih di menu reel tetap dipakai untuk reel berikutnya sampai kamu memilih yang lain atau Facebook dimulai ulang. Jika mati, setiap reel dimulai dengan kecepatan normal.
Hold a reel for 2x	Tahan reel untuk 2x
# context: summary of that switch; more button is the reel's own button with three dots
Holding a reel plays it at double speed until you let go, in place of Facebook's long-press menu. The reel's more button still opens that menu.	Menahan reel memutarnya dengan kecepatan dua kali lipat sampai kamu melepaskannya, sebagai ganti menu tekan lama Facebook. Tombol lainnya pada reel tetap membuka menu itu.
Default playback quality	Kualitas pemutaran default
Play videos, reels and stories at the quality below. A quality picked in a video's own menu still wins.	Putar video, reel, dan cerita dengan kualitas di bawah. Kualitas yang dipilih di menu video itu sendiri tetap diutamakan.
Playback quality	Kualitas pemutaran
Auto	Otomatis
Data saver	Penghemat data
Up to %1$s	Hingga %1$s
Highest	Tertinggi
Facebook picks the quality as each video plays, from your connection.	Facebook memilih kualitas saat setiap video diputar, sesuai koneksi Anda.
Videos play at the lowest quality Facebook offers for each.	Video diputar dengan kualitas terendah yang ditawarkan Facebook untuk masing-masing.
Videos play at the best quality up to %1$s that Facebook offers for each, or the closest above.	Video diputar dengan kualitas terbaik hingga %1$s yang ditawarkan Facebook untuk masing-masing, atau yang terdekat di atasnya.
Videos play at the highest quality Facebook offers for each.	Video diputar dengan kualitas tertinggi yang ditawarkan Facebook untuk masing-masing.
Facebook will pick the quality videos play at.	Facebook akan memilih kualitas pemutaran video.
Playback quality will be set to %1$s.	Kualitas pemutaran akan diatur ke %1$s.
Reels and videos will save to this phone when you tap Download.	Saat mengetuk Unduh, reel dan video akan disimpan di ponsel ini.
Tapping Download on a reel or video will send its link to an app.	Mengetuk Unduh pada reel atau video akan mengirim tautannya ke aplikasi.
Android will ask which app gets the links each time.	Android akan menanyakan aplikasi penerima tautan setiap kali.
Links will go to %1$s.	Tautan akan dikirim ke %1$s.
Save to	Simpan ke
Movies and Pictures	Movies dan Pictures
Videos and photos go to %1$s, next to the camera's. Saves you already have stay where they are.	Video dan foto masuk ke %1$s, di samping milik kamera. Simpanan Anda yang sudah ada tetap di tempatnya.
Videos and photos go to %1$s, with the phone's other downloads. Saves you already have stay where they are.	Video dan foto masuk ke %1$s, bersama unduhan lain di ponsel. Simpanan Anda yang sudah ada tetap di tempatnya.
Videos go to %1$s and photos to %2$s, as Facebook's own saves do. Some galleries don't show %1$s.	Video masuk ke %1$s dan foto ke %2$s, seperti simpanan Facebook sendiri. Beberapa galeri tidak menampilkan %1$s.
Choose a folder name under %1$s. Invalid characters become underscores. Leave it blank to use the default folder, %2$s.	Pilih nama folder di dalam %1$s. Karakter yang tidak valid menjadi garis bawah. Kosongkan untuk memakai folder default, %2$s.
Videos and photos go to %1$s.	Video dan foto masuk ke %1$s.
Videos will go to %1$s and photos to %2$s.	Video akan masuk ke %1$s dan foto ke %2$s.
Videos and photos will go to %1$s.	Video dan foto akan masuk ke %1$s.
# context: row title under Pause, backup and diagnostics, shown only while Debug logging is on
Test the Messenger link	Uji koneksi Messenger
# context: summary of that row; Debug logging is the switch's name as this table gives it
Runs the two reads Facebook makes of Messenger at startup, now, and shows whether each one answered. Shown while Debug logging is on.	Menjalankan sekarang dua pembacaan yang dilakukan Facebook ke Messenger saat dimulai, lalu menampilkan apakah masing-masing dijawab. Terlihat selama Pencatatan debug aktif.
# context: toast when the test can't begin
The Messenger link test couldn't start.	Uji koneksi Messenger tidak dapat dimulai.
# context: toast on a build without the test
This build can't run the Messenger link test.	Build ini tidak dapat menjalankan uji koneksi Messenger.
# context: toast when Facebook has no signed-in account
No signed-in account to test with.	Tidak ada akun yang masuk untuk diuji.
# context: toast with the test's result; each placeholder is one of: answered, no answer, failed (...)
Opt-out read: %1$s. Triggered read: %2$s.	Pembacaan penolakan: %1$s. Pembacaan pemicu: %2$s.
# context: a read's result in that toast
no answer	tidak ada jawaban
# context: a read's result in that toast
answered	dijawab
# context: a read's result in that toast; the placeholder is an error's class name, left in English
failed (%1$s)	gagal (%1$s)
# context: switch title under Reels and Watch; the dot is the tab bar's new-item badge
Hide the Reels tab dot	Sembunyikan titik di tab Reels
# context: summary of that switch; Video is Facebook's name for the tab on some accounts
No dot or new count on the Reels tab, called Video on some accounts. Other tabs keep theirs.	Tanpa titik atau jumlah baru di tab Reels, yang di beberapa akun bernama Video. Tab lain tetap menampilkannya.
# context: title of the overview row under the status card when the build lacks one patch Morphe Manager selects by default
%1$d default patch isn't in this build	%1$d tambalan default tidak ada di build ini
# context: title of that row when several default patches are missing
%1$d default patches aren't in this build	%1$d tambalan default tidak ada di build ini
# context: summary of that row while its list of patch names is closed; a tap opens it
Tap to see which.	Ketuk untuk melihat yang mana.
# context: that row's summary once opened, one patch missing; the placeholder is the patch's English name as Morphe Manager lists it
Not in this build: %1$s. Morphe Manager selects it by default. Patch again with it selected to get what it does.	Tidak ada di build ini: %1$s. Morphe Manager memilihnya secara default. Pilih tambalan itu lalu tambal ulang untuk mendapatkan fungsinya.
# context: that row's summary once opened, several patches missing; the placeholder is their English names joined as a list
Not in this build: %1$s. Morphe Manager selects them by default. Patch again with them selected to get what they do.	Tidak ada di build ini: %1$s. Morphe Manager memilihnya secara default. Pilih tambalan itu lalu tambal ulang untuk mendapatkan fungsinya.
# context: Toast at the end of a video save whose file uses a codec WhatsApp and some video editors can't open (AV1, VP9, HEVC or xHE-AAC). A notification with a button to the fix is showing too. Keep it short: Android shows two lines at most.
Saved, but WhatsApp and some editors may refuse it	Disimpan, tetapi WhatsApp dan beberapa editor mungkin menolaknya
# context: Toast at the end of a video save whose file WhatsApp may not open, when no notification can be shown. Downloads is the section of Hushfacebook settings with the fix. Two lines at most.
Saved, but WhatsApp may refuse it. Fix: Downloads in Hushfacebook.	Disimpan, tetapi WhatsApp mungkin menolaknya. Solusi: Unduhan di Hushfacebook.
# context: Second line of the notification after such a save. %1$s is the switch's name, Save videos other apps can open. They: WhatsApp and the editors.
Turn on %1$s to save videos they all play.	Aktifkan %1$s untuk menyimpan video yang bisa diputar semuanya.
# context: Title of the notification after a video save whose file uses a codec WhatsApp and some video editors can't open.
WhatsApp and some editors may refuse this video	WhatsApp dan beberapa editor mungkin menolak video ini
# context: Button on that notification. It opens Hushfacebook settings at the switch Save videos other apps can open.
Open the setting	Buka pengaturan
# context: switch title under News feed; the prompts are the strip Facebook puts under some posts, such as "Are you interested in this post?"
Hide post prompts	Sembunyikan pertanyaan di bawah postingan
# context: description of that switch; the quoted texts are Facebook's own prompts, so use Facebook's wording in your language if you know it
The strip on some posts, like "Are you interested in this post?", "Show less" or who recently commented, and the follow and chat suggestions in the same place. The post stays.	Strip pada beberapa postingan, seperti “Apakah Anda tertarik dengan postingan ini?”, “Tampilkan lebih sedikit” atau siapa yang baru saja berkomentar, serta saran untuk mengikuti dan mengobrol di tempat yang sama. Postingannya tetap ada.
# context: switch title under News feed; Meta AI is the name of Meta's assistant, and the questions are the row of suggested questions for it that Facebook puts under some posts
Hide Meta AI questions under posts	Sembunyikan pertanyaan Meta AI di bawah postingan
# context: description of that switch; a link card is the preview of a shared link inside a post
The row of Meta AI questions under some posts. The post, its link card and its buttons stay.	Baris pertanyaan Meta AI di bawah beberapa postingan. Postingan, kartu tautannya, dan tombolnya tetap ada.
# context: switch title under News feed; it keeps the date shown under the name of whoever posted
Keep post dates	Pertahankan tanggal postingan
# context: description of that switch; the rotating details are the texts Facebook's newer post header takes turns showing on that line
The line under the poster's name keeps the post's date instead of Facebook's rotating details, which go blank on some phones.	Baris di bawah nama orang yang memposting tetap menampilkan tanggal postingan, bukan detail yang bergantian dari Facebook, yang di beberapa ponsel menjadi kosong.
# context: switch title under News feed; the Feeds header is the row at the top of the Feeds tab with Feeds, the menu and search, and the filters under it, All, Favorites, Friends, Groups and Pages
Hide the Feeds header	Sembunyikan bagian atas Feed
# context: description of that switch; the Feeds tab is where Facebook lists posts by those filters, and the title row is the one with the tab's name
Open the Feeds tab on its posts, without the title row or the filters under it. Restart Facebook after changing it.	Membuka tab Feed langsung di postingannya, tanpa baris judul dan filter di bawahnya. Mulai ulang Facebook setelah mengubahnya.
# context: switch title under Reels and Watch; the prompt is Facebook's "Are you interested in this reel?" question on a reel
Hide reel interest prompts	Sembunyikan pertanyaan minat di reel
# context: description of that switch; the quoted text is Facebook's own prompt, so use Facebook's wording in your language if you know it
No "Are you interested in this reel?" prompt on reels. The reel plays as usual.	Tanpa pertanyaan “Apakah Anda tertarik dengan reel ini?” di reel. Reel diputar seperti biasa.
# context: switch title under News feed; affiliate product links are the shop links creators add to their posts to earn a commission
Hide affiliate product links	Sembunyikan tautan produk afiliasi
# context: description of that switch; "Commission eligible" is Facebook's own label, so use Facebook's wording in your language if you know it
The product cards of shop links creators add to posts, on reels, under feed posts and in the comments. The "Commission eligible" label stays.	Kartu produk dari tautan toko yang ditambahkan kreator ke postingan, di reel, di bawah postingan feed, dan di komentar. Label “Memenuhi syarat komisi” tetap ada.
# context: The reel button and the video menu item while links are sent to another app (#41)
Send to app	Kirim ke aplikasi
# context: Title of Android's app chooser when a video's link is sent
Send the link to	Kirim tautan ke
# context: Toast when no app could take a video's link
Couldn't open an app for this link	Tidak bisa membuka aplikasi untuk tautan ini
# context: Clipboard label of a copied video link
Video link	Tautan video
# context: Toast after a long press on the reel button copied its link
Link copied	Tautan disalin
# context: Toast when a reel's link can't be built
Couldn't find this reel's link	Tautan reel ini tidak ditemukan
# context: Toast when a feed video's link can't be built
Couldn't find this video's link	Tautan video ini tidak ditemukan
# context: Settings row title: what the Download button does
When you tap Download	Saat mengetuk Unduh
# context: Choice of the download action row
Save to phone	Simpan ke ponsel
# context: Choice of the download action row
Send the link to an app	Kirim tautan ke aplikasi
# context: Summary of the download action row while links are sent
Reels and videos go to the app below as a facebook.com link. Hold the reel Download button to copy the link instead. Stories still save to this phone.	Reel dan video dikirim ke aplikasi di bawah sebagai tautan facebook.com. Tahan tombol Unduh pada reel untuk menyalin tautannya. Cerita tetap disimpan di ponsel ini.
# context: Summary of the download action row while saving, the default
Reels, videos and stories save to this phone.	Reel, video, dan cerita disimpan di ponsel ini.
# context: Settings row title: the app links are sent to
App to send to	Aplikasi tujuan
# context: Dialog message of the send-to app row; %1$s and %2$s are package names
The package name of the app that gets the links, such as %1$s for YTDLnis or %2$s for Seal. Leave it blank to pick an app each time.	Nama paket aplikasi yang menerima tautan, misalnya %1$s untuk YTDLnis atau %2$s untuk Seal. Biarkan kosong untuk memilih aplikasi setiap kali.
# context: Hint in the send-to app field
Package name	Nama paket
# context: Toast when what was typed in the send-to app row isn't a package name; %1$s is what was typed
%1$s isn't a package name, so the app stays as it was.	%1$s bukan nama paket, jadi aplikasinya tetap.
# context: Summary of the send-to app row with no app named
Android asks which app each time.	Android menanyakan aplikasi setiap kali.
# context: Summary of the send-to app row; %1$s is the package name
Links go to %1$s. When it isn't installed, Android asks which app.	Tautan dikirim ke %1$s. Jika tidak terpasang, Android menanyakan aplikasinya.
# context: switch title under Stories; Find friends from contacts is the Stories tray card that asks to upload your contacts
Hide "Find friends from contacts"	Sembunyikan “Temukan teman dari kontak”
# context: summary of that switch
The Stories tray card asking to upload your contacts. Applies when Facebook next loads the tray.	Kartu di baki cerita yang meminta Anda mengunggah kontak. Berlaku saat Facebook memuat ulang baki.
# context: summary of Hide "People you may know" when the build also hides tray cards; Add is the card's button
The row of friend suggestions between posts, the one on your own profile, and the cards with an Add button in the Stories tray.	Deretan saran pertemanan di antara postingan, deretan di profilmu sendiri, dan kartu dengan tombol Tambah di baki cerita.
