# Brazilian Portuguese for Hushfacebook: the English key, a tab, the translation. One row per string.
# After editing, run python scripts/gen-l10n.py from the repository root.
"Pages you may like" cards and the cards Facebook uses to push its own features. In-feed surveys go too.	“Páginas que você talvez curta” e os blocos em que o Facebook divulga os próprios recursos. As pesquisas no feed também somem.
%1$d item in that file isn't a setting this version of Hushfacebook knows, so it'll be left out.	%1$d item desse arquivo não é uma configuração que esta versão do Hushfacebook conhece, então vai ficar de fora.
%1$d items in that file aren't settings this version of Hushfacebook knows, so they'll be left out.	%1$d itens desse arquivo não são configurações que esta versão do Hushfacebook conhece, então vão ficar de fora.
%1$d switch will change.	%1$d opção vai mudar.
%1$d switches will change.	%1$d opções vão mudar.
%1$s of %2$s	%1$s de %2$s
%1$s so far	%1$s até agora
%1$s. It was set when you patched, so Pause can't turn it off. To rule it out, patch again and leave out that patch.	%1$s. Isso foi definido quando você aplicou os patches, então a pausa não consegue desligá-lo. Para descartar isso como causa, aplique os patches de novo sem esse patch.
%1$s. They were set when you patched, so Pause can't turn them off. To rule one out, patch again and leave out the patch in brackets after it.	%1$s. Tudo isso foi definido quando você aplicou os patches, então a pausa não consegue desligar nada disso. Para descartar um desses itens como causa, aplique os patches de novo sem o patch que aparece entre parênteses depois dele.
A diagnostic report is already being saved.	Um relatório de diagnóstico já está sendo salvo.
Add a Download button to reels, using your download quality. Off or paused, Facebook's own buttons return.	Adiciona Baixar aos reels com sua qualidade de download. Desativado ou pausado, voltam os botões do Facebook.
A file named %1$s in %2$s paused Hushfacebook.	Um arquivo chamado %1$s em %2$s pausou o Hushfacebook.
About	Sobre
Ad cards between the stories people posted.	Anúncios entre os stories que as pessoas postaram.
Ad telemetry blocked	Telemetria de anúncios bloqueada
Add Download to phone to feed and Watch video menus. Uses the quality below. Off or paused, Facebook's menu returns.	Adiciona Baixar no telefone aos menus de vídeos do feed e Watch. Usa a qualidade abaixo. Desativado ou pausado, volta o menu do Facebook.
Add Save to every story menu, using your download quality. Off or paused, Facebook only saves your own stories.	Adiciona Salvar a todos os stories com sua qualidade de download. Desativado ou pausado, o Facebook só salva seus próprios stories.
Ads inside Reels, starting with the next batch Facebook loads. Banners, mid-rolls and app-inserted ads stay blocked even while paused.	Anúncios dentro dos Reels, a partir do próximo lote que o Facebook carregar. Banners, anúncios no meio do vídeo e anúncios inseridos pelo app continuam bloqueados mesmo durante a pausa.
AMOLED black theme	Tema preto AMOLED
Appearance	Aparência
Audience Network off	Audience Network desativado
Back	Voltar
Background ad prefetch blocked	Pré-carregamento de anúncios em segundo plano bloqueado
Cancel	Cancelar
Changing these	Como mudar esses itens
Choose a settings file. Before anything is imported, you'll see how many switches it changes and any new download settings.	Escolha um arquivo de configurações. Antes de importar, você vê quantas opções ele muda e quais configurações de download são novas.
Clear diagnostic data	Limpar dados de diagnóstico
Copy a quick report or save the full one to Download/Morphe. Names, IDs, links and cookies are omitted.	Copie um relatório rápido ou salve o completo em Download/Morphe. Nomes, IDs, links e cookies são omitidos.
Copy quick report	Copiar relatório rápido
Couldn't import every setting. Check the switches on this screen.	Não foi possível importar todas as configurações. Confira as opções nesta tela.
Couldn't import the settings. Nothing was changed.	Não foi possível importar as configurações. Nada foi alterado.
Couldn't open that file. Nothing was changed.	Não foi possível abrir esse arquivo. Nada foi alterado.
Couldn't open the file picker. Try again.	Não foi possível abrir o seletor de arquivos. Tente de novo.
Couldn't put back the diagnostic data. Try again.	Não foi possível restaurar os dados de diagnóstico. Tente de novo.
Couldn't save the settings file. Try again.	Não foi possível salvar o arquivo de configurações. Tente de novo.
Couldn't save this video. Play it for a moment, then try again.	Não foi possível salvar este vídeo. Reproduza por alguns instantes e tente de novo.
Couldn't start that. Try again in a moment.	Não foi possível iniciar isso. Tente de novo em instantes.
Couldn't start the report export. Try again shortly.	Não foi possível iniciar a exportação do relatório. Tente de novo daqui a pouco.
Dark mode draws black instead of dark grey. Turn on dark mode in Facebook to see it.	O modo escuro fica preto em vez de cinza-escuro. Ative o modo escuro no Facebook para ver.
Debug logging	Registro de depuração
Diagnostic data cleared. Tap again to put it back.	Dados de diagnóstico apagados. Toque de novo para restaurá-los.
Diagnostic data put back.	Dados de diagnóstico restaurados.
Diagnostic report copied to the clipboard.	Relatório de diagnóstico copiado para a área de transferência.
Download	Baixar
Download button on reels	Botão de download nos reels
Download failed	Falha no download
Download feed and Watch videos	Baixar vídeos do feed e do Watch
Download to phone	Baixar no celular
Downloads	Downloads
Empties the log and the filter counts a report would include.	Apaga o registro e as contagens dos filtros que iriam para um relatório.
Every switch but Debug logging acts as if it were off, and what was set when you patched stays in. Your settings stay as they are.	Todas as opções, menos o Registro de depuração, funcionam como se estivessem desligadas, e o que foi definido ao aplicar os patches continua ativo. Suas configurações ficam como estão.
Export diagnostic report	Exportar relatório de diagnóstico
Export settings	Exportar configurações
Facebook crashed or froze within a minute of starting three times in a row, so Hushfacebook paused itself.	O Facebook fechou com erro ou travou no primeiro minuto depois de abrir, três vezes seguidas, então o Hushfacebook entrou em pausa automaticamente.
Facebook doesn't download ads or its ad model in the background.	O Facebook não baixa anúncios nem o modelo de anúncios dele em segundo plano.
Facebook doesn't serve ads to other apps on this phone.	O Facebook não envia anúncios para outros apps deste celular.
Facebook dark mode and this screen use your wallpaper colours. Android 11 uses blue instead. Turn on Facebook dark mode to see it.	O modo escuro do Facebook e esta tela usam as cores do seu papel de parede. O Android 11 usa azul. Ative o modo escuro do Facebook para ver.
Use your phone's emoji. Reactions and stickers stay the same. Restart Facebook after changing it.	Use os emojis do telefone. Reações e figurinhas continuam iguais. Reinicie o Facebook após mudar.
Use your phone's font or a file chosen below. Restart Facebook after changing it.	Use a fonte do telefone ou um arquivo escolhido abaixo. Reinicie o Facebook após mudar.
Font file	Arquivo de fonte
Use your phone's font	Usar a fonte do celular
Stops using the font file and goes back to your phone's font.	Deixa de usar o arquivo de fonte e volta para a fonte do seu celular.
None chosen, so your phone's font is used. Choose a TrueType or OpenType file of up to %1$d MB.	Nenhum escolhido, então a fonte do seu celular é usada. Escolha um arquivo TrueType ou OpenType de até %1$d MB.
Hushfacebook's copy of %1$s is gone, so your phone's font is used. Choose the file again.	A cópia de %1$s feita pelo Hushfacebook sumiu, então a fonte do seu celular é usada. Escolha o arquivo de novo.
Using %1$s. Choose another file to replace it.	Usando %1$s. Escolha outro arquivo para substituí-lo.
Copying the font file	Copiando o arquivo de fonte
Font set to %1$s. Restart Facebook to see it.	Fonte definida como %1$s. Reinicie o Facebook para ver.
That isn't a TrueType or OpenType font file. Your font didn't change.	Isso não é um arquivo de fonte TrueType ou OpenType. Sua fonte não mudou.
That font file is over %1$d MB. Your font didn't change.	Esse arquivo de fonte tem mais de %1$d MB. Sua fonte não mudou.
Android couldn't draw with that font file. Your font didn't change.	O Android não conseguiu desenhar com esse arquivo de fonte. Sua fonte não mudou.
Couldn't save a copy of that font. Check that the phone has room, then try again.	Não foi possível salvar uma cópia dessa fonte. Veja se o celular tem espaço e tente de novo.
Couldn't open that file. Your font didn't change.	Não foi possível abrir esse arquivo. Sua fonte não mudou.
Back to your phone's font. Restart Facebook to see it.	De volta à fonte do seu celular. Reinicie o Facebook para ver.
Couldn't go back to your phone's font. Try again.	Não foi possível voltar para a fonte do seu celular. Tente de novo.
Pause runtime features from the next start. Your choices stay saved. Debug logging and patches applied during installation keep working.	Pausa os recursos a partir da próxima abertura. Suas escolhas ficam salvas. O registro de depuração e os patches aplicados na instalação continuam ativos.
Full report saved to %1$s	Relatório completo salvo em %1$s
GPL-3.0, with the notices of the projects this is built on	GPL-3.0, com os avisos dos projetos em que o Hushfacebook se baseia
Hide "People you may know"	Ocultar “Pessoas que você talvez conheça”
Hide "Suggested for you" posts	Ocultar publicações “Sugestões para você”
Hide AI-detected posts	Ocultar posts detectados como IA
Hide promoted posts	Ocultar posts promovidos
Hide Reels in the feed	Ocultar reels no feed
Hide sponsored posts	Ocultar posts patrocinados
Hide sponsored reels	Ocultar reels patrocinados
Hide sponsored stories	Ocultar stories patrocinados
Hide page suggestions and Facebook's own promos	Ocultar sugestões de páginas e autopromoções do Facebook
Hide the Stories tray	Ocultar a bandeja de stories
How far a photo or video you're saving has got, with a button to cancel it	O progresso da foto ou do vídeo que você está salvando, com um botão para cancelar
Hushfacebook %1$s on Facebook %2$s	Hushfacebook %1$s no Facebook %2$s
Hushfacebook is on	O Hushfacebook está ativo
Hushfacebook is paused	O Hushfacebook está pausado
Hushfacebook saves	Salvamentos do Hushfacebook
Hushfacebook settings	Configurações do Hushfacebook
Hushfacebook settings couldn't open	Não foi possível abrir as configurações do Hushfacebook
Hushfacebook turns back on when Facebook restarts.	O Hushfacebook será reativado quando o Facebook reiniciar.
Import	Importar
Import settings	Importar configurações
Importing settings	Importando as configurações
Licenses	Licenças
Link expired. Reopen the item and try again	Link expirado. Reabra o item e tente de novo
Links	Links
Material You theme	Tema Material You
News feed	Feed de notícias
There's nothing to report yet. Turn on Debug logging, repeat what went wrong, then export again.	Ainda não há nada para relatar. Ative o Registro de depuração, repita o que deu errado e exporte de novo.
No screenshot watching for ads, and no reports of which apps you install.	Sem monitoramento de capturas de tela de anúncios e sem relatórios sobre quais apps você instala.
Not saved: that isn't a Facebook photo or video	Não foi salvo: isso não é uma foto nem um vídeo do Facebook
Not saved: the file is over 512 MB	Não foi salvo: o arquivo tem mais de 512 MB
OK	OK
Choose a folder name under Movies and Pictures. Invalid characters become underscores. Leave it blank to use the default folder, %1$s.	Escolha o nome da pasta em Movies e Pictures. Caracteres inválidos viram sublinhados. Deixe em branco para usar a pasta padrão, %1$s.
Open links in your browser	Abrir links no seu navegador
Paid ads in the feed. They're dropped before Facebook adds them, so no gap is left.	Anúncios pagos no feed. São removidos antes de o Facebook adicioná-los, então não fica nenhum espaço vazio.
Pause Hushfacebook	Pausar o Hushfacebook
Posts Facebook files as promotions rather than as ads.	Posts que o Facebook classifica como promoções, e não como anúncios.
Posts Facebook slips into your feed from people and pages you don't follow and groups you haven't joined.	Publicações de pessoas e Páginas que você não segue e de grupos dos quais você não participa, que o Facebook coloca no seu feed.
Posts that Facebook's own detection marks as made with AI. A post that only its creator labelled as AI stays. It's off by default because it hasn't been tested on a real feed yet.	Posts que a detecção do próprio Facebook marca como feitos com IA. Um post que só o autor marcou como IA continua aparecendo. Esta opção vem desligada porque ainda não foi testada em um feed real.
Profiles and some Settings pages open again on this re-signed build.	Perfis e algumas páginas de Configurações voltam a abrir nesta versão reassinada.
Re-signed build fix	Correção para versão reassinada
Reading the settings file	Lendo o arquivo de configurações
Reels and Watch	Reels e Watch
Remove tracking from shared links	Remover o rastreamento dos links compartilhados
Retry	Tentar novamente
Save any story	Salvar qualquer story
Save cancelled	Salvamento cancelado
Save folder	Pasta de destino
Save full report	Salvar relatório completo
Saved to %1$s	Salvo em %1$s
Saved to the gallery	Salvo na galeria
Saved. Restart Facebook to apply this change.	Salvo. Reinicie o Facebook para aplicar esta alteração.
Save your switches and download settings to a file. Pause and Debug logging aren't included, and neither is the release check.	Salve suas opções e as configurações de download em um arquivo. A pausa e o Registro de depuração não são incluídos, nem a busca por novas versões.
# The release check: its switch and Check now row under Updates, the status card's line about a newer release, and what a failed try says.
Check for new Hushfacebook releases	Procurar novas versões do Hushfacebook
Ask GitHub once a day at startup and show newer releases on the overview. Off by default. Nothing is downloaded.	Consulta o GitHub uma vez por dia ao iniciar e mostra novas versões na visão geral. Desativado por padrão. Nada é baixado.
Check now	Verificar agora
Asks GitHub for the newest release right now, even with the switch above off.	Pergunta agora mesmo ao GitHub qual é a versão mais recente, mesmo com a opção acima desligada.
Checking GitHub now.	Consultando o GitHub agora.
Hushfacebook %1$s is out. Update it in Morphe Manager.	O Hushfacebook %1$s saiu. Atualize pelo Morphe Manager.
It targets Facebook %1$s.	Ele é feito para o Facebook %1$s.
Hushfacebook %1$s targets Facebook %2$s.	O Hushfacebook %1$s é feito para o Facebook %2$s.
You have the newest Hushfacebook release.	Você já tem a versão mais recente do Hushfacebook.
The newest Hushfacebook release is %1$s.	A versão mais recente do Hushfacebook é a %1$s.
Couldn't reach GitHub. Try again later.	Não foi possível falar com o GitHub. Tente de novo mais tarde.
GitHub is turning away checks from this network for now. Try again later.	O GitHub está recusando consultas desta rede por enquanto. Tente de novo mais tarde.
GitHub's answer couldn't be used. Try again later.	Não deu para usar a resposta do GitHub. Tente de novo mais tarde.
Saves will go to a folder named %1$s.	O que você salvar vai para uma pasta chamada %1$s.
Saving a photo	Salvando uma foto
Saving a video	Salvando um vídeo
Saving the settings file	Salvando o arquivo de configurações
Saving...	Salvando...
Set when you patched	Definido ao aplicar os patches
Settings couldn't open	Não foi possível abrir as configurações
Settings couldn't refresh completely. Reopen settings and try again.	Não foi possível atualizar as configurações por completo. Reabra as configurações e tente de novo.
Settings exported.	Configurações exportadas.
Settings imported. %1$d switch changed.	Configurações importadas. %1$d opção mudou.
Settings imported. %1$d switches changed.	Configurações importadas. %1$d opções mudaram.
Settings imported. Saves will go to a folder named %1$s.	Configurações importadas. O que você salvar vai para uma pasta chamada %1$s.
Source code and issues	Código-fonte e relatos de problemas
Stays in while paused	O que continua ativo na pausa
Stories	Stories
Takes tracking tags such as mibextid off the links you share or copy. A facebook.com/share/ link is made for one share, so Facebook can still trace it back to you.	Remove as tags de rastreamento, como mibextid, dos links que você compartilha ou copia. Um link facebook.com/share/ é criado para um único compartilhamento, então o Facebook ainda consegue associá-lo a você.
Tap to turn it back on.	Toque para reativar.
That file is too large to be a settings file. Nothing was changed.	Esse arquivo é grande demais para ser um arquivo de configurações. Nada foi alterado.
That file isn't readable text, so it may have been damaged on the way. Nothing was changed.	Esse arquivo não é texto legível, então pode ter sido danificado no caminho. Nada foi alterado.
That file lists a setting twice, so there's no telling which value to use. Nothing was changed.	Esse arquivo lista uma configuração duas vezes, então não dá para saber qual valor usar. Nada foi alterado.
That isn't a Hushfacebook settings file. Nothing was changed.	Isso não é um arquivo de configurações do Hushfacebook. Nada foi alterado.
That settings file holds a value Hushfacebook can't read. Nothing was changed.	Esse arquivo de configurações tem um valor que o Hushfacebook não consegue ler. Nada foi alterado.
That settings file is damaged or only partly downloaded. Nothing was changed.	Esse arquivo de configurações está danificado ou só foi baixado em parte. Nada foi alterado.
That settings file was written by a newer Hushfacebook than this one. Nothing was changed.	Esse arquivo de configurações foi criado por uma versão do Hushfacebook mais recente que esta. Nada foi alterado.
the Audience Network block	o bloqueio do Audience Network
the black background in dark mode	o fundo preto do modo escuro
the block on downloading ads in the background	o bloqueio do download de anúncios em segundo plano
the block on reports of ad screenshots and app installs	o bloqueio dos relatórios sobre capturas de tela de anúncios e apps instalados
The diagnostic report couldn't be saved yet. Try again in a moment.	O relatório de diagnóstico ainda não pôde ser salvo. Tente de novo em instantes.
The diagnostic report couldn't be saved. Try again.	Não foi possível salvar o relatório de diagnóstico. Tente de novo.
The file %1$s couldn't be removed. Delete it from %2$s to turn Hushfacebook back on.	Não foi possível remover o arquivo %1$s. Exclua-o de %2$s para reativar o Hushfacebook.
the part of the Reels ad block patched into the app	a parte do bloqueio de anúncios do Reels aplicada no app
the re-signed build fix	a correção para versão reassinada
the recoloured dark mode	a nova coloração do modo escuro
The row of friend suggestions between posts, and the one on your own profile.	A fileira de sugestões de amizade entre as publicações e a do seu próprio perfil.
The row of stories at the top of the feed, Create story included.	A fileira de stories no topo do feed, incluindo “Criar story”.
The rows of reels between posts, and the reels Facebook adds where your feed ends.	As fileiras de reels entre as publicações e os reels que o Facebook adiciona onde o seu feed termina.
The setting couldn't finish updating. Its saved value is shown.	Não foi possível concluir a atualização da configuração. O valor salvo está sendo mostrado.
There's no diagnostic data to clear.	Não há dados de diagnóstico para limpar.
There's no diagnostic data to put back.	Não há dados de diagnóstico para restaurar.
They're chosen in Morphe Manager when you patch, and Pause doesn't turn them off. Patch again to change them.	Eles são escolhidos no Morphe Manager quando você aplica os patches, e a pausa não os desliga. Aplique os patches de novo para mudá-los.
This phone has no file picker, so there's no way to choose a file here.	Este celular não tem seletor de arquivos, então não dá para escolher um arquivo aqui.
Try again, or go back to Facebook.	Tente de novo ou volte para o Facebook.
The switch takes effect when Facebook restarts.	A opção passa a valer quando o Facebook reiniciar.
Use the system font	Usar a fonte do sistema
Use the phone's emoji	Usar os emojis do celular
Version	Versão
Version %1$s for Facebook %2$s	Versão %1$s para o Facebook %2$s
Videos go to %1$s and photos to %2$s.	Os vídeos vão para %1$s e as fotos para %2$s.
Open web links in your browser. Facebook's own pages stay in the app.	Abre links da web no navegador. As páginas do Facebook ficam no app.
Record patch activity and show errors for a bug report. Leave off during normal use.	Registra a atividade dos patches e mostra erros para um relatório. Deixe desativado no uso normal.
You paused Hushfacebook.	Você pausou o Hushfacebook.
Your switches already match that file, so nothing will change.	Suas opções já correspondem a esse arquivo, então nada vai mudar.
Keep feed position on return	Manter a posição no feed ao voltar
Returning to Facebook within ten minutes keeps your place. Pull to refresh still works.	Se você voltar ao Facebook em até dez minutos, continuará de onde parou. Puxe para baixo para atualizar quando quiser.
A finished story stays on screen until you tap or swipe. Turn this off for Facebook's timing.	Um story concluído fica na tela até você tocar ou deslizar. Desative para usar o tempo padrão do Facebook.
Stop Story auto-advance	Parar o avanço automático dos stories
Copy a short report to the clipboard.	Copie um relatório curto para a área de transferência.
Save the full report in Download/Morphe.	Salve o relatório completo em Download/Morphe.
Folder set to %1$s.	Pasta definida como %1$s.
Save	Salvar
Folder name	Nome da pasta
Hide prompts and promos under reels	Ocultar convites e promoções nos reels
Remix, Use template, Add yours and Edits buttons, plus Stars, games, partner apps and outside links. The song and other labels stay.	Os botões de remix, usar modelo, adicionar o seu e Edits, e os de estrelas, jogos, apps parceiros e links externos. A música e as outras etiquetas continuam.
Hide the Follow button on reels	Ocultar o botão Seguir nos reels
The Follow button next to the reel's author. You can still follow them from their profile.	O botão Seguir ao lado de quem publicou o reel. Você ainda pode seguir a pessoa pelo perfil dela.
Hide comment and reaction previews	Ocultar prévias de comentários e reações
The comment Facebook previews under a reel and the bubbles of friends who reacted. Open the comments to see them all.	O comentário que o Facebook mostra como prévia abaixo de um reel e as bolhas dos amigos que reagiram. Abra os comentários para ver todos.
Download quality	Qualidade do download
Best	A melhor
Smallest	A menor
Each video saves at the best quality the player streams.	Cada vídeo é salvo na melhor qualidade que o player reproduz.
Each video saves at its lowest quality, for the smallest file.	Cada vídeo é salvo na qualidade mais baixa dele, para o arquivo ficar o menor possível.
Each video saves at %1$s or the closest quality below it. A video with nothing that low saves at the closest quality above.	Cada vídeo é salvo em %1$s ou na qualidade mais próxima abaixo disso. Um vídeo que não tiver nenhuma qualidade tão baixa é salvo na mais próxima acima.
Videos will save at the best quality.	Os vídeos vão ser salvos na melhor qualidade.
Videos will save at their lowest quality, for the smallest files.	Os vídeos vão ser salvos na qualidade mais baixa deles, para os arquivos ficarem os menores possíveis.
Videos will save at %1$s or the closest quality below it. A video with nothing that low will save at the closest quality above.	Os vídeos vão ser salvos em %1$s ou na qualidade mais próxima abaixo disso. Um vídeo que não tiver nenhuma qualidade tão baixa vai ser salvo na mais próxima acima.
Settings imported.	Configurações importadas.
Video file name	Nome do arquivo de vídeo
%1$s becomes the date and time of the save, %2$s the video's number on Facebook, %3$s who posted it and %4$s the day it was posted. What a save doesn't know is left out, and a name with none of these gets the date added. When the name is already in the folder, the time of the save goes on the end. Invalid characters become underscores. Leave it blank to use the default, %5$s.	%1$s vira a data e a hora em que o vídeo foi salvo, %2$s vira o número do vídeo no Facebook, %3$s vira quem publicou e %4$s vira o dia da publicação. O que não se sabe na hora de salvar fica de fora, e um nome sem nenhum deles recebe a data. Se o nome já estiver na pasta, a hora em que o vídeo foi salvo vai no final. Caracteres inválidos viram sublinhados. Deixe em branco para usar o nome padrão, %5$s.
Videos are named %1$s. Photos keep Facebook's own %2$s names.	Os vídeos se chamam %1$s. As fotos mantêm os nomes %2$s do próprio Facebook.
Saved videos will be named %1$s.	Os vídeos salvos vão se chamar %1$s.
File name	Nome do arquivo
File name set to %1$s.	Nome do arquivo definido como %1$s.
Hide AI-detected reels and videos	Ocultar reels e vídeos detectados como IA
No app on this phone can open the link. The address is %1$s.	Nenhum app deste celular consegue abrir o link. O endereço é %1$s.
Hushfacebook pauses when Facebook restarts.	O Hushfacebook será pausado quando o Facebook reiniciar.
Pause, backup and diagnostics	Pausa, backup e diagnóstico
Updates	Atualizações
Stop update prompts	Parar os avisos de atualização
Facebook stops asking you to update through Meta App Manager and stops having it look for one. Chat promotions aimed at older versions go too. A patched build can't install Meta's updates anyway.	O Facebook para de pedir que você atualize pelo Meta App Manager e para de mandá-lo procurar uma atualização. As promoções de chat voltadas a versões antigas também somem. Uma versão com patch não consegue instalar as atualizações da Meta de qualquer forma.
Reels and Watch videos that Facebook's own detection marks as made with AI, starting with the next batch Facebook loads. One that only its creator labelled as AI stays. It's off by default because it hasn't been tested on a real account yet.	Reels e vídeos do Watch que a detecção do próprio Facebook marca como feitos com IA, a partir do próximo lote que o Facebook carregar. Um que só o autor marcou como IA continua aparecendo. Esta opção vem desligada porque ainda não foi testada com uma conta real.
Don't send reel watch history	Não enviar o histórico de reels assistidos
Stop sending watched-reel lists to Facebook. It uses them to rank your feed, so watched reels may return.	Para de enviar listas de reels assistidos ao Facebook. Elas ordenam seu feed, então reels já vistos podem voltar.
the rename of the shared permissions	a renomeação das permissões compartilhadas
Room for Meta's apps	Espaço para os apps da Meta
Messenger, Facebook Lite, Business Suite and Workplace install beside this Facebook. It gives the two permissions they share with it names of its own.	Messenger, Facebook Lite, Business Suite e Workplace se instalam ao lado deste Facebook. Ele dá nomes próprios às duas permissões que eles compartilham com ele.
# context: settings section heading for the Open on a chosen tab rows
Opening Facebook	Ao abrir o Facebook
# context: switch title; the list below it picks the tab
Open on a chosen tab	Abrir em uma aba escolhida
Choose where Facebook opens from its icon. Notifications and links still open their destination.	Escolha onde o Facebook abre pelo ícone. Notificações e links continuam abrindo seu destino.
# context: title of the list of tabs Facebook can open on
Tab to open on	Aba ao abrir
# context: the names of Facebook's own tabs, as its tab bar shows them
Home	Página inicial
Feeds	Feeds
Video	Vídeo
Friends	Amigos
Marketplace	Marketplace
Notifications	Notificações
Menu	Menu
# context: summary of the tab list; %1$s is one of the tab names above
Facebook opens on %1$s. If your tab bar doesn't have it, Facebook opens on Home.	O Facebook abre em %1$s. Se a sua barra de abas não tiver essa aba, o Facebook abre na Página inicial.
# context: a sentence in the settings import preview and its toast; %1$s is a tab name
Facebook will open on %1$s.	O Facebook vai abrir em %1$s.
Jump to a section	Ir para uma seção
Go straight to one group of settings. Back returns to where you were.	Vá direto a um grupo de configurações. Voltar leva você de volta aonde estava.
# context: switch title under Downloads; on, every video save keeps to formats other apps accept
Save videos other apps can open	Salvar vídeos que outros apps conseguem abrir
# context: summary of that switch; H.264, AAC, AV1 and WhatsApp are names and stay as they are
Prefer H.264 video with AAC sound for apps such as WhatsApp. Quality may be lower than AV1. Without a compatible version, save as usual.	Prefere vídeo H.264 com áudio AAC para apps como WhatsApp. A qualidade pode ser menor que AV1. Sem versão compatível, salva normalmente.
# context: section title for the Chats settings, named like Facebook's own Chats screen
Chats	Conversas
# context: switch title under Chats; the card is Facebook's own "Get the Messenger app" card
Hide the Get Messenger card	Ocultar o cartão Baixar o Messenger
# context: summary of that switch; Messenger is the app's name and stays as it is
The card at the top of Chats that asks you to get the Messenger app goes while Messenger is installed. Without Messenger it stays, so you can still install it from there.	O cartão no topo das Conversas que pede para você baixar o app Messenger some enquanto o Messenger estiver instalado. Sem o Messenger, ele continua lá para você ainda poder instalá-lo por ele.
# context: settings section heading for the Tap to play switch
Playback	Reprodução
# context: switch title; on, videos and music wait for a tap before they play
Tap to play	Tocar para reproduzir
# context: summary of that switch; Autoplay and Off are the name and value of Facebook's own setting, as Facebook shows them in this language
Videos, reels, stories and music wait for your tap. Facebook's Autoplay setting temporarily reads Off.	Vídeos, reels, stories e música esperam seu toque. A reprodução automática do Facebook fica temporariamente desativada.
# context: switch title under Opening Facebook; Marketplace is Facebook's tab and keeps its name
Marketplace only	Só Marketplace
# context: summary of that switch; the tab names are Facebook's own, as its tab bar shows them
# context: switch title under Menu; Upgrades is the name of a section in Facebook's own Menu
Hide Upgrades	Ocultar “Upgrades”
# context: summary of that switch; Settings and Help and support are Facebook's own Menu sections
The Upgrades section and its offers leave Facebook's Menu. Settings, Help and support and the rest of the Menu stay.	A seção “Upgrades” e suas ofertas saem do Menu do Facebook. Configurações, Ajuda e suporte e o resto do Menu continuam.
# context: switch title under Menu; Also from Meta is the name of a section in Facebook's own Menu
Hide Also from Meta	Ocultar “Também da Meta”
# context: summary of that switch; the section links to Meta's other apps and shows ads for its devices
The Also from Meta section leaves Facebook's Menu, with its links to Meta's other apps and its ads for Meta's devices. Your own shortcuts stay.	A seção “Também da Meta” sai do Menu do Facebook, com os links para os outros apps da Meta e os anúncios de dispositivos da Meta. Seus próprios atalhos continuam.
# context: section title for the search settings, named like Facebook's own search
Search	Pesquisa
# context: switch title under Search; Meta AI is Meta's assistant and keeps its name
Hide Meta AI in search	Ocultar a Meta AI na pesquisa
# context: summary of that switch; Meta AI and Ask Meta AI are Meta's own names, as Facebook shows them
Search results lose the Meta AI answer and the Ask Meta AI prompts, and a suggestion no longer sends your search to Meta AI. People, groups, pages and posts stay, and the Meta AI button still opens Meta AI.	Os resultados da pesquisa deixam de mostrar a resposta da Meta AI e as sugestões para perguntar à Meta AI, e uma sugestão não envia mais sua pesquisa para a Meta AI. Pessoas, grupos, páginas e publicações continuam, e o botão da Meta AI ainda abre a Meta AI.
# context: settings section heading for the Default comment order switch and its list
Comments	Comentários
# context: switch title; on, a post's comments open in the order chosen in the list below it
Default comment order	Ordem padrão dos comentários
# context: summary of that switch; a link to a comment is one from a notification, say
Use the order below. A choice made on a post lasts until restart. Links to comments keep Facebook's order.	Use a ordem abaixo. A escolha em uma publicação vale até reiniciar. Links para comentários mantêm a ordem do Facebook.
# context: title of the list of comment orders, and of its dialog
Comment order	Ordem dos comentários
# context: entry of that list: the order Facebook's servers pick, which is what happens without Hushfacebook
Facebook's choice	Escolha do Facebook
# context: entry of that list; Facebook's own name for this order in the sort menu of a post's comments
Most relevant	Mais relevantes
# context: entry of that list; Facebook's own name for this order in the sort menu of a post's comments
Newest	Mais recentes
# context: entry of that list; Facebook's own name for this order in the sort menu of a post's comments
All comments	Todos os comentários
# context: summary of the list when Facebook's choice is picked; Most relevant is Facebook's own name for that order
Comments open in the order Facebook picks, which is usually Most relevant.	Os comentários abrem na ordem que o Facebook escolhe, que costuma ser Mais relevantes.
# context: summary of the list; %1$s is one of the order names above, as Facebook's sort menu shows it
A post's comments open with %1$s picked in their sort menu, where the post offers it.	Os comentários de uma publicação abrem com %1$s escolhido no menu de ordenação, quando a publicação oferece essa opção.
# context: sentence in the import preview and the toast after an import that sets the comment order to Facebook's choice
Comments will open in the order Facebook picks.	Os comentários vão abrir na ordem que o Facebook escolher.
# context: sentence in the import preview and the toast after an import that sets the comment order; %1$s is one of the order names above
Comments will open with %1$s picked in their sort menu.	Os comentários vão abrir com %1$s escolhido no menu de ordenação.
# context: switch title under Search; the ads Facebook puts between search results
Hide sponsored search results	Ocultar resultados de pesquisa patrocinados
# context: summary of that switch
Ads between the results when you search Facebook. What you searched for stays.	Anúncios entre os resultados quando você pesquisa no Facebook. O que você pesquisou continua lá.
# context: switch title under News feed; the ads between the posts on a person's profile or a Page
Hide sponsored profile posts	Ocultar posts patrocinados em perfis
# context: summary of that switch; Page is Facebook's name for a business or public figure's page
Ads between the posts on someone's profile or a Page. Their own posts stay.	Anúncios entre os posts no perfil de alguém ou em uma Página. Os posts da própria pessoa continuam.
# context: what stays in while Hushfacebook is paused, followed by the patch name in brackets; the row in Facebook's own Menu that opens Hushfacebook settings
the settings row in Facebook's Menu	a linha de configurações no Menu do Facebook
# context: a short message when the Hushfacebook row in Facebook's Menu couldn't open the settings
Hushfacebook settings can't open here. Long-press the Facebook logo instead.	As configurações do Hushfacebook não abrem aqui. Toque e segure o logotipo do Facebook.
# context: switch title under News feed; the row of groups Facebook suggests joining, shown between posts
Hide suggested groups	Ocultar grupos sugeridos
# context: summary of that switch; Discover more groups is the label of Facebook's own button under that row
The row of groups to join between posts, with its Discover more groups button. Posts from groups you're in stay.	A fileira de grupos para participar entre as publicações, com o botão Descobrir mais grupos. As publicações dos grupos dos quais você participa continuam.
# context: switch title under News feed; Facebook's own header of a row of Stories from people you don't know, shown between posts
Hide "Stories you might like"	Ocultar “Stories que você talvez curta”
# context: summary of that switch; the Stories tray is the row of Stories at the top of the feed
The row of Stories from people you aren't connected to that Facebook puts between posts. Your friends' Stories and the Stories tray stay.	A fileira de stories de pessoas com quem você não tem conexão, que o Facebook coloca entre as publicações. Os stories dos seus amigos e a bandeja de stories continuam.
# context: switch title under Notifications; trending videos Facebook sends as push notifications
Block trending video notifications	Bloquear notificações de vídeos em alta
# context: summary of that switch; reels are Facebook's short videos
Trending videos and the reels Facebook picked for you stop showing up in your notifications.	Vídeos em alta e os reels que o Facebook escolheu para você deixam de aparecer nas suas notificações.
# context: switch title under Notifications; memories are Facebook's posts from past years on the same day
Block memory notifications	Bloquear notificações de lembranças
# context: summary of that switch; On this day is the name Facebook gives its memories feature
Facebook's "On this day" memories stop showing up in your notifications.	As lembranças “Neste dia” do Facebook deixam de aparecer nas suas notificações.
# context: switch title under Notifications; reminders of friends' birthdays
Block birthday notifications	Bloquear notificações de aniversário
# context: summary of that switch
No more reminders that it's a friend's birthday.	Chega de lembretes de que um amigo faz aniversário.
# context: switch title under Notifications; Page is Facebook's name for a business or public figure's page
Block group and Page highlights	Bloquear destaques de grupos e Páginas
# context: summary of that switch; creators are the people and Pages who post videos and posts you follow
Digests of what's going on in groups, Pages and creators you follow stop. Comments, replies and mentions still come through.	Param os resumos do que está acontecendo nos grupos, Páginas e criadores que você segue. Comentários, respostas e menções continuam chegando.
# context: switch title under Notifications; People you may know is Facebook's name for its friend suggestions, as in Hide "People you may know"
Block "People you may know"	Bloquear “Pessoas que você talvez conheça”
# context: summary of that switch; friend requests are other notifications, which always come through
Friend suggestions stop showing up in your notifications. Friend requests still come through.	As sugestões de amizade deixam de aparecer nas suas notificações. As solicitações de amizade continuam chegando.
# context: switch title under Notifications; places near you and weather alerts Facebook sends
Block nearby and weather notifications	Bloquear notificações de lugares próximos e do tempo
# context: summary of that switch
Alerts about places near you and about the weather stop.	Param os alertas sobre lugares perto de você e sobre o tempo.
# context: title of a note under Notifications, below the switches; what no switch there blocks
What always comes through	O que sempre chega
# context: text of that note; Android's own settings are the phone's per-app notification categories, which Facebook's server defines
Messages, friend requests, comments, mentions, calls and login alerts, and any kind Hushfacebook doesn't know. Android's own settings for Facebook's notification categories work too, since Facebook drops a notification whose category you turned off. Facebook's server decides which categories you get, though, so they may not split these kinds out.	Mensagens, solicitações de amizade, comentários, menções, chamadas e alertas de login, além de qualquer tipo que o Hushfacebook não conheça. As configurações do próprio Android para as categorias de notificação do Facebook também funcionam, porque o Facebook descarta uma notificação cuja categoria você desativou. Mas é o servidor do Facebook que decide quais categorias você recebe, então elas podem não separar esses tipos.
# context: switch title under Stories; the stories Facebook suggests in the Stories tray from accounts you don't follow
Hide suggested stories	Ocultar stories sugeridos
# context: summary of that switch; Suggested is the label Facebook shows under such a story in the tray, and the tray reloads on its own schedule
Keep friends and followed Pages in the Stories tray. Applies when Facebook next loads the tray.	Mantenha amigos e Páginas seguidas na bandeja de stories. Vale quando o Facebook carregar a bandeja novamente.
# context: switch title under Marketplace; the ads Facebook puts between the things people sell in Marketplace's feed
Hide sponsored Marketplace listings	Ocultar anúncios patrocinados do Marketplace
# context: summary of that switch; a boosted listing is one its seller paid Facebook to show to more people
Ads and boosted listings in Marketplace's feed. The other listings stay.	Propagandas e anúncios impulsionados no feed do Marketplace. Os outros anúncios continuam.
# context: switch title under News feed; hides posts whose text holds a word or phrase the person listed
Hide posts with words you choose	Ocultar posts com palavras que você escolher
# context: summary of that switch; the keep list is the second list under it, and a settings file is the one Export settings writes
Posts whose text has a word or phrase from your list below. A post with a word from your keep list stays, and so does a post with no text. Your words only leave the phone in a settings file you export.	Posts cujo texto tem uma palavra ou frase da sua lista abaixo. Um post com uma palavra da sua lista para manter continua aparecendo, e um post sem texto também. Suas palavras só saem do celular em um arquivo de configurações que você exportar.
# context: title of the row and dialog holding the list of words and phrases that hide a post
Words to hide	Palavras para ocultar
# context: title of the row and dialog holding the list of words and phrases that keep a post even when it has a word to hide
Words that keep a post	Palavras que mantêm um post
# context: message of the Words to hide dialog; %1$d is how many phrases a list holds (50), %2$d and %3$d the shortest and longest phrase in characters (2 and 60)
One word or phrase per line, up to %1$d, each %2$d to %3$d characters long. Capital letters don't matter, and a phrase matches anywhere in a post's text, inside longer words too.	Uma palavra ou frase por linha, até %1$d, cada uma com %2$d a %3$d caracteres. Maiúsculas e minúsculas não importam, e uma frase vale em qualquer parte do texto de um post, inclusive dentro de palavras maiores.
# context: message of the Words that keep a post dialog; %1$d is how many phrases a list holds (50), %2$d and %3$d the shortest and longest phrase in characters (2 and 60)
A post with any of these stays, even when it also has a word to hide. One per line, up to %1$d, each %2$d to %3$d characters long.	Um post com qualquer uma destas continua aparecendo, mesmo que também tenha uma palavra para ocultar. Uma por linha, até %1$d, cada uma com %2$d a %3$d caracteres.
# context: hint in the empty text box of both word list dialogs
One word or phrase per line	Uma palavra ou frase por linha
# context: toast after saving a word list, one line left out; %2$d and %3$d are the shortest and longest phrase in characters, %4$d how many a list holds
%1$d line was left out. A phrase needs %2$d to %3$d characters, one given twice counts once, and a list holds %4$d.	%1$d linha ficou de fora. Uma frase precisa ter de %2$d a %3$d caracteres, uma repetida conta uma vez só e uma lista comporta %4$d.
# context: toast after saving a word list, several lines left out; %2$d and %3$d are the shortest and longest phrase in characters, %4$d how many a list holds
%1$d lines were left out. A phrase needs %2$d to %3$d characters, one given twice counts once, and a list holds %4$d.	%1$d linhas ficaram de fora. Uma frase precisa ter de %2$d a %3$d caracteres, uma repetida conta uma vez só e uma lista comporta %4$d.
# context: summary of the Words to hide row while it's empty
No words yet, so no post is hidden.	Ainda não há palavras, então nenhum post é ocultado.
# context: summary of the Words that keep a post row while it's empty
No words yet.	Ainda não há palavras.
# context: summary of a word list row holding one phrase
%1$d word or phrase.	%1$d palavra ou frase.
# context: summary of a word list row holding several phrases
%1$d words or phrases.	%1$d palavras ou frases.
# context: added to the Words to hide summary: posts the filter hid since Facebook last started, one
Hid %1$d post since Facebook started.	%1$d post ocultado desde que o Facebook abriu.
# context: added to the Words to hide summary: posts the filter hid since Facebook last started, several
Hid %1$d posts since Facebook started.	%1$d posts ocultados desde que o Facebook abriu.
# context: sentence in the import preview and the toast after an import that empties the list of words to hide
Your list of words to hide will be empty.	Sua lista de palavras para ocultar vai ficar vazia.
# context: sentence in the import preview and the toast after an import; the list of words to hide will hold one phrase
Your list of words to hide will hold %1$d word or phrase.	Sua lista de palavras para ocultar vai ter %1$d palavra ou frase.
# context: sentence in the import preview and the toast after an import; the list of words to hide will hold several phrases
Your list of words to hide will hold %1$d words or phrases.	Sua lista de palavras para ocultar vai ter %1$d palavras ou frases.
# context: sentence in the import preview and the toast after an import that empties the keep list
Your list of words that keep a post will be empty.	Sua lista de palavras que mantêm um post vai ficar vazia.
# context: sentence in the import preview and the toast after an import; the keep list will hold one phrase
Your list of words that keep a post will hold %1$d word or phrase.	Sua lista de palavras que mantêm um post vai ter %1$d palavra ou frase.
# context: sentence in the import preview and the toast after an import; the keep list will hold several phrases
Your list of words that keep a post will hold %1$d words or phrases.	Sua lista de palavras que mantêm um post vai ter %1$d palavras ou frases.
# context: section title for the settings about writing posts and comments
Writing	Escrita
# context: switch title under Writing; @ is the at sign that starts a mention and stays as it is
Tag suggestions only after @	Sugestões de marcação só depois de @
# context: summary of that switch; the list is Facebook's list of people to tag, and @ stays as it is
Type @ before Facebook suggests someone to tag in posts or comments. Your text stays unchanged.	Digite @ para o Facebook sugerir quem marcar em publicações ou comentários. Seu texto não muda.
# context: switch title under Playback; on, a long video you left partway starts again where you left it
Resume long videos	Retomar vídeos longos
# context: summary of that switch; the seek bar is the bar under a video you drag to move through it; Reels is Facebook's name for its short videos
Resume videos over two minutes where you left off. Seek to start elsewhere. Reels, live videos and ads start as usual.	Retoma vídeos com mais de dois minutos de onde parou. Use a barra para começar em outro ponto. Reels, lives e anúncios começam normalmente.
# context: switch title under News feed, right below Hide AI-detected posts; on, posts their creator labelled as AI go too
Also hide posts labelled as AI	Ocultar também posts marcados como IA
# context: summary of that switch; the AI label is the one Facebook shows next to the poster's name on such posts
Posts whose creator marked them as made with AI. Facebook puts its AI label next to the name on these as well as on the posts its detection found, and with this on, both kinds go. It's off by default because it hasn't been tested on a real feed yet.	Posts que o autor marcou como feitos com IA. O Facebook coloca o rótulo de IA ao lado do nome nesses posts e também nos que a detecção dele encontrou, e com esta opção ligada os dois tipos somem. Ela vem desligada porque ainda não foi testada em um feed real.
Return to regular Facebook	Voltar ao Facebook normal
Restore the normal tabs at the next restart. Your other settings stay saved.	Restaura as abas normais ao reiniciar. Suas outras configurações são mantidas.
Marketplace mode is off. Restart Facebook to restore its normal tabs.	O modo Marketplace está desativado. Reinicie o Facebook para restaurar as abas normais.
Couldn't save the change. Try again.	Não foi possível salvar a alteração. Tente novamente.
Marketplace mode chooses the opening tab. Your previous choice stays saved.	O modo Marketplace define a aba inicial. Sua escolha anterior é mantida.
Restart needed. Marketplace mode will turn on the next time Facebook starts.	É preciso reiniciar. O modo Marketplace será ativado na próxima vez que o Facebook iniciar.
Restart needed. The normal tabs will return the next time Facebook starts.	É preciso reiniciar. As abas normais voltarão na próxima vez que o Facebook iniciar.
Marketplace is hidden in Facebook's tab settings. Show it under Settings, Tab bar, Customize the bar. Your normal tabs stay available.	O Marketplace está oculto nas configurações de abas do Facebook. Exiba em Configurações, Barra de abas, Personalizar a barra. Suas abas normais continuam disponíveis.
Marketplace unavailable. Facebook hasn't supplied a Marketplace tab for this account. Your normal tabs stay available.	Marketplace indisponível. O Facebook não forneceu uma aba do Marketplace para esta conta. Suas abas normais continuam disponíveis.
Couldn't check the tab bar. Your normal tabs stay available. Restart Facebook to try again.	Não foi possível verificar a barra de abas. Suas abas normais continuam disponíveis. Reinicie o Facebook para tentar novamente.
Waiting for Facebook's tab bar. Marketplace mode will apply when Facebook builds it.	Aguardando a barra de abas do Facebook. O modo Marketplace será aplicado quando o Facebook a criar.
Off. Turn on to open Marketplace and hide the feed and other social tabs after restarting Facebook.	Desativado. Ative para abrir o Marketplace e ocultar o feed e outras abas sociais após reiniciar o Facebook.
Quiet social notifications	Silenciar notificações sociais
Skip feed preloading	Ignorar o pré-carregamento do feed
Marketplace mode is off.	O modo Marketplace está desativado.
Paused with Hushfacebook. Your Marketplace choice stays saved. Tabs already hidden return after a restart while paused.	Pausado com o Hushfacebook. Sua escolha do Marketplace é mantida. As abas ocultas voltam após reiniciar enquanto o Hushfacebook estiver pausado.
Silence video suggestions, memories, birthdays and friend suggestions while this mode is on. Messages and trading updates stay. Your other notification choices stay saved.	Silencia sugestões de vídeos, lembranças, aniversários e sugestões de amizade enquanto este modo está ativo. Mensagens e atualizações de compras e vendas são mantidas. Suas outras opções de notificações ficam salvas.
Reduce background feed loading while Marketplace mode is active. Some loading can still happen during startup.	Reduz o carregamento do feed em segundo plano enquanto o modo Marketplace está ativo. Alguns dados ainda podem ser carregados ao iniciar.
Active. Marketplace, Notifications and Profile/Menu stay. Find Hushfacebook settings in Menu, under Settings and privacy.	Ativo. Marketplace, Notificações e Perfil/Menu são mantidos. As configurações do Hushfacebook ficam no Menu, em Configurações e privacidade.

# context: Settings overview, category navigation and search.
Marketplace mode and your start tab	Modo Marketplace e aba inicial
Ads, suggestions and word filters	Anúncios, sugestões e filtros de palavras
Suggestions, saving and auto-advance	Sugestões, salvamento e avanço automático
Cleaner reels and video controls	Reels mais limpos e controles de vídeo
Tap to play and resume	Toque para reproduzir e retomar
Quality, format and file names	Qualidade, formato e nomes de arquivos
Browse settings	Explorar configurações
More settings	Mais configurações
Additional Facebook preferences	Outras preferências do Facebook
No matching settings	Nenhuma configuração encontrada
Try a different word or clear the search.	Tente outra palavra ou limpe a busca.
Search settings	Buscar configurações
Clear search	Limpar busca
Your controls are active.	Seus controles estão ativos.
Your choices are saved. Resume after restarting Facebook.	Suas escolhas estão salvas. Retome após reiniciar o Facebook.
Pause	Pausar
Resume	Retomar
Undo	Desfazer

# context: Settings overview, category navigation and search.
Example without post details	Exemplo sem detalhes da publicação
