method	androidx.privacysandbox.ads.adservices.measurement.sAZi.azaTUgHUVTmiPi	OFZsZJipDf	public static final void com.nieruo.healthapp.ui.activity.WelcomeActivity$c2020060318.onResume(com.nieruo.healthapp.ui.activity.WelcomeActivity)
method	androidx.privacysandbox.ads.adservices.measurement.sAZi.azaTUgHUVTmiPi	mNCuW	public static final void com.nieruo.healthapp.HealthApplication$c2020060317.onCreate(com.nieruo.healthapp.HealthApplication)
method	b6.cbid.kkPfNQYDImYYwW	BeoulZ	public static final android.os.IBinder com.google.android.gms.auth.api.signin.RevocationBoundService$c2020060317.onBind(com.google.android.gms.auth.api.signin.RevocationBoundService,android.content.Intent)
method	b6.cbid.kkPfNQYDImYYwW	TDp	public static final void com.nieruo.healthapp.ui.activity.WidgetSplashActivity$c2020060317.onCreate(com.nieruo.healthapp.ui.activity.WidgetSplashActivity,android.os.Bundle)
method	com.zt.analytics.sdk.utils.GR.sVnYNs	SiSyPJ	public static final void com.facebook.CustomTabActivity$c2020060318.onCreate(com.facebook.CustomTabActivity,android.os.Bundle)
method	com.zt.analytics.sdk.utils.GR.sVnYNs	usWcFHAe	public static final void com.nieruo.healthapp.ui.activity.PushMessageActivity$c2020060317.onCreate(com.nieruo.healthapp.ui.activity.PushMessageActivity,android.os.Bundle)
method	k7.FYQK.kFhBdHXDFMX	DHpGSf	public static final void com.nieruo.healthapp.ui.activity.WelcomeActivity$c2020060317.onDestroy(com.nieruo.healthapp.ui.activity.WelcomeActivity)
method	k7.FYQK.kFhBdHXDFMX	RMdXmuuW	public static final void com.nieruo.healthapp.ui.activity.SplashActivity$c2020060317.onCreate(com.nieruo.healthapp.ui.activity.SplashActivity,android.os.Bundle)
method	k7.FYQK.kFhBdHXDFMX	vMGzdr	public static final void com.facebook.CustomTabActivity$c2020060317.onDestroy(com.facebook.CustomTabActivity)
string	android.support.v4.media.eL.zEscwI	AOlucyZTg	,
string	android.support.v4.media.eL.zEscwI	AmjWt	Variable length description in sgpd found (unsupported)
string	android.support.v4.media.eL.zEscwI	BxoKJLmF	DROP TABLE IF EXISTS `WorkTag`
string	android.support.v4.media.eL.zEscwI	CFAP	counterId exceeded max length 100
string	android.support.v4.media.eL.zEscwI	CaqxAcs	null
string	android.support.v4.media.eL.zEscwI	FYZedmzPV	AM
string	android.support.v4.media.eL.zEscwI	GKcJPxdgnANMdrT	Constraints not met for delegate 
string	android.support.v4.media.eL.zEscwI	GVeNr	FirebaseMessaging
string	android.support.v4.media.eL.zEscwI	GhbnGAJdsP	getGoal_reflect_num()I
string	android.support.v4.media.eL.zEscwI	GjyCajIdHM	Cannot update primary key property '
string	android.support.v4.media.eL.zEscwI	GvLSVBjszSKzPqn	, Size: 
string	android.support.v4.media.eL.zEscwI	HKTYujXBl	isOpen
string	android.support.v4.media.eL.zEscwI	HLsrtUxC	TT
string	android.support.v4.media.eL.zEscwI	HruhvIlKPQoiDwO	image_name
string	android.support.v4.media.eL.zEscwI	JqjhPbVNnmpozcz	scores
string	android.support.v4.media.eL.zEscwI	LCrKpgJWqDbDPGI	This object is unmanaged. Only managed objects can be copied.
string	android.support.v4.media.eL.zEscwI	MAdUQ	deferred_analytics_collection
string	android.support.v4.media.eL.zEscwI	MkXECPlODs	online mode
string	android.support.v4.media.eL.zEscwI	OFKxaeWzlN	default_event_params
string	android.support.v4.media.eL.zEscwI	RHRPSJJP	, +
string	android.support.v4.media.eL.zEscwI	RMTzqRkseyujDsK	JourneyProperty(check_in_list=
string	android.support.v4.media.eL.zEscwI	RvYfROikAEaj	TRUEPREDICATE
string	android.support.v4.media.eL.zEscwI	SMcKh	com.apple.iTunes
string	android.support.v4.media.eL.zEscwI	UAuzWvMDnVYul	null
string	android.support.v4.media.eL.zEscwI	UsRjhb	name
string	android.support.v4.media.eL.zEscwI	VbZP	
string	android.support.v4.media.eL.zEscwI	WWBnzqJDOYxLnu	image_name
string	android.support.v4.media.eL.zEscwI	XVGn	furniture_id
string	android.support.v4.media.eL.zEscwI	YRmH	.ae
string	android.support.v4.media.eL.zEscwI	ZOHOxKYnOKNTPs	Invalid device posture getter/setter
string	android.support.v4.media.eL.zEscwI	aLz	Firebase Lite
string	android.support.v4.media.eL.zEscwI	bICZvIeAxPb	primary_key
string	android.support.v4.media.eL.zEscwI	biT	HARDWARE
string	android.support.v4.media.eL.zEscwI	dgKjQ	OkHttp DIRTY :(\n
string	android.support.v4.media.eL.zEscwI	fLzhlRw	backoff_end_time_in_millis
string	android.support.v4.media.eL.zEscwI	fNIzExRJ	scene_id
string	android.support.v4.media.eL.zEscwI	gNKkWxBrE	
string	android.support.v4.media.eL.zEscwI	geGZDSnlctqsh	@Body parameters cannot be used with form or multi-part encoding.
string	android.support.v4.media.eL.zEscwI	gpoVIjHz	modality
string	android.support.v4.media.eL.zEscwI	hOjXqQS	call to 'resume' before 'invoke' with coroutine
string	android.support.v4.media.eL.zEscwI	kdt	new_question
string	android.support.v4.media.eL.zEscwI	nclq	EDITIONS
string	android.support.v4.media.eL.zEscwI	nsn	start: 
string	android.support.v4.media.eL.zEscwI	okjJDbTd	os_version
string	android.support.v4.media.eL.zEscwI	piTvQIRGKxaYlp	panell_dl
string	android.support.v4.media.eL.zEscwI	qIesAcmeprfFxoc	utf-8
string	android.support.v4.media.eL.zEscwI	qiHmkuvd	delete from raw_events_metadata where app_id=? and metadata_fingerprint not in (select distinct metadata_fingerprint from raw_events where app_id=?)
string	android.support.v4.media.eL.zEscwI	rgvdUQ	, description_de=
string	android.support.v4.media.eL.zEscwI	rzDQHI	A2016a40
string	android.support.v4.media.eL.zEscwI	sIpc	Missing required view with ID: 
string	android.support.v4.media.eL.zEscwI	tsCAuz	)
string	android.support.v4.media.eL.zEscwI	xXYUPWmgpWVBmD	.00
string	android.support.v4.media.eL.zEscwI	xzW	answer_group2
string	androidx.core.view.af.lPjFb	AGKtPy	No start tag found
string	androidx.core.view.af.lPjFb	AgHUtWQlYlRFykx	name
string	androidx.core.view.af.lPjFb	CkpkOstUxDJzfX	Google Play services missing or without correct permission.
string	androidx.core.view.af.lPjFb	CqHSzcQC	set
string	androidx.core.view.af.lPjFb	EJINE	isGuide()Ljava/lang/Boolean;
string	androidx.core.view.af.lPjFb	EpgSHqrZWXsVKE	messages
string	androidx.core.view.af.lPjFb	GUrikZrVF	state
string	androidx.core.view.af.lPjFb	HiSY	<v#1>
string	androidx.core.view.af.lPjFb	IFErYcuKAgb	, title_fr=
string	androidx.core.view.af.lPjFb	IJdn	light_dx
string	androidx.core.view.af.lPjFb	Iru	focus_point
string	androidx.core.view.af.lPjFb	LhgSPjRLEfK	; job=
string	androidx.core.view.af.lPjFb	MODRunq	22.1.2
string	androidx.core.view.af.lPjFb	Ocx	App version does not match; dropping event. appId
string	androidx.core.view.af.lPjFb	RpjnlAQtcjPEkq	hamster_id
string	androidx.core.view.af.lPjFb	STQLlFvs	addGoal
string	androidx.core.view.af.lPjFb	ShXxxr	 with tag 
string	androidx.core.view.af.lPjFb	TAevqRaeIayWezD	NT_ANALYTICS_DEVICE_IPV6
string	androidx.core.view.af.lPjFb	TedLboBsDaG	Can only encode CODE_93, but got 
string	androidx.core.view.af.lPjFb	UqDEtC	THEME_RES_ID_KEY
string	androidx.core.view.af.lPjFb	VCS	options
string	androidx.core.view.af.lPjFb	YJmGbpDPsGmyQBZ	binding
string	androidx.core.view.af.lPjFb	YMRxoCYaCz	com.google.android.libraries.identity.googleid.BUNDLE_KEY_ID
string	androidx.core.view.af.lPjFb	ZmxYXhRcotV	MutableListIterator
string	androidx.core.view.af.lPjFb	aAZJzhPDGSX	tools
string	androidx.core.view.af.lPjFb	aFBQyjfgnnOmGHt	getOriginal
string	androidx.core.view.af.lPjFb	aXAKJBosZxhnl	Content-Disposition: form-data; name="%s"
string	androidx.core.view.af.lPjFb	agzQDl	Cannot update primary key property '
string	androidx.core.view.af.lPjFb	bSfFzL	SVG parse error
string	androidx.core.view.af.lPjFb	cIj	data
string	androidx.core.view.af.lPjFb	faulJlhbHoqsX	hd
string	androidx.core.view.af.lPjFb	fpZNs	getPrimitiveType
string	androidx.core.view.af.lPjFb	gKdWskiFSDda	[sgtm] queued batch deleted after successful client upload. appId, rowId
string	androidx.core.view.af.lPjFb	haubAaPAVyGBq	minutesOfHour
string	androidx.core.view.af.lPjFb	inoywRkprJXwsG	getSource
string	androidx.core.view.af.lPjFb	jPXAJdxDvHsrRh	firebase.installation.id
string	androidx.core.view.af.lPjFb	jPhPdC	call to 'resume' before 'invoke' with coroutine
string	androidx.core.view.af.lPjFb	kjtHzuQtjY	de
string	androidx.core.view.af.lPjFb	kpevwrhwWsh	ClearCredentialStateException error returned from framework
string	androidx.core.view.af.lPjFb	mcVGCrwTAXXDMq	start_dt
string	androidx.core.view.af.lPjFb	ndaH	)-valueTo(
string	androidx.core.view.af.lPjFb	oeJanzQxzfrW	OkHttpUtils
string	androidx.core.view.af.lPjFb	qeu	https://nieruo.notion.site/Terms-of-Service-a01977e9b9f5400aa05fdb579115ec9b?pvs=4
string	androidx.core.view.af.lPjFb	tzTccEwBkMgadN	vip/vip_guide_bg_right_
string	androidx.core.view.af.lPjFb	vTtbJrrtloGw	, to_uid=
string	androidx.core.view.af.lPjFb	vWKopILJ	Failed to find source encoder for data class: 
string	androidx.core.view.af.lPjFb	vbB	, 
string	androidx.core.view.af.lPjFb	wObrqtRaVre	OutfitsEntry
string	androidx.core.view.af.lPjFb	wiIyHbm	S
string	androidx.core.view.af.lPjFb	yfjNGjBMO	adgroup
string	androidx.startup.EWPc.hmdkGomhq	BfwLpIQEW	last_sync_pet_dt
string	androidx.startup.EWPc.hmdkGomhq	CWob	android.intent.action.OPEN_DOCUMENT
string	androidx.startup.EWPc.hmdkGomhq	CsZygdpH	Cannot post message due to JSONException, the data will be deleted
string	androidx.startup.EWPc.hmdkGomhq	CzfHBITM	petId
string	androidx.startup.EWPc.hmdkGomhq	FtKq	event_name
string	androidx.startup.EWPc.hmdkGomhq	HyJrEWzUgpK	related_id
string	androidx.startup.EWPc.hmdkGomhq	IbQSqzzS	owner
string	androidx.startup.EWPc.hmdkGomhq	IdoOhjzIJipZund	expired_event_params
string	androidx.startup.EWPc.hmdkGomhq	JMq	getHas_reward()Z
string	androidx.startup.EWPc.hmdkGomhq	KSr	logEventDropped
string	androidx.startup.EWPc.hmdkGomhq	MNrpcrRIQml	fpr_experiment_app_start_ttid
string	androidx.startup.EWPc.hmdkGomhq	NQUDSUslEH	tools_type
string	androidx.startup.EWPc.hmdkGomhq	NxlOolefQctsA	solid_color
string	androidx.startup.EWPc.hmdkGomhq	Qnohpzz	proxy=
string	androidx.startup.EWPc.hmdkGomhq	TPUUNfbAM	NULL_SKUS_LIST
string	androidx.startup.EWPc.hmdkGomhq	TmukXoa	call to 'resume' before 'invoke' with coroutine
string	androidx.startup.EWPc.hmdkGomhq	VoUtRnQYjqMrdJ	thumbnail_name
string	androidx.startup.EWPc.hmdkGomhq	WsfemN	getAnnotations
string	androidx.startup.EWPc.hmdkGomhq	XkbLG	#6F4CB4
string	androidx.startup.EWPc.hmdkGomhq	aDeFgNLgi	, required name: 
string	androidx.startup.EWPc.hmdkGomhq	ajvSHhT	call to 'resume' before 'invoke' with coroutine
string	androidx.startup.EWPc.hmdkGomhq	cOyPPGjscRDL	exception
string	androidx.startup.EWPc.hmdkGomhq	cRL	id
string	androidx.startup.EWPc.hmdkGomhq	cvTR	Numeric values must be finite, but was 
string	androidx.startup.EWPc.hmdkGomhq	gKu	androidx.activity.result.contract.extra.INTENT_SENDER_REQUEST
string	androidx.startup.EWPc.hmdkGomhq	gVuKAJYQWz	Fetch was throttled.
string	androidx.startup.EWPc.hmdkGomhq	gqjYTrGuFVUKB	_experiment_firstBackgrounding
string	androidx.startup.EWPc.hmdkGomhq	jpAnYNRU	executor
string	androidx.startup.EWPc.hmdkGomhq	kQHmHR	select count(1) from user_attributes where app_id=? and name not like '!_%' escape '!'
string	androidx.startup.EWPc.hmdkGomhq	lzHkxxJPCfYlD	list
string	androidx.startup.EWPc.hmdkGomhq	oUwjiuADTKXjbs	[
string	androidx.startup.EWPc.hmdkGomhq	oyMMFbd	sort
string	androidx.startup.EWPc.hmdkGomhq	pCKpYAOggbZX	writeTimeout
string	androidx.startup.EWPc.hmdkGomhq	tWymN	null cannot be cast to non-null type android.view.ViewGroup.LayoutParams
string	androidx.startup.EWPc.hmdkGomhq	uRyYW	Error clearing complex main event
string	androidx.startup.EWPc.hmdkGomhq	uiqjYFbDYhkh	#303030
string	androidx.startup.EWPc.hmdkGomhq	vsSofeAXgS	checkedIconEnabled
string	androidx.startup.EWPc.hmdkGomhq	vtdDYREVHYMBXUU	is_suit
string	androidx.startup.EWPc.hmdkGomhq	wgPS	gcmSenderId
string	androidx.startup.EWPc.hmdkGomhq	wjzhSOkPlZ	TD_DATE
string	androidx.startup.EWPc.hmdkGomhq	zwSioXBSgFGbUQS	FIREPERF
string	androidx.work.impl.constraints.pWG.Ukuix	AWpSeFU	initCause(Ljava/lang/Throwable;)Ljava/lang/Throwable;
string	androidx.work.impl.constraints.pWG.Ukuix	EznI	call to 'resume' before 'invoke' with coroutine
string	androidx.work.impl.constraints.pWG.Ukuix	FHcbfoJjEbVr	
string	androidx.work.impl.constraints.pWG.Ukuix	HqYly	This stopwatch is already running.
string	androidx.work.impl.constraints.pWG.Ukuix	KJIZqMvWestI	Adjust
string	androidx.work.impl.constraints.pWG.Ukuix	KKXT	elevation
string	androidx.work.impl.constraints.pWG.Ukuix	KthjLCKwvolEOQU	android.os.action.CHARGING
string	androidx.work.impl.constraints.pWG.Ukuix	NqGldcLEvwwQZ	com.google.android.gms.measurement.internal.ITriggerUrisCallback
string	androidx.work.impl.constraints.pWG.Ukuix	OEVmettgyzRNl	#6F4CB4
string	androidx.work.impl.constraints.pWG.Ukuix	QvVamQ	completed_days
string	androidx.work.impl.constraints.pWG.Ukuix	RBLVaQflwaSC	getPrimary_key()Lorg/mongodb/kbson/BsonObjectId;
string	androidx.work.impl.constraints.pWG.Ukuix	RKV	Unexpected end of input; 'P' designator is required
string	androidx.work.impl.constraints.pWG.Ukuix	RKzqyjlI	getFee()I
string	androidx.work.impl.constraints.pWG.Ukuix	RWluIXTDJDzeTna	operational_parameters
string	androidx.work.impl.constraints.pWG.Ukuix	RmTzlhZXRbhLv	EXISTS
string	androidx.work.impl.constraints.pWG.Ukuix	UAI	platform method missing - proto runtime falling back to safer methods: 
string	androidx.work.impl.constraints.pWG.Ukuix	UkQH	 (*)  could not find id 
string	androidx.work.impl.constraints.pWG.Ukuix	WMXlPdtSHNrFI	Out of range: %s
string	androidx.work.impl.constraints.pWG.Ukuix	Xwkz	isTypeParameter
string	androidx.work.impl.constraints.pWG.Ukuix	YXhsYpa	Codec max resolution adjusted to: 
string	androidx.work.impl.constraints.pWG.Ukuix	ZfYtyuWTI	 in 
string	androidx.work.impl.constraints.pWG.Ukuix	bPp	getName
string	androidx.work.impl.constraints.pWG.Ukuix	cupTlBeWcX	zzk
string	androidx.work.impl.constraints.pWG.Ukuix	djzGSwZMOG	, developmentPlatformProvider=
string	androidx.work.impl.constraints.pWG.Ukuix	eljvufxPk	Unexpected error code 
string	androidx.work.impl.constraints.pWG.Ukuix	fzFnaZIgqkz	, cause=
string	androidx.work.impl.constraints.pWG.Ukuix	itelthcNnmc	setIdentityLink
string	androidx.work.impl.constraints.pWG.Ukuix	jBlhMCD	)
string	androidx.work.impl.constraints.pWG.Ukuix	lqHQUNRAGDIMHnM	
string	androidx.work.impl.constraints.pWG.Ukuix	lxwhCOn	audio
string	androidx.work.impl.constraints.pWG.Ukuix	mBidsHLbh	Spliterator
string	androidx.work.impl.constraints.pWG.Ukuix	mHVTGnuZEbkZro	manrope-light
string	androidx.work.impl.constraints.pWG.Ukuix	mPaMsS	KEY_128
string	androidx.work.impl.constraints.pWG.Ukuix	msBCPN	end_dt
string	androidx.work.impl.constraints.pWG.Ukuix	naXyUxjcBJ	ab_ob_startup_v1_b
string	androidx.work.impl.constraints.pWG.Ukuix	nfkJ	androidx.credentials.TYPE_CREATE_PUBLIC_KEY_CREDENTIAL_DOM_EXCEPTION/androidx.credentials.TYPE_QUOTA_EXCEEDED_ERROR
string	androidx.work.impl.constraints.pWG.Ukuix	njqwXnvcIXV	Error decoding server response.
string	androidx.work.impl.constraints.pWG.Ukuix	sYKBMpnQZugwUV	_c
string	androidx.work.impl.constraints.pWG.Ukuix	xAnqgMcGXVPn	All commands completed in dispatcher
string	androidx.work.impl.constraints.pWG.Ukuix	yzLO	outType
string	androidx.work.impl.constraints.pWG.Ukuix	zbMqDJyFtMWPh	, story_de=
string	androidx.work.impl.constraints.pWG.Ukuix	znOYBGquC	ga_event_id
string	androidx.work.impl.workers.FTQB.wpTeNOWNXIaE	ARRTDF	\\a
string	androidx.work.impl.workers.FTQB.wpTeNOWNXIaE	BpmMOxVyCN	campaign
string	androidx.work.impl.workers.FTQB.wpTeNOWNXIaE	DkJItw	This object is unmanaged. Only managed objects can be copied.
string	androidx.work.impl.workers.FTQB.wpTeNOWNXIaE	FGgHbGfeOEeFBY	) and stream length (
string	androidx.work.impl.workers.FTQB.wpTeNOWNXIaE	GHWUsY	Trace '%s' has already stopped, should not stop again!
string	androidx.work.impl.workers.FTQB.wpTeNOWNXIaE	HNbuKgRX	property_name
string	androidx.work.impl.workers.FTQB.wpTeNOWNXIaE	IAsNIqjgGo	file
string	androidx.work.impl.workers.FTQB.wpTeNOWNXIaE	JGFCuoKXpO	measurement.integration.disable_firebase_instance_id
string	androidx.work.impl.workers.FTQB.wpTeNOWNXIaE	JwyUa	 indicating not RESULT_OK
string	androidx.work.impl.workers.FTQB.wpTeNOWNXIaE	KneZ	android.intent.extra.REFERRER_NAME
string	androidx.work.impl.workers.FTQB.wpTeNOWNXIaE	KxCUlERrZ	, 
string	androidx.work.impl.workers.FTQB.wpTeNOWNXIaE	LZXqg	Fetching remote configuration
string	androidx.work.impl.workers.FTQB.wpTeNOWNXIaE	MtREnomLYLuNg	binding
string	androidx.work.impl.workers.FTQB.wpTeNOWNXIaE	OByppklIzCBlhc	Sets cannot contain other collections 
string	androidx.work.impl.workers.FTQB.wpTeNOWNXIaE	PBupvga	serverUri
string	androidx.work.impl.workers.FTQB.wpTeNOWNXIaE	PIbuWxRyLIWsVzJ	getOwned_count()I
string	androidx.work.impl.workers.FTQB.wpTeNOWNXIaE	QjoZybVl	): 
string	androidx.work.impl.workers.FTQB.wpTeNOWNXIaE	VWgnxKNgsaw	Cannot update primary key property '
string	androidx.work.impl.workers.FTQB.wpTeNOWNXIaE	VggJPa	com.google.android.gms.auth.api.identity.internal.ICredentialSavingService
string	androidx.work.impl.workers.FTQB.wpTeNOWNXIaE	XQS	#FFFFFF
string	androidx.work.impl.workers.FTQB.wpTeNOWNXIaE	XmXSdxervfuGn	room/thumbnail/
string	androidx.work.impl.workers.FTQB.wpTeNOWNXIaE	YbnnCS	ko
string	androidx.work.impl.workers.FTQB.wpTeNOWNXIaE	dOsVBIkMtxzgiwL	fx_app
string	androidx.work.impl.workers.FTQB.wpTeNOWNXIaE	dbrwhz	call to 'resume' before 'invoke' with coroutine
string	androidx.work.impl.workers.FTQB.wpTeNOWNXIaE	dooEEuuvoXXRo	Sdk has been configured to not try install referrer
string	androidx.work.impl.workers.FTQB.wpTeNOWNXIaE	eAvop	 displayVersion
string	androidx.work.impl.workers.FTQB.wpTeNOWNXIaE	ebj	id == $0
string	androidx.work.impl.workers.FTQB.wpTeNOWNXIaE	ewqk	getSafeSpace()Lcom/nieruo/healthapp/entity/SafeSpaceInfoEntity;
string	androidx.work.impl.workers.FTQB.wpTeNOWNXIaE	fSlNTiI	Missing required view with ID: 
string	androidx.work.impl.workers.FTQB.wpTeNOWNXIaE	fbWbKOXaZpndex	POLICY
string	androidx.work.impl.workers.FTQB.wpTeNOWNXIaE	hBvcqweGWxoOhBl	type
string	androidx.work.impl.workers.FTQB.wpTeNOWNXIaE	jGiIPoJgJUeB	Missing required view with ID: 
string	androidx.work.impl.workers.FTQB.wpTeNOWNXIaE	jRMyelIGKYOqI	dt
string	androidx.work.impl.workers.FTQB.wpTeNOWNXIaE	jqKcvLRxOfwD	, actionText=
string	androidx.work.impl.workers.FTQB.wpTeNOWNXIaE	lhPlr	aLugpAJG28Pz1V68CYQxdSm3v
string	androidx.work.impl.workers.FTQB.wpTeNOWNXIaE	luEF	TRUEPREDICATE
string	androidx.work.impl.workers.FTQB.wpTeNOWNXIaE	mUSVSOELD	alpha
string	androidx.work.impl.workers.FTQB.wpTeNOWNXIaE	ngcqc	install_referrer
string	androidx.work.impl.workers.FTQB.wpTeNOWNXIaE	oAFxUokjpJfuQ	draw
string	androidx.work.impl.workers.FTQB.wpTeNOWNXIaE	pxAUDbMNoc	getShow_popup()Z
string	androidx.work.impl.workers.FTQB.wpTeNOWNXIaE	qPorIOTtX	Failed to encode GIF drawable data
string	androidx.work.impl.workers.FTQB.wpTeNOWNXIaE	rBJ	key_adjust_adid
string	androidx.work.impl.workers.FTQB.wpTeNOWNXIaE	ueISUjkLszpSy	widget/clock_in_no_4_
string	androidx.work.impl.workers.FTQB.wpTeNOWNXIaE	utZkDwpCSlqt	type
string	androidx.work.impl.workers.FTQB.wpTeNOWNXIaE	wfEotBHpF	auto
string	androidx.work.impl.workers.FTQB.wpTeNOWNXIaE	xVAA	device_token
string	androidx.work.impl.workers.FTQB.wpTeNOWNXIaE	xdOUUedIvhqoB	type
string	b8.OVo.rNYnBATcU	AJXPnqn	[checkInitData] - partNumber : 
string	b8.OVo.rNYnBATcU	BUvPtShJPzjY	; containerTitle: 
string	b8.OVo.rNYnBATcU	BxAMlaPgUWkIUI	MODULE_ID
string	b8.OVo.rNYnBATcU	CLqZCCHyPC	region_type
string	b8.OVo.rNYnBATcU	CNKNdAqhIKZphcl	jumpVip
string	b8.OVo.rNYnBATcU	CRh	given_name
string	b8.OVo.rNYnBATcU	CqMkOYp	id
string	b8.OVo.rNYnBATcU	DIcLZEDnFKhPZ	name
string	b8.OVo.rNYnBATcU	DhTKk	A style block was found after the first cue.
string	b8.OVo.rNYnBATcU	LQrYOUuI	MaterialBackHelper
string	b8.OVo.rNYnBATcU	MjlLxN	Argument must not be null
string	b8.OVo.rNYnBATcU	MzZb	#disk
string	b8.OVo.rNYnBATcU	OiHJx	entry
string	b8.OVo.rNYnBATcU	QIIPyGAld	min (%s) must be less than or equal to max (%s)
string	b8.OVo.rNYnBATcU	RblycsPd	android.settings.APP_NOTIFICATION_SETTINGS
string	b8.OVo.rNYnBATcU	RdDMlolGHO	getType
string	b8.OVo.rNYnBATcU	SKL	
string	b8.OVo.rNYnBATcU	SNxvBzLWm	end_dt
string	b8.OVo.rNYnBATcU	SWdVoi	Shoegaze
string	b8.OVo.rNYnBATcU	UGhoAp	not
string	b8.OVo.rNYnBATcU	WQKWPPhdxuYNWO	AdvertisingIdClient
string	b8.OVo.rNYnBATcU	XYc	FirebaseMessaging
string	b8.OVo.rNYnBATcU	avqmdNxP	: 
string	b8.OVo.rNYnBATcU	bTyYovZVl	hour
string	b8.OVo.rNYnBATcU	ecPOIlvAguW	%s: %s,
string	b8.OVo.rNYnBATcU	emcRC	Cannot update primary key property '
string	b8.OVo.rNYnBATcU	fbbGmVkDBHzKn	Unable to log.
string	b8.OVo.rNYnBATcU	fwk	Missing required view with ID: 
string	b8.OVo.rNYnBATcU	gbRUtwjBDfEpWzA	Missing required view with ID: 
string	b8.OVo.rNYnBATcU	hGdWuOM	key_floor_color
string	b8.OVo.rNYnBATcU	hby	manrope-regular
string	b8.OVo.rNYnBATcU	itKFdeqijbITD	TRUEPREDICATE
string	b8.OVo.rNYnBATcU	jeDd	 
string	b8.OVo.rNYnBATcU	kjSog	null cannot be cast to non-null type android.view.ViewGroup.MarginLayoutParams
string	b8.OVo.rNYnBATcU	lseD	name_fr
string	b8.OVo.rNYnBATcU	mqAB	</ETag>\n
string	b8.OVo.rNYnBATcU	ncSkxD	id
string	b8.OVo.rNYnBATcU	opoOtbRejtwzP	Event{appId='
string	b8.OVo.rNYnBATcU	ozndlhwGovFTChk	doSomeWork
string	b8.OVo.rNYnBATcU	qImsUKDDtceIu	self_encourage
string	b8.OVo.rNYnBATcU	rRkdJXXmukDbxw	Unable to create logging payload
string	b8.OVo.rNYnBATcU	sIjobSLbBNCVyu	es
string	b8.OVo.rNYnBATcU	uIUmwaIAqkFnyS	(goal_status == 0 || goal_status == 2) && (end_dt == null || end_dt > $0)
string	b8.OVo.rNYnBATcU	vAEydAhqD	Missing required view with ID: 
string	b8.OVo.rNYnBATcU	xSWZjdYkmUXcPJq	DAY_VIEW_DECORATOR_KEY
string	b8.OVo.rNYnBATcU	yAPo	IDENTITY_NOT_EQUALS
string	b8.OVo.rNYnBATcU	yHU	Removing command 
string	b8.OVo.rNYnBATcU	zFImoX	key_trigger_source
string	b8.OVo.rNYnBATcU	zVzBZIQ	getFirstDayOfWeek()Ljava/lang/Integer;
string	com.alibaba.sdk.android.oss.common.utils.kp.vYknoJOLKwoUJ	CHKtYMRPJsSt	app_token
string	com.alibaba.sdk.android.oss.common.utils.kp.vYknoJOLKwoUJ	CIYoRQSn	getJson_name()Ljava/lang/String;
string	com.alibaba.sdk.android.oss.common.utils.kp.vYknoJOLKwoUJ	CWLAcppK	depth_reflect_num
string	com.alibaba.sdk.android.oss.common.utils.kp.vYknoJOLKwoUJ	Clpw	getGoal()Lio/realm/kotlin/query/RealmResults;
string	com.alibaba.sdk.android.oss.common.utils.kp.vYknoJOLKwoUJ	DYzZrGQ	H186
string	com.alibaba.sdk.android.oss.common.utils.kp.vYknoJOLKwoUJ	DizbhHZhOGNkQ	Bad path coords for 
string	com.alibaba.sdk.android.oss.common.utils.kp.vYknoJOLKwoUJ	IAdVyL	clickTimeServerXiaomi
string	com.alibaba.sdk.android.oss.common.utils.kp.vYknoJOLKwoUJ	JJXtVLgaz	type
string	com.alibaba.sdk.android.oss.common.utils.kp.vYknoJOLKwoUJ	KKtAxQgLtLKNOIf	type
string	com.alibaba.sdk.android.oss.common.utils.kp.vYknoJOLKwoUJ	NTLXjfVuUSlqZM	, buffered position=
string	com.alibaba.sdk.android.oss.common.utils.kp.vYknoJOLKwoUJ	OISvPhyzRfkK	; checkable: 
string	com.alibaba.sdk.android.oss.common.utils.kp.vYknoJOLKwoUJ	PonpHCUKX	NONE
string	com.alibaba.sdk.android.oss.common.utils.kp.vYknoJOLKwoUJ	RAfLI	Unexpected response action: 
string	com.alibaba.sdk.android.oss.common.utils.kp.vYknoJOLKwoUJ	RDMVlzTKtHZOw	month_dt
string	com.alibaba.sdk.android.oss.common.utils.kp.vYknoJOLKwoUJ	RjPXAoQBTVYnYLQ	Cannot update primary key property '
string	com.alibaba.sdk.android.oss.common.utils.kp.vYknoJOLKwoUJ	YAnRFiqztrmuo	weekday_index
string	com.alibaba.sdk.android.oss.common.utils.kp.vYknoJOLKwoUJ	ahEAas	android.os.SystemProperties
string	com.alibaba.sdk.android.oss.common.utils.kp.vYknoJOLKwoUJ	cXKtvBDqv	<v#0>
string	com.alibaba.sdk.android.oss.common.utils.kp.vYknoJOLKwoUJ	dItN	use_count
string	com.alibaba.sdk.android.oss.common.utils.kp.vYknoJOLKwoUJ	dhpKixYDn	name
string	com.alibaba.sdk.android.oss.common.utils.kp.vYknoJOLKwoUJ	hQjUVM	Install Referrer connection returned with null binder
string	com.alibaba.sdk.android.oss.common.utils.kp.vYknoJOLKwoUJ	hsky	javax.annotation.meta.TypeQualifier
string	com.alibaba.sdk.android.oss.common.utils.kp.vYknoJOLKwoUJ	jCarHSRju	rentalPeriod
string	com.alibaba.sdk.android.oss.common.utils.kp.vYknoJOLKwoUJ	jVCihlXA	5
string	com.alibaba.sdk.android.oss.common.utils.kp.vYknoJOLKwoUJ	lwbFeZrmftZ	tag_type
string	com.alibaba.sdk.android.oss.common.utils.kp.vYknoJOLKwoUJ	mnTczLpQmqaC	typealias
string	com.alibaba.sdk.android.oss.common.utils.kp.vYknoJOLKwoUJ	oJupU	network request trace: 
string	com.alibaba.sdk.android.oss.common.utils.kp.vYknoJOLKwoUJ	pkgE	audio/eac3-joc
string	com.alibaba.sdk.android.oss.common.utils.kp.vYknoJOLKwoUJ	rDLAeIfQ	Number of bits and data bytes does not match
string	com.alibaba.sdk.android.oss.common.utils.kp.vYknoJOLKwoUJ	rrowguNwM	Operation is not supported for read-only collection
string	com.alibaba.sdk.android.oss.common.utils.kp.vYknoJOLKwoUJ	sciVHxvaAAU	Animation from operation 
string	com.alibaba.sdk.android.oss.common.utils.kp.vYknoJOLKwoUJ	vtNGo	.
string	com.alibaba.sdk.android.oss.common.utils.kp.vYknoJOLKwoUJ	wakoDT	goal_complate_num
string	com.alibaba.sdk.android.oss.common.utils.kp.vYknoJOLKwoUJ	xGRxBWtA	 != TYPE_CONTINUATION
string	com.alibaba.sdk.android.oss.common.utils.kp.vYknoJOLKwoUJ	xGjTuGlxVWTm	Unknown Priority for value 
string	com.alibaba.sdk.android.oss.common.utils.kp.vYknoJOLKwoUJ	zkj	templateVersion
string	com.alibaba.sdk.android.oss.network.Qa.HfcHYqOv	AARR	unknown
string	com.alibaba.sdk.android.oss.network.Qa.HfcHYqOv	AhZ	Cannot decode VP8 video on CrOS.
string	com.alibaba.sdk.android.oss.network.Qa.HfcHYqOv	BFMzrEBIojWRw	inflate
string	com.alibaba.sdk.android.oss.network.Qa.HfcHYqOv	BGLGDf	SELECT 1 FROM sqlite_master WHERE type = 'table' AND name='room_master_table'
string	com.alibaba.sdk.android.oss.network.Qa.HfcHYqOv	CjGkOwsUkP	Param can't contain more than 
string	com.alibaba.sdk.android.oss.network.Qa.HfcHYqOv	DDnN	...
string	com.alibaba.sdk.android.oss.network.Qa.HfcHYqOv	DKwVgXQxBuLmrY	GLOBAL
string	com.alibaba.sdk.android.oss.network.Qa.HfcHYqOv	EEfhkSvPvG	install_timestamp
string	com.alibaba.sdk.android.oss.network.Qa.HfcHYqOv	ERt	DOUBLE
string	com.alibaba.sdk.android.oss.network.Qa.HfcHYqOv	FXzPi	BITWISE_NOT
string	com.alibaba.sdk.android.oss.network.Qa.HfcHYqOv	GaL	type
string	com.alibaba.sdk.android.oss.network.Qa.HfcHYqOv	IMzkqRn	writingMode
string	com.alibaba.sdk.android.oss.network.Qa.HfcHYqOv	IZd	measurement.id.sdk.collection.last_deep_link_referrer2
string	com.alibaba.sdk.android.oss.network.Qa.HfcHYqOv	KWHccB	TIME_PICKER_POSITIVE_BUTTON_TEXT
string	com.alibaba.sdk.android.oss.network.Qa.HfcHYqOv	KjfQJaoAtF	Failed to resolve target intent service, skipping classname enforcement
string	com.alibaba.sdk.android.oss.network.Qa.HfcHYqOv	LFXIFVS	 to 
string	com.alibaba.sdk.android.oss.network.Qa.HfcHYqOv	LHqby	Options{values=
string	com.alibaba.sdk.android.oss.network.Qa.HfcHYqOv	MLdHqByup	MaxUploads
string	com.alibaba.sdk.android.oss.network.Qa.HfcHYqOv	MUf	ALTER TABLE apps ADD COLUMN e_tag TEXT;
string	com.alibaba.sdk.android.oss.network.Qa.HfcHYqOv	PuUdqYzbEzr	SATURATION
string	com.alibaba.sdk.android.oss.network.Qa.HfcHYqOv	RXQnzbbnpd	monospace
string	com.alibaba.sdk.android.oss.network.Qa.HfcHYqOv	RvJCgpHnwx	p
string	com.alibaba.sdk.android.oss.network.Qa.HfcHYqOv	TBztfuPvBiwP	
string	com.alibaba.sdk.android.oss.network.Qa.HfcHYqOv	UsHEzEjuD	use_retain_product
string	com.alibaba.sdk.android.oss.network.Qa.HfcHYqOv	VtbTgoVy	UINT32_LIST_PACKED
string	com.alibaba.sdk.android.oss.network.Qa.HfcHYqOv	ZWpmJn	growth_journey
string	com.alibaba.sdk.android.oss.network.Qa.HfcHYqOv	ZpwnKrNdJgWv	InvalidSortDescriptor
string	com.alibaba.sdk.android.oss.network.Qa.HfcHYqOv	cSIF	byteCount: 
string	com.alibaba.sdk.android.oss.network.Qa.HfcHYqOv	dJuy	iterator
string	com.alibaba.sdk.android.oss.network.Qa.HfcHYqOv	fuIwFocvfc	getProduct_list_v2()Lio/realm/kotlin/types/RealmList;
string	com.alibaba.sdk.android.oss.network.Qa.HfcHYqOv	gQKOZnXfz	This object is unmanaged. Only managed objects can be copied.
string	com.alibaba.sdk.android.oss.network.Qa.HfcHYqOv	hFCPtzOiazI	, message=
string	com.alibaba.sdk.android.oss.network.Qa.HfcHYqOv	iEqPp	Error raw type %s
string	com.alibaba.sdk.android.oss.network.Qa.HfcHYqOv	jNigT	tools_id
string	com.alibaba.sdk.android.oss.network.Qa.HfcHYqOv	lWxx	Invalid value for attribute patternContentUnits
string	com.alibaba.sdk.android.oss.network.Qa.HfcHYqOv	mOUj	it
string	com.alibaba.sdk.android.oss.network.Qa.HfcHYqOv	nVFH	/
string	com.alibaba.sdk.android.oss.network.Qa.HfcHYqOv	nzfQ	' was passed several times
string	com.alibaba.sdk.android.oss.network.Qa.HfcHYqOv	ors	type
string	com.alibaba.sdk.android.oss.network.Qa.HfcHYqOv	pQIbbOnWsx	o_0135.svg
string	com.alibaba.sdk.android.oss.network.Qa.HfcHYqOv	qOwFfflXHlN	BaseEncoding.
string	com.alibaba.sdk.android.oss.network.Qa.HfcHYqOv	rBXaOCKLvwhkk	MISSING_RESPONSE_CODE_IN_PHONESKY_BUNDLE
string	com.alibaba.sdk.android.oss.network.Qa.HfcHYqOv	rhH	DATE_SELECTOR_KEY
string	com.alibaba.sdk.android.oss.network.Qa.HfcHYqOv	rqHhnwIoOoO	startup_grow
string	com.alibaba.sdk.android.oss.network.Qa.HfcHYqOv	uvUSaSx	INSERT OR REPLACE INTO `Preference` (`key`,`long_value`) VALUES (?,?)
string	com.alibaba.sdk.android.oss.network.Qa.HfcHYqOv	yBT	session
string	com.drake.brv.utils.ZUTz.njLfCjjUOSzHYL	DtKTOBVZnKNXg	com.facebook.sdk.APP_EVENTS_FLUSHED
string	com.drake.brv.utils.ZUTz.njLfCjjUOSzHYL	EalS	\\b
string	com.drake.brv.utils.ZUTz.njLfCjjUOSzHYL	Efuty	AnalyticsInitConfig(sdkVersion=
string	com.drake.brv.utils.ZUTz.njLfCjjUOSzHYL	GyEm	OPTIONS
string	com.drake.brv.utils.ZUTz.njLfCjjUOSzHYL	HNUb	PENDING
string	com.drake.brv.utils.ZUTz.njLfCjjUOSzHYL	JEDG	 value parameter
string	com.drake.brv.utils.ZUTz.njLfCjjUOSzHYL	JNqWVWdLenWde	sink
string	com.drake.brv.utils.ZUTz.njLfCjjUOSzHYL	JosFCsQjUVRK	Name must not be empty
string	com.drake.brv.utils.ZUTz.njLfCjjUOSzHYL	JsQjEPCGp	onboarding/splash_speak_no_shadow_
string	com.drake.brv.utils.ZUTz.njLfCjjUOSzHYL	LQx	AdjustGlobalCallbackParameters
string	com.drake.brv.utils.ZUTz.njLfCjjUOSzHYL	LXuWXqTwk	Error with data collection. Data lost.
string	com.drake.brv.utils.ZUTz.njLfCjjUOSzHYL	LwFfr	last_furniture_stage
string	com.drake.brv.utils.ZUTz.njLfCjjUOSzHYL	MYoKTAg	null value in entry: 
string	com.drake.brv.utils.ZUTz.njLfCjjUOSzHYL	MbfFPLkTL	CONSOLE_PRODUCTS_SUB_ID_NOT_EXIST
string	com.drake.brv.utils.ZUTz.njLfCjjUOSzHYL	NeYvDtGZEFquhiV	focus_count_down_time
string	com.drake.brv.utils.ZUTz.njLfCjjUOSzHYL	OXJGNu	null cannot be cast to non-null type android.view.ViewGroup.MarginLayoutParams
string	com.drake.brv.utils.ZUTz.njLfCjjUOSzHYL	OyINUZvFZI	)
string	com.drake.brv.utils.ZUTz.njLfCjjUOSzHYL	PnOPuobFE	androidx.datastore.preferences.protobuf.GeneratedMessage
string	com.drake.brv.utils.ZUTz.njLfCjjUOSzHYL	QFxfIOmPUGsIoo	
string	com.drake.brv.utils.ZUTz.njLfCjjUOSzHYL	RsPdhEgPSWTnoQA	AuthProviderNotFound
string	com.drake.brv.utils.ZUTz.njLfCjjUOSzHYL	SeoWNcsOkm	tag
string	com.drake.brv.utils.ZUTz.njLfCjjUOSzHYL	TAPHMidcLnwjkP	scene_related_id
string	com.drake.brv.utils.ZUTz.njLfCjjUOSzHYL	UskVyw	getPrimary_key()Ljava/lang/String;
string	com.drake.brv.utils.ZUTz.njLfCjjUOSzHYL	VzwQNVPdwWpNca	ReflectionCategoryEntry
string	com.drake.brv.utils.ZUTz.njLfCjjUOSzHYL	XUUEKctU	Missing required view with ID: 
string	com.drake.brv.utils.ZUTz.njLfCjjUOSzHYL	ZTpkmKDwhOvWH	getTools_type()I
string	com.drake.brv.utils.ZUTz.njLfCjjUOSzHYL	aFBNgwwLveM	enableCoppaComplianceInDelay
string	com.drake.brv.utils.ZUTz.njLfCjjUOSzHYL	aYCZjTIGGoSxDkI	DROP INDEX contexts_backend_priority
string	com.drake.brv.utils.ZUTz.njLfCjjUOSzHYL	bPuSM	rawRes
string	com.drake.brv.utils.ZUTz.njLfCjjUOSzHYL	cYeyu	key
string	com.drake.brv.utils.ZUTz.njLfCjjUOSzHYL	cla	user_id
string	com.drake.brv.utils.ZUTz.njLfCjjUOSzHYL	dbYtvoQIeOGA	android_sdk_error_categories
string	com.drake.brv.utils.ZUTz.njLfCjjUOSzHYL	eXTSKrHf	setFlipInterval
string	com.drake.brv.utils.ZUTz.njLfCjjUOSzHYL	ekoZCGSSibr	FurnitureShop
string	com.drake.brv.utils.ZUTz.njLfCjjUOSzHYL	eqPOvl	buffer limit=%d, index=%d, limit=%d
string	com.drake.brv.utils.ZUTz.njLfCjjUOSzHYL	fFJ	Failed to get package info for current package.
string	com.drake.brv.utils.ZUTz.njLfCjjUOSzHYL	gjlKvrOLZVKqkit	call to 'resume' before 'invoke' with coroutine
string	com.drake.brv.utils.ZUTz.njLfCjjUOSzHYL	hSA	TLS
string	com.drake.brv.utils.ZUTz.njLfCjjUOSzHYL	iPbhNhiQGf	show_type
string	com.drake.brv.utils.ZUTz.njLfCjjUOSzHYL	iSpWxMJnozzbuM	mhm1
string	com.drake.brv.utils.ZUTz.njLfCjjUOSzHYL	jITk	is_vip
string	com.drake.brv.utils.ZUTz.njLfCjjUOSzHYL	jPrSZbXW	data
string	com.drake.brv.utils.ZUTz.njLfCjjUOSzHYL	jSDwWqEToGAc	reduce_duration
string	com.drake.brv.utils.ZUTz.njLfCjjUOSzHYL	jbBpawVdWecPiu	) range
string	com.drake.brv.utils.ZUTz.njLfCjjUOSzHYL	khFsVwUpS	 is not found
string	com.drake.brv.utils.ZUTz.njLfCjjUOSzHYL	lSbzoxETNAPQ	 tous les 
string	com.drake.brv.utils.ZUTz.njLfCjjUOSzHYL	lokXVq	Journey
string	com.drake.brv.utils.ZUTz.njLfCjjUOSzHYL	lstjp	trigger_uris
string	com.drake.brv.utils.ZUTz.njLfCjjUOSzHYL	pDNDASbeXC	lombok
string	com.drake.brv.utils.ZUTz.njLfCjjUOSzHYL	pMVV	BRAVIA_ATV3_4K
string	com.drake.brv.utils.ZUTz.njLfCjjUOSzHYL	pOyuLZQaC	PENTAX
string	com.drake.brv.utils.ZUTz.njLfCjjUOSzHYL	qkQNUZmxYkx	No method 
string	com.drake.brv.utils.ZUTz.njLfCjjUOSzHYL	rOCoPxMInusGSW	SavedStateRegistry was already attached.
string	com.drake.brv.utils.ZUTz.njLfCjjUOSzHYL	sUjABtllcvZ	Unsupported value for transport: 
string	com.drake.brv.utils.ZUTz.njLfCjjUOSzHYL	tOvYkLeAIB	alpha
string	com.drake.brv.utils.ZUTz.njLfCjjUOSzHYL	tRulKwb	suitPets
string	com.drake.brv.utils.ZUTz.njLfCjjUOSzHYL	wWJfF	layout_constraintRight_toLeftOf
string	com.drake.brv.utils.ZUTz.njLfCjjUOSzHYL	xsDfvdut	://
string	com.drake.brv.utils.ZUTz.njLfCjjUOSzHYL	yLDz	EXTRA_LIGHT
string	com.drake.brv.utils.ZUTz.njLfCjjUOSzHYL	ziMtbHJeAZrHrnc	call to 'resume' before 'invoke' with coroutine
string	com.facebook.common.vQC.cjpueNEimPjE	AcXBpxgmYp	requires_charging
string	com.facebook.common.vQC.cjpueNEimPjE	CWEVnlGTqQWP	is_shown
string	com.facebook.common.vQC.cjpueNEimPjE	JZhYKqzJqblqH	Resolved path jumped beyond configured root
string	com.facebook.common.vQC.cjpueNEimPjE	KeoE	side_image
string	com.facebook.common.vQC.cjpueNEimPjE	Ldi	id
string	com.facebook.common.vQC.cjpueNEimPjE	PSSonDxjTDdXsqY	sort
string	com.facebook.common.vQC.cjpueNEimPjE	QxEERyuoB	external
string	com.facebook.common.vQC.cjpueNEimPjE	RxR	product
string	com.facebook.common.vQC.cjpueNEimPjE	SwuGfGtXWOnp	0x
string	com.facebook.common.vQC.cjpueNEimPjE	UrV	 cannot be found (classId=
string	com.facebook.common.vQC.cjpueNEimPjE	VcPyzpwFDI	BOTTOM
string	com.facebook.common.vQC.cjpueNEimPjE	YOKDEYI	, title=
string	com.facebook.common.vQC.cjpueNEimPjE	YpMLyOsvYx	description
string	com.facebook.common.vQC.cjpueNEimPjE	asuvlJjkyBNHC	getQuestions()Lio/realm/kotlin/types/RealmList;
string	com.facebook.common.vQC.cjpueNEimPjE	beqCNSrjJsHudT	peiban_goal_friend_id
string	com.facebook.common.vQC.cjpueNEimPjE	fxSOhYqXLA	id
string	com.facebook.common.vQC.cjpueNEimPjE	gdHajimsaUrpsR	zzf
string	com.facebook.common.vQC.cjpueNEimPjE	hPiF	mode_of_payment
string	com.facebook.common.vQC.cjpueNEimPjE	ijaOHQjmVxU	end of the object '}'
string	com.facebook.common.vQC.cjpueNEimPjE	jfoVkWmoxhQ	DirectBootUtils
string	com.facebook.common.vQC.cjpueNEimPjE	kVJetoT	content
string	com.facebook.common.vQC.cjpueNEimPjE	mlbvR	key_reflection_from_focus
string	com.facebook.common.vQC.cjpueNEimPjE	mtLgdsqXj	dropVideoBuffer
string	com.facebook.common.vQC.cjpueNEimPjE	pLgCIr	Expected property value
string	com.facebook.common.vQC.cjpueNEimPjE	qpIaDHG	x-oss-process
string	com.facebook.common.vQC.cjpueNEimPjE	rUXoIqTsve	putLong
string	com.facebook.common.vQC.cjpueNEimPjE	swHAGXYXXPasK	icon_name
string	com.facebook.common.vQC.cjpueNEimPjE	tBqf	last_outfit_stage
string	com.facebook.common.vQC.cjpueNEimPjE	tsvtGHN	Fetch connection timeout has to be a non-negative number. %d is an invalid argument
string	com.facebook.common.vQC.cjpueNEimPjE	viVmU	end index (%s) must not be less than start index (%s)
string	com.facebook.common.vQC.cjpueNEimPjE	vkxif	startIndex should be non-negative, but is 
string	com.facebook.common.vQC.cjpueNEimPjE	wHp	null cannot be cast to non-null type android.view.ViewGroup.MarginLayoutParams
string	com.facebook.common.vQC.cjpueNEimPjE	yIHkknGoVJBHm	key_pass_id
string	com.facebook.common.vQC.cjpueNEimPjE	yKobDWv	.png
string	com.google.android.gms.fido.common.tvy.ngPpRJDTyf	DcD	%s
string	com.google.android.gms.fido.common.tvy.ngPpRJDTyf	ELs	tgts(
string	com.google.android.gms.fido.common.tvy.ngPpRJDTyf	FVaYOM	registerTriggerAsync failed with retriable error. Will try later. App ID, throwable
string	com.google.android.gms.fido.common.tvy.ngPpRJDTyf	GWK	getKMutableProperty2()Lorg/jetbrains/kotlin/descriptors/ClassDescriptor;
string	com.google.android.gms.fido.common.tvy.ngPpRJDTyf	GgtKo	LEFT
string	com.google.android.gms.fido.common.tvy.ngPpRJDTyf	GsquHSbEkPGOBQs	sourceElement
string	com.google.android.gms.fido.common.tvy.ngPpRJDTyf	HJfkiFXQPu	, thumb_image=
string	com.google.android.gms.fido.common.tvy.ngPpRJDTyf	HjpAxUkgpXmRo	isGuide
string	com.google.android.gms.fido.common.tvy.ngPpRJDTyf	KMPr	external_payment_dialog_result_receiver
string	com.google.android.gms.fido.common.tvy.ngPpRJDTyf	LIgEj	content-range
string	com.google.android.gms.fido.common.tvy.ngPpRJDTyf	LfGVTeoWPKX	Cannot change current item when ViewPager2 is fake dragging
string	com.google.android.gms.fido.common.tvy.ngPpRJDTyf	OTFciTMwTahafS	WavHeaderReader
string	com.google.android.gms.fido.common.tvy.ngPpRJDTyf	PEWSJlbP	zzn
string	com.google.android.gms.fido.common.tvy.ngPpRJDTyf	PfWvBoCUJJtUbsU	' with no args
string	com.google.android.gms.fido.common.tvy.ngPpRJDTyf	PqoMOKXuj	region_type
string	com.google.android.gms.fido.common.tvy.ngPpRJDTyf	QSpwsrxRLKUG	No validators found for PerfMetric.
string	com.google.android.gms.fido.common.tvy.ngPpRJDTyf	RqrYVFQhw	img
string	com.google.android.gms.fido.common.tvy.ngPpRJDTyf	ScCrQZgLkND	Invalid Trace:
string	com.google.android.gms.fido.common.tvy.ngPpRJDTyf	TGQExlfknyN	getType()Lorg/jetbrains/kotlin/types/SimpleType;
string	com.google.android.gms.fido.common.tvy.ngPpRJDTyf	TeeWrkRnYBeYhj	GoalEntity(objId=
string	com.google.android.gms.fido.common.tvy.ngPpRJDTyf	XimKqIr	Missing required view with ID: 
string	com.google.android.gms.fido.common.tvy.ngPpRJDTyf	YhBVsfZEJSaPP	progress_color
string	com.google.android.gms.fido.common.tvy.ngPpRJDTyf	ZDdIJ	\n
string	com.google.android.gms.fido.common.tvy.ngPpRJDTyf	ZMsljrVL	ITEM_CLICK_POSITION
string	com.google.android.gms.fido.common.tvy.ngPpRJDTyf	bWX	.priorResponse != null
string	com.google.android.gms.fido.common.tvy.ngPpRJDTyf	cJlH	Failed to verify 
string	com.google.android.gms.fido.common.tvy.ngPpRJDTyf	clBcBQEValOHmh	scaleY
string	com.google.android.gms.fido.common.tvy.ngPpRJDTyf	eETi	getStringInstallReferrer error (%s) thrown by (%s)
string	com.google.android.gms.fido.common.tvy.ngPpRJDTyf	ekmIOGJzm	subsession_count
string	com.google.android.gms.fido.common.tvy.ngPpRJDTyf	fNrEMkwBNmez	, name_fr=
string	com.google.android.gms.fido.common.tvy.ngPpRJDTyf	faqlWMjxVzOWiZb	center_x
string	com.google.android.gms.fido.common.tvy.ngPpRJDTyf	iak	Core pool size 
string	com.google.android.gms.fido.common.tvy.ngPpRJDTyf	itYSoE	, type=
string	com.google.android.gms.fido.common.tvy.ngPpRJDTyf	jhNIrjCGaVAc	{
string	com.google.android.gms.fido.common.tvy.ngPpRJDTyf	lgRQJ	com.facebook.platform.extra.EXTRA_DATA_ACCESS_EXPIRATION_TIME
string	com.google.android.gms.fido.common.tvy.ngPpRJDTyf	mdMkMPQh	log_session_id
string	com.google.android.gms.fido.common.tvy.ngPpRJDTyf	nolQHjYgNd	#
string	com.google.android.gms.fido.common.tvy.ngPpRJDTyf	pFliqlpZr	Element 
string	com.google.android.gms.fido.common.tvy.ngPpRJDTyf	sqyVp	light_dy
string	com.google.android.gms.fido.common.tvy.ngPpRJDTyf	xyM	SET_PROGRESS
string	com.google.android.gms.fido.common.tvy.ngPpRJDTyf	zBwOvjjk	getTheme_color()Ljava/lang/String;
string	com.hypersoft.billing.controller.XqB.Crcp	AXbsxxROZ	com.facebook.sdk.appEventPreferences
string	com.hypersoft.billing.controller.XqB.Crcp	AeBk	
string	com.hypersoft.billing.controller.XqB.Crcp	CULwAIUxsUpen	gcm.n.title
string	com.hypersoft.billing.controller.XqB.Crcp	CfcC	system_id
string	com.hypersoft.billing.controller.XqB.Crcp	HEDOw	Android
string	com.hypersoft.billing.controller.XqB.Crcp	IqbWDbr	)
string	com.hypersoft.billing.controller.XqB.Crcp	IvBAGtonAt	Transport 
string	com.hypersoft.billing.controller.XqB.Crcp	JAjJxktGN	'kotlin.Nothing' cannot be serialized
string	com.hypersoft.billing.controller.XqB.Crcp	JCiFW	, 
string	com.hypersoft.billing.controller.XqB.Crcp	LDkyL	is_act == false
string	com.hypersoft.billing.controller.XqB.Crcp	MCGGGAAFcLlZn	getSleep_alram_clock_dt()Lio/realm/kotlin/types/RealmInstant;
string	com.hypersoft.billing.controller.XqB.Crcp	MHwUrVdBbHrl	call to 'resume' before 'invoke' with coroutine
string	com.hypersoft.billing.controller.XqB.Crcp	Nnug	GoogleCertificates
string	com.hypersoft.billing.controller.XqB.Crcp	RPv	DECODE_DATA
string	com.hypersoft.billing.controller.XqB.Crcp	RwExLWbgnOhr	, isUnlock=
string	com.hypersoft.billing.controller.XqB.Crcp	RxZCfc	ListEntity(list=
string	com.hypersoft.billing.controller.XqB.Crcp	VVTxCYkuTmZ	appInstanceIdToken
string	com.hypersoft.billing.controller.XqB.Crcp	Vyh	Missing required view with ID: 
string	com.hypersoft.billing.controller.XqB.Crcp	WhzD	 and 
string	com.hypersoft.billing.controller.XqB.Crcp	XJmIHGe	fragment_
string	com.hypersoft.billing.controller.XqB.Crcp	XjafCqYKNaGN	checkSelfPermission
string	com.hypersoft.billing.controller.XqB.Crcp	YDRlMpbzqe	translationY
string	com.hypersoft.billing.controller.XqB.Crcp	aBMPrxxHkscrNI	BillingLogger
string	com.hypersoft.billing.controller.XqB.Crcp	avsYxiWJGgeLQ	java.lang.module.ModuleDescriptor
string	com.hypersoft.billing.controller.XqB.Crcp	bBmJ	related_ids
string	com.hypersoft.billing.controller.XqB.Crcp	bOTGJdkF	FLOAT_LIST_PACKED
string	com.hypersoft.billing.controller.XqB.Crcp	jEF	primary_key
string	com.hypersoft.billing.controller.XqB.Crcp	llTMXoVEl	is_vip
string	com.hypersoft.billing.controller.XqB.Crcp	nUlH	<built-ins module>
string	com.hypersoft.billing.controller.XqB.Crcp	olgerpDttwtlP	support@nieruo.com
string	com.hypersoft.billing.controller.XqB.Crcp	pGCvAFEwpOT	ACTION_NOTIFY
string	com.hypersoft.billing.controller.XqB.Crcp	qSpqdk	operate_tinypt
string	com.hypersoft.billing.controller.XqB.Crcp	rGFIpcjZQHE	]]
string	com.hypersoft.billing.controller.XqB.Crcp	rGmBIVKJBqlRqD	Delaying execution for 
string	com.hypersoft.billing.controller.XqB.Crcp	rSxqffRGAqbDd	Format Error Reading Color Table
string	com.hypersoft.billing.controller.XqB.Crcp	uAX	facebook.com
string	com.hypersoft.billing.controller.XqB.Crcp	uDnTy	KeyFrameSet
string	com.hypersoft.billing.controller.XqB.Crcp	uhmOfScbFP	getSaveBaiduImei: bdImei = 
string	com.hypersoft.billing.controller.XqB.Crcp	vRDRkfQLVVTP	frames
string	com.hypersoft.billing.controller.XqB.Crcp	vlIHJizm	WrongTransactionState
string	com.hypersoft.billing.controller.XqB.Crcp	xPFquaFLHtmPpf	, rewarded_ad_count=
string	com.hypersoft.billing.controller.XqB.Crcp	zNYyDq	ERROR_DECODING_DELEGATE_TO_BACKEND_BILLING_RESULT
string	com.hypersoft.billing.repository.aGUW.SVdrCQK	FGaTaMZiG	application/x-zip-compressed
string	com.hypersoft.billing.repository.aGUW.SVdrCQK	ILVYsrTkUrS	_cbs
string	com.hypersoft.billing.repository.aGUW.SVdrCQK	JHz	platform method missing - proto runtime falling back to safer methods: 
string	com.hypersoft.billing.repository.aGUW.SVdrCQK	KYbNh	getDiamond_card_number()J
string	com.hypersoft.billing.repository.aGUW.SVdrCQK	NEmPQzlUFBIRu	kProperty1
string	com.hypersoft.billing.repository.aGUW.SVdrCQK	OiPmoBOmJxykvZV	audio/vnd.dts.hd
string	com.hypersoft.billing.repository.aGUW.SVdrCQK	SXWSPrlKl	rowid = ?
string	com.hypersoft.billing.repository.aGUW.SVdrCQK	TMDtOFIKHUCivqQ	, tag=
string	com.hypersoft.billing.repository.aGUW.SVdrCQK	ThYnDxb	1:
string	com.hypersoft.billing.repository.aGUW.SVdrCQK	WvPb	, tool=
string	com.hypersoft.billing.repository.aGUW.SVdrCQK	YQIgsjvsDDVfvd	extension receiver parameter
string	com.hypersoft.billing.repository.aGUW.SVdrCQK	YQIq	alpha
string	com.hypersoft.billing.repository.aGUW.SVdrCQK	ZJWebHt	useRetainProduct
string	com.hypersoft.billing.repository.aGUW.SVdrCQK	ZkDfbmqakKQX	is_man
string	com.hypersoft.billing.repository.aGUW.SVdrCQK	bPfkVisTJfhrRp	lenientToString
string	com.hypersoft.billing.repository.aGUW.SVdrCQK	chxzkqdEWA	OBJECT
string	com.hypersoft.billing.repository.aGUW.SVdrCQK	czBTKIOVlK	key_furniture_show_list
string	com.hypersoft.billing.repository.aGUW.SVdrCQK	dQMjdoFy	
string	com.hypersoft.billing.repository.aGUW.SVdrCQK	ePlLKwjaEXaZmmm	Saving view state for fragment 
string	com.hypersoft.billing.repository.aGUW.SVdrCQK	ebKIzzRnZStk	x
string	com.hypersoft.billing.repository.aGUW.SVdrCQK	edUdrHMHVOoMsH	widget/clock_in_yes_3_
string	com.hypersoft.billing.repository.aGUW.SVdrCQK	exYbxjGaJDTab	Cipher has not been initialized
string	com.hypersoft.billing.repository.aGUW.SVdrCQK	fJKgqTDNVrNAa	skuDetailsToken
string	com.hypersoft.billing.repository.aGUW.SVdrCQK	mrVy	)
string	com.hypersoft.billing.repository.aGUW.SVdrCQK	nqolYjfmZqh	key_from_path
string	com.hypersoft.billing.repository.aGUW.SVdrCQK	pLysNUuxA	JP
string	com.hypersoft.billing.repository.aGUW.SVdrCQK	qXLY	FilePermissionDenied
string	com.hypersoft.billing.repository.aGUW.SVdrCQK	qfjCXpNgwi	fpr_rl_time_limit_sec
string	com.hypersoft.billing.repository.aGUW.SVdrCQK	qtgpGmxRwKTwr	TLS_ECDHE_PSK_WITH_CHACHA20_POLY1305_SHA256
string	com.hypersoft.billing.repository.aGUW.SVdrCQK	raBFJW	alpha
string	com.hypersoft.billing.repository.aGUW.SVdrCQK	sZuJEefxX	&amp;
string	com.hypersoft.billing.repository.aGUW.SVdrCQK	vSi	rotation
string	com.hypersoft.billing.repository.aGUW.SVdrCQK	wXOasWJ	id
string	com.hypersoft.billing.repository.aGUW.SVdrCQK	yTUuQDOc	Back Stack Index: 
string	com.hypersoft.billing.repository.aGUW.SVdrCQK	ybv	from_type
string	com.hypersoft.billing.repository.aGUW.SVdrCQK	ykL	getId()I
string	com.hypersoft.billing.repository.aGUW.SVdrCQK	zYYQCssNMspB	: pkg=
string	com.nieruo.healthapp.views.dressup.JTy.yhBcbeMCqjGms	AvvZLyzB	pt
string	com.nieruo.healthapp.views.dressup.JTy.yhBcbeMCqjGms	BDcOn	call to 'resume' before 'invoke' with coroutine
string	com.nieruo.healthapp.views.dressup.JTy.yhBcbeMCqjGms	BnkeXYKJQ	Field map was null.
string	com.nieruo.healthapp.views.dressup.JTy.yhBcbeMCqjGms	CxCNCboFlWUhc	item_category
string	com.nieruo.healthapp.views.dressup.JTy.yhBcbeMCqjGms	DHYrXmQmysa	
string	com.nieruo.healthapp.views.dressup.JTy.yhBcbeMCqjGms	DScqxhLoj	SUPER_TYPE_FOR_ERROR_TYPE
string	com.nieruo.healthapp.views.dressup.JTy.yhBcbeMCqjGms	DfIhUDgdfwRtR	binding
string	com.nieruo.healthapp.views.dressup.JTy.yhBcbeMCqjGms	Gpftnifk	x-oss-process
string	com.nieruo.healthapp.views.dressup.JTy.yhBcbeMCqjGms	HuQsIs	log_source
string	com.nieruo.healthapp.views.dressup.JTy.yhBcbeMCqjGms	IXLOWuSTEePJ	Null manufacturer
string	com.nieruo.healthapp.views.dressup.JTy.yhBcbeMCqjGms	ItbwdtHjvnEH	region
string	com.nieruo.healthapp.views.dressup.JTy.yhBcbeMCqjGms	IwJaH	_xa
string	com.nieruo.healthapp.views.dressup.JTy.yhBcbeMCqjGms	KZjGCRS	audio/vorbis
string	com.nieruo.healthapp.views.dressup.JTy.yhBcbeMCqjGms	KlkPBJJ	SchemeWarning
string	com.nieruo.healthapp.views.dressup.JTy.yhBcbeMCqjGms	PNoloT	INNER
string	com.nieruo.healthapp.views.dressup.JTy.yhBcbeMCqjGms	PxKRWwTiq	darkorchid
string	com.nieruo.healthapp.views.dressup.JTy.yhBcbeMCqjGms	RAmeFVrSJF	The specified account could not be signed in.
string	com.nieruo.healthapp.views.dressup.JTy.yhBcbeMCqjGms	RJloxRKhMnMWLxR	USE_EXACT_ALARM
string	com.nieruo.healthapp.views.dressup.JTy.yhBcbeMCqjGms	RYLIPK	Cannot delete custom Deleteable objects: 
string	com.nieruo.healthapp.views.dressup.JTy.yhBcbeMCqjGms	TdWAIUI	DM-01K
string	com.nieruo.healthapp.views.dressup.JTy.yhBcbeMCqjGms	UnwNhimyuDCwe	[
string	com.nieruo.healthapp.views.dressup.JTy.yhBcbeMCqjGms	VpWadJuHdQ	Game
string	com.nieruo.healthapp.views.dressup.JTy.yhBcbeMCqjGms	WqwHRCq	is_open
string	com.nieruo.healthapp.views.dressup.JTy.yhBcbeMCqjGms	adYhe	installed_at
string	com.nieruo.healthapp.views.dressup.JTy.yhBcbeMCqjGms	dEAPUDNDj	Infinity
string	com.nieruo.healthapp.views.dressup.JTy.yhBcbeMCqjGms	dUfyjCNBZJ	getPrimary_key()Lorg/mongodb/kbson/BsonObjectId;
string	com.nieruo.healthapp.views.dressup.JTy.yhBcbeMCqjGms	hYWhArQ	, endTimeMs=
string	com.nieruo.healthapp.views.dressup.JTy.yhBcbeMCqjGms	ieOg	Expected closing quotation mark
string	com.nieruo.healthapp.views.dressup.JTy.yhBcbeMCqjGms	imwnbxuIiFAW	3G
string	com.nieruo.healthapp.views.dressup.JTy.yhBcbeMCqjGms	lZrlWuM	DOUB
string	com.nieruo.healthapp.views.dressup.JTy.yhBcbeMCqjGms	onwy	/golang/app/get_secret
string	com.nieruo.healthapp.views.dressup.JTy.yhBcbeMCqjGms	rRdjnyLMBcbSES	com.google.android.gms.measurement.api.internal.IEventHandlerProxy
string	com.nieruo.healthapp.views.dressup.JTy.yhBcbeMCqjGms	sMEqfrFLOz	getInstance
string	com.nieruo.healthapp.views.dressup.JTy.yhBcbeMCqjGms	tEDlpRglK	fr
string	com.nieruo.healthapp.views.dressup.JTy.yhBcbeMCqjGms	uZScNbpPlfHLG	%02d
string	com.nieruo.healthapp.views.dressup.JTy.yhBcbeMCqjGms	uzNtAwG	CONFIG_UPDATE_NOT_FETCHED
string	com.nieruo.healthapp.views.dressup.JTy.yhBcbeMCqjGms	vNHLd	source
string	com.zt.analytics.core.mAUE.ErPfbceMZTHScG	HzVxMEaayRv	android:visibility:screenLocation
string	com.zt.analytics.core.mAUE.ErPfbceMZTHScG	IEMzVNUTBqvLu	cornflowerblue
string	com.zt.analytics.core.mAUE.ErPfbceMZTHScG	IlEdTZGheyToIS	UNKNOWN
string	com.zt.analytics.core.mAUE.ErPfbceMZTHScG	JCURLho	http://schemas.android.com/apk/res/android
string	com.zt.analytics.core.mAUE.ErPfbceMZTHScG	KfH	getAssetId()Ljava/lang/String;
string	com.zt.analytics.core.mAUE.ErPfbceMZTHScG	LBlChN	borderstyle
string	com.zt.analytics.core.mAUE.ErPfbceMZTHScG	LWgfHZMDnXOCll	 to 
string	com.zt.analytics.core.mAUE.ErPfbceMZTHScG	LnLKKfKltSQw	T
string	com.zt.analytics.core.mAUE.ErPfbceMZTHScG	LsAZpdxPkMCkD	com.google.firebase.perf.TraceSamplingRate
string	com.zt.analytics.core.mAUE.ErPfbceMZTHScG	LtJGaiyunI	, autoTrackTypes=
string	com.zt.analytics.core.mAUE.ErPfbceMZTHScG	NMisvWpfimBG	_
string	com.zt.analytics.core.mAUE.ErPfbceMZTHScG	QIDVVFuOUlpDvn	defaultGoogleSignInAccount
string	com.zt.analytics.core.mAUE.ErPfbceMZTHScG	RalgzNToSxGK	Accept-Language
string	com.zt.analytics.core.mAUE.ErPfbceMZTHScG	RmXrOZVfuACcTlB	Ignored 
string	com.zt.analytics.core.mAUE.ErPfbceMZTHScG	RrKBT	audio/ac3
string	com.zt.analytics.core.mAUE.ErPfbceMZTHScG	TFqWNuWcAiydDdV	Did not write as much data as expected.
string	com.zt.analytics.core.mAUE.ErPfbceMZTHScG	WMyVJKOj	ROUND
string	com.zt.analytics.core.mAUE.ErPfbceMZTHScG	WagpIfgAYQ	ttl
string	com.zt.analytics.core.mAUE.ErPfbceMZTHScG	XPFBBL	#99EBFD
string	com.zt.analytics.core.mAUE.ErPfbceMZTHScG	YqKOFrADjZN	view
string	com.zt.analytics.core.mAUE.ErPfbceMZTHScG	ZOJ	YEAR
string	com.zt.analytics.core.mAUE.ErPfbceMZTHScG	aHWumIRfJBY	FilterRedactedEvents
string	com.zt.analytics.core.mAUE.ErPfbceMZTHScG	aiGSCj	audio/vnd.dts.hd;profile=lbr
string	com.zt.analytics.core.mAUE.ErPfbceMZTHScG	clLYzywS	binding
string	com.zt.analytics.core.mAUE.ErPfbceMZTHScG	dMUUDtyRPM	getConstructors()Ljava/util/Collection;
string	com.zt.analytics.core.mAUE.ErPfbceMZTHScG	dsv	lc
string	com.zt.analytics.core.mAUE.ErPfbceMZTHScG	fJNpSNaUHWhR	discount_type
string	com.zt.analytics.core.mAUE.ErPfbceMZTHScG	gJEIlG	outfits_id == $0
string	com.zt.analytics.core.mAUE.ErPfbceMZTHScG	hvOar	name
string	com.zt.analytics.core.mAUE.ErPfbceMZTHScG	jLckWr	NOT_NULL
string	com.zt.analytics.core.mAUE.ErPfbceMZTHScG	nYLOviAyTX	name
string	com.zt.analytics.core.mAUE.ErPfbceMZTHScG	oKffkOsBTNgZeZb	zzd
string	com.zt.analytics.core.mAUE.ErPfbceMZTHScG	oikFlJJOZjEZE	adFormat
string	com.zt.analytics.core.mAUE.ErPfbceMZTHScG	osp	Trace
string	com.zt.analytics.core.mAUE.ErPfbceMZTHScG	sBYDsH	
string	com.zt.analytics.core.mAUE.ErPfbceMZTHScG	vGTynPfmtYbjuq	measurement.rb.attribution.app_allowlist
string	com.zt.analytics.core.mAUE.ErPfbceMZTHScG	yWvuOhwHTNvMis	Install Referrer read successfully. Closing connection
string	com.zt.analytics.core.mAUE.ErPfbceMZTHScG	zqJKBtXdHmMzz	disable
string	com.zt.analytics.core.utils.gson.FQz.jsvHUjxeiOB	AzTSYwn	id
string	com.zt.analytics.core.utils.gson.FQz.jsvHUjxeiOB	CRyiLkW	ticket_name
string	com.zt.analytics.core.utils.gson.FQz.jsvHUjxeiOB	DKOYxySl	zzk
string	com.zt.analytics.core.utils.gson.FQz.jsvHUjxeiOB	DhOA	data
string	com.zt.analytics.core.utils.gson.FQz.jsvHUjxeiOB	DyPzc	')
string	com.zt.analytics.core.utils.gson.FQz.jsvHUjxeiOB	GAmkxTgbPKhPHNO	No.
string	com.zt.analytics.core.utils.gson.FQz.jsvHUjxeiOB	GKFv	call to 'resume' before 'invoke' with coroutine
string	com.zt.analytics.core.utils.gson.FQz.jsvHUjxeiOB	HGufqLYutqOPry	binding
string	com.zt.analytics.core.utils.gson.FQz.jsvHUjxeiOB	HMKeDNS	]
string	com.zt.analytics.core.utils.gson.FQz.jsvHUjxeiOB	HrqxAjPGINnsW	null
string	com.zt.analytics.core.utils.gson.FQz.jsvHUjxeiOB	HsKaehwBWHsjrx	station/station_awaken_
string	com.zt.analytics.core.utils.gson.FQz.jsvHUjxeiOB	HzbeXTiBLCv	_ev
string	com.zt.analytics.core.utils.gson.FQz.jsvHUjxeiOB	IQmOtIdnRAjgoi	\\\\'
string	com.zt.analytics.core.utils.gson.FQz.jsvHUjxeiOB	JExClzGMMDBI	sort
string	com.zt.analytics.core.utils.gson.FQz.jsvHUjxeiOB	JPUQ	API_DISABLED
string	com.zt.analytics.core.utils.gson.FQz.jsvHUjxeiOB	JzPckPCaOBUjxI	icon_name
string	com.zt.analytics.core.utils.gson.FQz.jsvHUjxeiOB	LtpLnzDLOrSAOPL	#E0C9F5
string	com.zt.analytics.core.utils.gson.FQz.jsvHUjxeiOB	NBdwkwUeulCwCL	threads
string	com.zt.analytics.core.utils.gson.FQz.jsvHUjxeiOB	Nvfm	EMSG: scheme=
string	com.zt.analytics.core.utils.gson.FQz.jsvHUjxeiOB	OkZMUHYtDA	, 
string	com.zt.analytics.core.utils.gson.FQz.jsvHUjxeiOB	RBvEm	 data_url is empty
string	com.zt.analytics.core.utils.gson.FQz.jsvHUjxeiOB	UFZM	Delegated worker 
string	com.zt.analytics.core.utils.gson.FQz.jsvHUjxeiOB	VZtdcMrETD	name
string	com.zt.analytics.core.utils.gson.FQz.jsvHUjxeiOB	WsbghZKpRjuiu	Cannot update primary key property '
string	com.zt.analytics.core.utils.gson.FQz.jsvHUjxeiOB	YOmYbxxNzGbbFZi	]
string	com.zt.analytics.core.utils.gson.FQz.jsvHUjxeiOB	YkGkeMMZwNnsPJ	autoRenewing
string	com.zt.analytics.core.utils.gson.FQz.jsvHUjxeiOB	ZJjTnzNRaRuSB	Missing required view with ID: 
string	com.zt.analytics.core.utils.gson.FQz.jsvHUjxeiOB	ZgeGTbNcE	utm_term
string	com.zt.analytics.core.utils.gson.FQz.jsvHUjxeiOB	aWjGWzurnLU	
string	com.zt.analytics.core.utils.gson.FQz.jsvHUjxeiOB	bRuITHkZ	key_mood_create_time
string	com.zt.analytics.core.utils.gson.FQz.jsvHUjxeiOB	bnUuRmvHzYAS	search_string
string	com.zt.analytics.core.utils.gson.FQz.jsvHUjxeiOB	diIxOQzhpSFqjEc	Cannot update primary key property '
string	com.zt.analytics.core.utils.gson.FQz.jsvHUjxeiOB	eUXZCdEpCI	, description_zh=
string	com.zt.analytics.core.utils.gson.FQz.jsvHUjxeiOB	eritfvXWknDsP	
string	com.zt.analytics.core.utils.gson.FQz.jsvHUjxeiOB	gGNFM	Cannot update primary key property '
string	com.zt.analytics.core.utils.gson.FQz.jsvHUjxeiOB	hwWHLaRKEof	indexShowCount
string	com.zt.analytics.core.utils.gson.FQz.jsvHUjxeiOB	kBieIPa	playcore_version_code
string	com.zt.analytics.core.utils.gson.FQz.jsvHUjxeiOB	mKqUbQKAXse	SHORT_WAIT
string	com.zt.analytics.core.utils.gson.FQz.jsvHUjxeiOB	oYME	TRUEPREDICATE
string	com.zt.analytics.core.utils.gson.FQz.jsvHUjxeiOB	okFclQ	target
string	com.zt.analytics.core.utils.gson.FQz.jsvHUjxeiOB	rHYWWkWFywxA	 - 
string	com.zt.analytics.core.utils.gson.FQz.jsvHUjxeiOB	sIYyWpAC	
string	com.zt.analytics.core.utils.gson.FQz.jsvHUjxeiOB	sQrsClFW	SFIXED64_LIST_PACKED
string	com.zt.analytics.core.utils.gson.FQz.jsvHUjxeiOB	smoMEXDxK	op
string	com.zt.analytics.core.utils.gson.FQz.jsvHUjxeiOB	szlMx	FilterRedactedEvents
string	com.zt.analytics.core.utils.gson.FQz.jsvHUjxeiOB	tGhmhdvlGXUOPS	android.intent.extra.PROCESS_TEXT_READONLY
string	com.zt.analytics.core.utils.gson.FQz.jsvHUjxeiOB	tiFQRWvxJ	next_schedule_time_override_generation
string	com.zt.analytics.core.utils.gson.FQz.jsvHUjxeiOB	uBYx	   
string	com.zt.analytics.core.utils.gson.FQz.jsvHUjxeiOB	uCUHZXUCc	friend/give_gift_anim_2.json
string	com.zt.analytics.core.utils.gson.FQz.jsvHUjxeiOB	xcW	xMinYMid
string	com.zt.analytics.core.utils.gson.FQz.jsvHUjxeiOB	yRbEuDq	call to 'resume' before 'invoke' with coroutine
string	com.zt.analytics.core.utils.gson.FQz.jsvHUjxeiOB	yfmiquusABPY	measurement.sgtm.batch.retry_max_count
string	e7.sHez.XTEKdyQ	AIFTLf	OMX.Exynos.AVC.Decoder
string	e7.sHez.XTEKdyQ	AjSXFiKWJiTzmGZ	transaction_date
string	e7.sHez.XTEKdyQ	Biwdnn	primary_key
string	e7.sHez.XTEKdyQ	Bwya	claimed_stage_5_reward
string	e7.sHez.XTEKdyQ	CFbMt	TRUEPREDICATE
string	e7.sHez.XTEKdyQ	HodWzaBWOHZCpId	cannot make a new request because the previous response is still open: please call response.close()
string	e7.sHez.XTEKdyQ	KEoOYSYZeOUXbMY	day
string	e7.sHez.XTEKdyQ	LOlnfpKaAQQT	wasServiceAutoReconnected
string	e7.sHez.XTEKdyQ	LzH	1:
string	e7.sHez.XTEKdyQ	MOSnInGaJl	name_en
string	e7.sHez.XTEKdyQ	NsdhVRi	NT_ANALYTICS_APPKEY
string	e7.sHez.XTEKdyQ	PnqPfukniWH	name_ja
string	e7.sHez.XTEKdyQ	QHYlTYhsyd	type
string	e7.sHez.XTEKdyQ	TRPMGlBBcj	NTLifecycle
string	e7.sHez.XTEKdyQ	TYXuNlMl	type
string	e7.sHez.XTEKdyQ	TzLdLCrGNWZdw	journeyDatePainter
string	e7.sHez.XTEKdyQ	VjEnyVMAemSezdi	)
string	e7.sHez.XTEKdyQ	XXRWPfX	completed_days
string	e7.sHez.XTEKdyQ	XhDJatW	img_url
string	e7.sHez.XTEKdyQ	XkI	ReportHelper
string	e7.sHez.XTEKdyQ	ZSnqcc	StandardOutputSensitivity
string	e7.sHez.XTEKdyQ	ZekIJlbE	OMX.MTK.AUDIO.DECODER.DSPAC3
string	e7.sHez.XTEKdyQ	ZuKPpGlMFAx	BasicClip
string	e7.sHez.XTEKdyQ	aeYOSBPRd	@1
string	e7.sHez.XTEKdyQ	cLIOzKOWFm	Failed to update session Id: 
string	e7.sHez.XTEKdyQ	ecJucVLJhYxa	#FCF2E1
string	e7.sHez.XTEKdyQ	fVlikUHiuKkg	AFTSO001
string	e7.sHez.XTEKdyQ	fqxLrZUWnqj	
string	e7.sHez.XTEKdyQ	geWytPNKz	firebase-settings.crashlytics.com
string	e7.sHez.XTEKdyQ	guMJe	, sessionRestartTimeout=
string	e7.sHez.XTEKdyQ	iXGWeJZceWnjJKl	ram
string	e7.sHez.XTEKdyQ	jLWneqiejtyq	null cannot be cast to non-null type android.view.ViewGroup.MarginLayoutParams
string	e7.sHez.XTEKdyQ	juWlN	name_en
string	e7.sHez.XTEKdyQ	krxgwRkb	com.google.firebase.perf.NetworkEventCountBackground
string	e7.sHez.XTEKdyQ	mAw	Unknown attribute 0x
string	e7.sHez.XTEKdyQ	ncgnNYXDQtMOvgg	end < start: 
string	e7.sHez.XTEKdyQ	pQgxjECKVoCB	, showCreate=
string	e7.sHez.XTEKdyQ	quPKBTLq	short
string	e7.sHez.XTEKdyQ	tQe	, shortRestMinutes=
string	e7.sHez.XTEKdyQ	xIvwsQ	is_persistent
string	e7.sHez.XTEKdyQ	zGQGrVeVyWLuZ	ClassicTypeSystemContext couldn't handle: 
string	e7.sHez.XTEKdyQ	zKxOVnFzunKIK	#6BACFF
string	e7.sHez.XTEKdyQ	zlKGAdYJXCzWEKA	com.google.android.gms.common.internal.IGmsServiceBroker
string	fi.GDKx.SwBKJBuxswxWOj	AiVaob	
string	fi.GDKx.SwBKJBuxswxWOj	Ejo	primary_key
string	fi.GDKx.SwBKJBuxswxWOj	FHxjGOuQdAk	clientInfo
string	fi.GDKx.SwBKJBuxswxWOj	FyfxJKaZGiLsrhl	Can't change container ID of fragment 
string	fi.GDKx.SwBKJBuxswxWOj	GOOXAnNtXPljeTI	 popExitAnim=0x
string	fi.GDKx.SwBKJBuxswxWOj	GtIbZ	Encountered invalid length while parsing PNG chunktype
string	fi.GDKx.SwBKJBuxswxWOj	ILkYSUgFOCIktk	font-weight
string	fi.GDKx.SwBKJBuxswxWOj	JVxazVPCCoJwlmC	/
string	fi.GDKx.SwBKJBuxswxWOj	JgdkC	translationY
string	fi.GDKx.SwBKJBuxswxWOj	MlPeivTNPPi	is_vip
string	fi.GDKx.SwBKJBuxswxWOj	NgqgScqwoTUT	Only valid objects can be copied from Realm. This object was either deleted, closed or its Realm has been closed, making this object invalid: 
string	fi.GDKx.SwBKJBuxswxWOj	PdVYYTpJQBClrw	Error encoding AuthenticatorErrorResponse to JSON object
string	fi.GDKx.SwBKJBuxswxWOj	QOCybqbx	, description_zh_Hant=
string	fi.GDKx.SwBKJBuxswxWOj	QWTzlGCcC	underline
string	fi.GDKx.SwBKJBuxswxWOj	RVpTwABgd	last_delete_stale_batch
string	fi.GDKx.SwBKJBuxswxWOj	WNvtWO	Cannot resume a finished dispatcher
string	fi.GDKx.SwBKJBuxswxWOj	XczYcBrdgg	MaterialGoalData(category_list=
string	fi.GDKx.SwBKJBuxswxWOj	ZBDFZKxVLInuD	storageManager
string	fi.GDKx.SwBKJBuxswxWOj	aJQoIAVSm	, value=
string	fi.GDKx.SwBKJBuxswxWOj	abeXGC	1px 1px 0 %1$s, 1px -1px 0 %1$s, -1px 1px 0 %1$s, -1px -1px 0 %1$s
string	fi.GDKx.SwBKJBuxswxWOj	aoVJS	executor
string	fi.GDKx.SwBKJBuxswxWOj	bYhaBffnnunBLXd	clientEid
string	fi.GDKx.SwBKJBuxswxWOj	bsjJXhhgDJAL	SCROLL_UP
string	fi.GDKx.SwBKJBuxswxWOj	chVEDXBcq	checkedMultiply
string	fi.GDKx.SwBKJBuxswxWOj	clunQwIiRsf	ERROR_CODE_DECODER_QUERY_FAILED
string	fi.GDKx.SwBKJBuxswxWOj	eteuKMrFs	null cannot be cast to non-null type android.view.ViewGroup.LayoutParams
string	fi.GDKx.SwBKJBuxswxWOj	gNNiTWHOMubVv	SectionFieldMapping(section=
string	fi.GDKx.SwBKJBuxswxWOj	hOz	huawei_app_gallery
string	fi.GDKx.SwBKJBuxswxWOj	nuxjXQ	application/x-mp4-vtt
string	fi.GDKx.SwBKJBuxswxWOj	nuzpBn	call to 'resume' before 'invoke' with coroutine
string	fi.GDKx.SwBKJBuxswxWOj	odzbuGBVms	FurnitureV2
string	fi.GDKx.SwBKJBuxswxWOj	qXuWag	name_zh
string	fi.GDKx.SwBKJBuxswxWOj	rPO	isNumber
string	fi.GDKx.SwBKJBuxswxWOj	rvn	breathe_count
string	fi.GDKx.SwBKJBuxswxWOj	tDDMrnuxQibgBEL	type
string	fi.GDKx.SwBKJBuxswxWOj	weSTI	, backendName=
string	fi.GDKx.SwBKJBuxswxWOj	whaxRNgUBSPz	Layout state should be one of 
string	fi.GDKx.SwBKJBuxswxWOj	wmxkxDmSQIfAcU	getBg_bottom_color()Ljava/lang/String;
string	fi.GDKx.SwBKJBuxswxWOj	yXhyN	call to 'resume' before 'invoke' with coroutine
string	fi.GDKx.SwBKJBuxswxWOj	ymxQd	getHeight()F
string	fi.GDKx.SwBKJBuxswxWOj	zkYvSE	minWebSocketMessageToCompress must be positive: 
string	i4.oIsZ.NtRYXZ	BaamIaM	AuthorizePurpose3
string	i4.oIsZ.NtRYXZ	BdeqDCzYPggATS	measurement.rb.attribution.client.min_time_after_boot_seconds
string	i4.oIsZ.NtRYXZ	Ciye	onboarding/ob_splash_a_
string	i4.oIsZ.NtRYXZ	DmoUehgAVxNmb	show_type
string	i4.oIsZ.NtRYXZ	Gncjvvf	geo
string	i4.oIsZ.NtRYXZ	HqjguI	.zip
string	i4.oIsZ.NtRYXZ	Iml	\\f
string	i4.oIsZ.NtRYXZ	JKwS	unsupported value '
string	i4.oIsZ.NtRYXZ	KOZoXcuGRxpIM	result_
string	i4.oIsZ.NtRYXZ	Kkm	Scan map file in dex files made error.
string	i4.oIsZ.NtRYXZ	LTyITmbhcdpQ	Reset failed.
string	i4.oIsZ.NtRYXZ	NgMTmiRmDhJ	getResultUrl throws exception %s
string	i4.oIsZ.NtRYXZ	OioQ	Failed to get consents; not connected to service yet.
string	i4.oIsZ.NtRYXZ	PLuJrWZwxhdXhW	, textPoint=
string	i4.oIsZ.NtRYXZ	PjOmEHeFEcGMTaD	call to 'resume' before 'invoke' with coroutine
string	i4.oIsZ.NtRYXZ	Rdtxnep	scene_json_name
string	i4.oIsZ.NtRYXZ	SZbPqgXCLUSZCMF	binding
string	i4.oIsZ.NtRYXZ	TCerGpGhI	daily_public_events_count
string	i4.oIsZ.NtRYXZ	VzcClPPugZUDkx	The download is too large to start over the current connection.
string	i4.oIsZ.NtRYXZ	XbOF	home_luggage_guide
string	i4.oIsZ.NtRYXZ	aKC	entry
string	i4.oIsZ.NtRYXZ	aZURgjlzElWLBU	Code must be in range [1000,5000): 
string	i4.oIsZ.NtRYXZ	aoQLuxzcjI	LONG_WAIT
string	i4.oIsZ.NtRYXZ	cwQGPMeMiUfS	deltainno
string	i4.oIsZ.NtRYXZ	dEG	de
string	i4.oIsZ.NtRYXZ	eUpLAGbtuj	#screen_width
string	i4.oIsZ.NtRYXZ	ezJVeMk	Exception setting completer.
string	i4.oIsZ.NtRYXZ	fdEDfn	DelayedWorkTracker
string	i4.oIsZ.NtRYXZ	gYEuo	key_hide_login_text
string	i4.oIsZ.NtRYXZ	hTt	mr_gbraid
string	i4.oIsZ.NtRYXZ	iHtoifJyJig	
string	i4.oIsZ.NtRYXZ	iJBN	sex
string	i4.oIsZ.NtRYXZ	jGPpDhpfFx	@
string	i4.oIsZ.NtRYXZ	jvvqGeXAkA	boolean[]
string	i4.oIsZ.NtRYXZ	kAa	category_id
string	i4.oIsZ.NtRYXZ	lqULuPa	#E6CE98
string	i4.oIsZ.NtRYXZ	mbYFwVTugctMtb	uMvpMatrix
string	i4.oIsZ.NtRYXZ	nMTkMhI	}
string	i4.oIsZ.NtRYXZ	nRyISqyMurrkNW	_err
string	i4.oIsZ.NtRYXZ	ntW	SSL_DHE_DSS_WITH_3DES_EDE_CBC_SHA
string	i4.oIsZ.NtRYXZ	qUCLmUbHqhYzFNh	mounted_ro
string	i4.oIsZ.NtRYXZ	rBuTvy	substring
string	i4.oIsZ.NtRYXZ	swakr	image
string	i4.oIsZ.NtRYXZ	tXRlRBeGNKiZ	gps_pa_failed_reason
string	i4.oIsZ.NtRYXZ	wBSK	STRICT
string	i4.oIsZ.NtRYXZ	wTVGtyh	primary_key
string	i4.oIsZ.NtRYXZ	xNVjHJuEa	latest_timestamp
string	i4.oIsZ.NtRYXZ	yMayjWHPA	, date=
string	i4.oIsZ.NtRYXZ	yjFZ	ExposureMode
string	kb.ylH.jjdKpWRYQuCtDA	AkLzuJmnUnx	 as the serialized body of char at element: 
string	kb.ylH.jjdKpWRYQuCtDA	BZS	day
string	kb.ylH.jjdKpWRYQuCtDA	CqDrtqzADXgLlIf	(
string	kb.ylH.jjdKpWRYQuCtDA	DxKrajrt	FragmentManager
string	kb.ylH.jjdKpWRYQuCtDA	GrtkKgOOwuirz	UInt
string	kb.ylH.jjdKpWRYQuCtDA	GuaIaKAZGQtmY	reflections
string	kb.ylH.jjdKpWRYQuCtDA	HAIQFQCLZWjivBp	onboarding/splash_focus_
string	kb.ylH.jjdKpWRYQuCtDA	JUnlmt	key_widget_type
string	kb.ylH.jjdKpWRYQuCtDA	KoiAfHllFrm	 !"#$&'(),/:;<=>?@[]\\^`{|}~
string	kb.ylH.jjdKpWRYQuCtDA	LBtDMnfDlfjsmI	properties
string	kb.ylH.jjdKpWRYQuCtDA	LkCFdiNYJeSzxku	NONE
string	kb.ylH.jjdKpWRYQuCtDA	NFwgxcwgntMtCz	Calling this from your main thread can lead to deadlock
string	kb.ylH.jjdKpWRYQuCtDA	TyXynCvlC	primary_key
string	kb.ylH.jjdKpWRYQuCtDA	VblSwHbmObFdxa	UNKNOWN, cause=[
string	kb.ylH.jjdKpWRYQuCtDA	WVM	expected indefinite length scope but found 
string	kb.ylH.jjdKpWRYQuCtDA	YmSOJAGPl	Missing required view with ID: 
string	kb.ylH.jjdKpWRYQuCtDA	ahevfeBRVvZs	nieruo-internal
string	kb.ylH.jjdKpWRYQuCtDA	bGFFEebMFE	Database error querying filter results. appId
string	kb.ylH.jjdKpWRYQuCtDA	crROT	TRUEPREDICATE
string	kb.ylH.jjdKpWRYQuCtDA	gYj	getReflection()Lcom/nieruo/healthapp/realm/entity/Reflection;
string	kb.ylH.jjdKpWRYQuCtDA	gdPyOQ	type
string	kb.ylH.jjdKpWRYQuCtDA	gqwtcurvwXlFUg	url
string	kb.ylH.jjdKpWRYQuCtDA	hRXhIRnHOOQesBb	FK
string	kb.ylH.jjdKpWRYQuCtDA	hSugvaKHPhwaNHv	Failed to instantiate custom view inflater 
string	kb.ylH.jjdKpWRYQuCtDA	jIWypLDyPjQvUWy	set
string	kb.ylH.jjdKpWRYQuCtDA	jbpHCtDXdYFG	Vertices of chain shape are too close together
string	kb.ylH.jjdKpWRYQuCtDA	kqFYsRNUV	, showTitle=
string	kb.ylH.jjdKpWRYQuCtDA	lRNb	BubbleInsets(left=
string	kb.ylH.jjdKpWRYQuCtDA	lZPyWrR	related_id
string	kb.ylH.jjdKpWRYQuCtDA	mLcSLplQYQ	call to 'resume' before 'invoke' with coroutine
string	kb.ylH.jjdKpWRYQuCtDA	mXOeEvMbZidBFH	sort
string	kb.ylH.jjdKpWRYQuCtDA	qSbLlDNgYe	android-support-nav:controller:backStackStates
string	kb.ylH.jjdKpWRYQuCtDA	qtBVThnjGjl	action
string	kb.ylH.jjdKpWRYQuCtDA	rjwr	fb_iap_sdk_supported_library_versions
string	kb.ylH.jjdKpWRYQuCtDA	sJlKljkSoKOZwON	FIXED32
string	kb.ylH.jjdKpWRYQuCtDA	sxXuajN	skipBytes is currently unsupported
string	kb.ylH.jjdKpWRYQuCtDA	urg	; exhausted proxy configurations: 
string	kb.ylH.jjdKpWRYQuCtDA	wCHHekRZLLY	null cannot be cast to non-null type android.view.ViewGroup.LayoutParams
string	kb.ylH.jjdKpWRYQuCtDA	xGjrlAQtKEpZPLP	Missing required view with ID: 
string	kb.ylH.jjdKpWRYQuCtDA	xKD	Nothing
string	kb.ylH.jjdKpWRYQuCtDA	xgQktRdnugXSSwG	_se
string	mk.IR.Ntqs	AwSITihBSFu	emotion_levels
string	mk.IR.Ntqs	DTkcVEb	zzg
string	mk.IR.Ntqs	DXOiKxPrfUvZ	Property "splitInstallErrorCodeByModule" has not been set
string	mk.IR.Ntqs	FpuljDi	executeListener
string	mk.IR.Ntqs	HCAddmdyeqqzUXn	thumbnail_name
string	mk.IR.Ntqs	NdOe	needs_cost
string	mk.IR.Ntqs	OShmhx	 but was 
string	mk.IR.Ntqs	OtFicIBMldLiZ	Cannot update primary key property '
string	mk.IR.Ntqs	OtUiPJLqWG	, location=
string	mk.IR.Ntqs	QdCtGclULIwsT	id
string	mk.IR.Ntqs	Tii	
string	mk.IR.Ntqs	XWXN	call to 'resume' before 'invoke' with coroutine
string	mk.IR.Ntqs	XnxqK	has_reward
string	mk.IR.Ntqs	XtDTWUULOLaaSMT	Error retrieving package info. appId, appName
string	mk.IR.Ntqs	bEH	Missing required view with ID: 
string	mk.IR.Ntqs	cNzPdYnvttyFYq	id
string	mk.IR.Ntqs	cdzfPOjvCMCtFS	kotlin/jvm/internal/RepeatableContainer
string	mk.IR.Ntqs	clfa	PING
string	mk.IR.Ntqs	dDhH	android.intent.extra.STREAM
string	mk.IR.Ntqs	dkMvkWuNl	encryptVersion
string	mk.IR.Ntqs	dwSl	goal_point
string	mk.IR.Ntqs	eecNMdeLb	NATIVE_ONLY
string	mk.IR.Ntqs	egfQGlJkd	fire-count
string	mk.IR.Ntqs	fbjBOO	width
string	mk.IR.Ntqs	fhnov	MN
string	mk.IR.Ntqs	gFqbIyZU	view
string	mk.IR.Ntqs	gqROEnTuMrfFiqp	TransitionValues@
string	mk.IR.Ntqs	ikSxasyemibOs	ThinkingData_APP_JS_Bridge
string	mk.IR.Ntqs	lnCSXwmWmtwUF	AdtsReader
string	mk.IR.Ntqs	mtWMBP	key_trigger_source
string	mk.IR.Ntqs	pWavcwlBNnNRNB	isStaticDeclaration
string	mk.IR.Ntqs	pinZQM	ISOSpeed
string	mk.IR.Ntqs	rYuUWkjPMAi	spliterator
string	mk.IR.Ntqs	siFLVynQ	, name_es=
string	mk.IR.Ntqs	sow	invalid properties: 
string	mk.IR.Ntqs	szrcKWvBaIDp	com.facebook.sdk.ACTION_CURRENT_AUTHENTICATION_TOKEN_CHANGED
string	mk.IR.Ntqs	tBoFeb	null cannot be cast to non-null type android.view.ViewGroup.MarginLayoutParams
string	mk.IR.Ntqs	wOGibzzydLPeeo	is_completed
string	mk.IR.Ntqs	wlvFFsGWHMJO	Operation is not supported for read-only collection
string	mk.IR.Ntqs	znoTQZpkk	#356CA5
string	nc.QSr.toDWi	CGiahoBNDvayf	\n\t%-16s %s
string	nc.QSr.toDWi	DZpStxb	Cannot update primary key property '
string	nc.QSr.toDWi	DjaV	Cannot update primary key property '
string	nc.QSr.toDWi	ISDe	accept(Landroidx/window/extensions/layout/WindowLayoutInfo;)V
string	nc.QSr.toDWi	Ltl	, imgResId=
string	nc.QSr.toDWi	LwRAUZCBgC	Does not contain segment
string	nc.QSr.toDWi	NmXtzvwB	TLS_ECDHE_ECDSA_WITH_NULL_SHA
string	nc.QSr.toDWi	OlaCpcDWJwaKKBR	. By default, non-finite floating point values are prohibited because they do not conform JSON specification
string	nc.QSr.toDWi	OrGZQfnWDKw	getStory_zh_Hant()Ljava/lang/String;
string	nc.QSr.toDWi	PqYR	getName()Ljava/lang/String;
string	nc.QSr.toDWi	PxIGiTRjtbjJcM	events
string	nc.QSr.toDWi	RUhcQuDXdJ	}
string	nc.QSr.toDWi	SKJdPmjsXpb	backoff_delay_duration
string	nc.QSr.toDWi	SwGxYceoXctUJSh	SVGAndroidRenderer
string	nc.QSr.toDWi	TAZv	click_time_server
string	nc.QSr.toDWi	XemlINhooeqmMjO	getShow_completed_goal()Z
string	nc.QSr.toDWi	XlIajGbACfEYZU	Missing required view with ID: 
string	nc.QSr.toDWi	YEAf	Operation is not supported for read-only collection
string	nc.QSr.toDWi	ZFlaYNNRovIvrh	interval_duration
string	nc.QSr.toDWi	bLKGnsXpCeXC	ZTAnalytics
string	nc.QSr.toDWi	biRhu	OMX.rk.video_decoder.avc
string	nc.QSr.toDWi	bkdOByClZ	audio/mhm1
string	nc.QSr.toDWi	cxyhwU	TLS_ECDH_anon_WITH_3DES_EDE_CBC_SHA
string	nc.QSr.toDWi	eGoQNverQkf	events
string	nc.QSr.toDWi	exUfrw	android.intent.action.PACKAGE_ADDED
string	nc.QSr.toDWi	gkNvheONQ	friendEntity
string	nc.QSr.toDWi	iOBeNEqhKEHQBFJ	kotlin.jvm.PurelyImplements
string	nc.QSr.toDWi	jEdpL	, consecutive_login_day=
string	nc.QSr.toDWi	jqSZpXmHhOgFZ	link_friends
string	nc.QSr.toDWi	kBtttjoPpms	category_id
string	nc.QSr.toDWi	kaNcIOS	startsWith
string	nc.QSr.toDWi	kzTIEiMmoVeh	measurement.upload.max_item_scoped_custom_parameters
string	nc.QSr.toDWi	lReWyctlklHHe	list
string	nc.QSr.toDWi	nlIwIsA	ThinkingAnalytics.HttpService
string	nc.QSr.toDWi	nmDEDVjxiXi	BITWISE_LEFT_SHIFT
string	nc.QSr.toDWi	oxkqvdeqs	
string	nc.QSr.toDWi	pYh	second
string	nc.QSr.toDWi	pncVPCu	, but had 
string	nc.QSr.toDWi	tCL	Cannot update primary key property '
string	nc.QSr.toDWi	wFIwfAcDFpfZnc	The content type of the response is not a valid content-type:
string	nc.QSr.toDWi	wNgXhsLWmLN	Range
string	nc.QSr.toDWi	wNyYtT	Decimal128 properties cannot be aggregated as '
string	nc.QSr.toDWi	wuIvRIzfErLqpZ	Unrecognized stage: 
string	nc.QSr.toDWi	xZeLhkFNAOMCyjE	com.android.vending
string	nc.QSr.toDWi	xhuJaaxdY	propertyDescriptor
string	nc.QSr.toDWi	ytPejrKFKzvToZ	, timestamp=
string	nc.QSr.toDWi	zmSdsIJ	\n
string	ne.zbs.LDHNegmt	BDhOFzPdupokHnR	ro.build.MiFavor_version
string	ne.zbs.LDHNegmt	BOHW	key_act_journey_id
string	ne.zbs.LDHNegmt	BmZshIMp	EmotionUI_3.0
string	ne.zbs.LDHNegmt	DNSpUQ	video/x-matroska
string	ne.zbs.LDHNegmt	FOO	name
string	ne.zbs.LDHNegmt	HxilJ	thumbnail_name
string	ne.zbs.LDHNegmt	IxJVHpShxUwxT	Invalid screen name length in setCurrentScreen. Length
string	ne.zbs.LDHNegmt	JFRcpN	ExifInterface
string	ne.zbs.LDHNegmt	JKkmx	The number of acquired permits should be in 0..1
string	ne.zbs.LDHNegmt	OPXQrkyGBSTpuPb	last_bundle_index
string	ne.zbs.LDHNegmt	OXRE	cat/click_guide_
string	ne.zbs.LDHNegmt	OYRIbHzQrPKEW	 to 
string	ne.zbs.LDHNegmt	OiIXGDjuYNTs	 declared target fragment 
string	ne.zbs.LDHNegmt	SMhA	getCollection_time()J
string	ne.zbs.LDHNegmt	SWRysJzbBMQ	#FA79B0
string	ne.zbs.LDHNegmt	TZaDrOhx	reflection_id
string	ne.zbs.LDHNegmt	ThfzDUF	Service bound to new client on process 
string	ne.zbs.LDHNegmt	UFHarCpUd	source
string	ne.zbs.LDHNegmt	UtpjhjcnCzUcJMY	
string	ne.zbs.LDHNegmt	UxB	Ignoring navigate() call: FragmentManager has already saved its state
string	ne.zbs.LDHNegmt	VFGZm	i
string	ne.zbs.LDHNegmt	XPKpwLhsZZPclM	diary_list
string	ne.zbs.LDHNegmt	XzGs	List
string	ne.zbs.LDHNegmt	bZrVCaexeYB	, triggerSource=
string	ne.zbs.LDHNegmt	eLiGvM	inflate(Landroid/view/LayoutInflater;Landroid/view/ViewGroup;Z)Lcom/nieruo/healthapp/databinding/FragmentLoginRegistrationBinding;
string	ne.zbs.LDHNegmt	gdmHoSZjXq	zzg
string	ne.zbs.LDHNegmt	hTS	Adding splits from package manager: %s
string	ne.zbs.LDHNegmt	iqSkMrV	call to 'resume' before 'invoke' with coroutine
string	ne.zbs.LDHNegmt	itjBtUhoKHSc	) not resolved in 
string	ne.zbs.LDHNegmt	jbAjaNOHoXn	binding
string	ne.zbs.LDHNegmt	kCoBHMMuVunofMa	outfits_ids
string	ne.zbs.LDHNegmt	kCveVybUEXu	searchMethodsInSupertypesWithoutBuiltinMagic
string	ne.zbs.LDHNegmt	kcEryq	Missing required view with ID: 
string	ne.zbs.LDHNegmt	mvSvSJ	arguments
string	ne.zbs.LDHNegmt	nBKeoAFYCQGP	PERMIT
string	ne.zbs.LDHNegmt	nEcOtk	IOException occurred while closing InputStream
string	ne.zbs.LDHNegmt	oSSSbRs	*/ 
string	ne.zbs.LDHNegmt	pjSTyEnHa	canHaveSubtypes
string	ne.zbs.LDHNegmt	rurb	message_type
string	ne.zbs.LDHNegmt	rxqKduH	focus_pomodoro
string	ne.zbs.LDHNegmt	tjzjTFc	DfltImageHeaderParser
string	ne.zbs.LDHNegmt	uJFH	When attempting to convert get response, null credential found
string	ne.zbs.LDHNegmt	uvjhgYWt	
string	ne.zbs.LDHNegmt	vZhHME	zzt
string	ne.zbs.LDHNegmt	vwMhSBmHXDCD	client_no_context_takeover
string	ne.zbs.LDHNegmt	xXBkJhpA	invalid orientation
string	ne.zbs.LDHNegmt	yIgfuLjC	gcm.n.color
string	ne.zbs.LDHNegmt	zRiWUmwGmOvm	
string	nk.HF.qXyNpQqtpTIxd	ADGGauBkdFyDkt	join_tournament
string	nk.HF.qXyNpQqtpTIxd	CxXermWyrCFIcy	install_begin_time
string	nk.HF.qXyNpQqtpTIxd	EXHJRismRZ	.config.main
string	nk.HF.qXyNpQqtpTIxd	FmoBGp	_
string	nk.HF.qXyNpQqtpTIxd	HstAdz	data_access_expiration_time
string	nk.HF.qXyNpQqtpTIxd	IcrLC	binding
string	nk.HF.qXyNpQqtpTIxd	IwSkJPn	getResponseCode
string	nk.HF.qXyNpQqtpTIxd	KRUEXZl	UploadDatabaseWorker
string	nk.HF.qXyNpQqtpTIxd	Lzsm	1.61.0
string	nk.HF.qXyNpQqtpTIxd	PbcprufcCvLyAHe	External offer flow finished with resultCode: 
string	nk.HF.qXyNpQqtpTIxd	ViwPKbGvxlCOJU	CAPTURED_TYPE_SCOPE
string	nk.HF.qXyNpQqtpTIxd	YkQozWvsSNZWv	</span>
string	nk.HF.qXyNpQqtpTIxd	YtYcCe	eligible_for_prediction_events
string	nk.HF.qXyNpQqtpTIxd	aLJcH	id
string	nk.HF.qXyNpQqtpTIxd	bkgG	reflection_ids
string	nk.HF.qXyNpQqtpTIxd	dpoRXedjIquKVk	sort
string	nk.HF.qXyNpQqtpTIxd	duXunjWwTz	Deeplink url decoding failed. Message: (%s)
string	nk.HF.qXyNpQqtpTIxd	ejfb	isBlockingThread
string	nk.HF.qXyNpQqtpTIxd	gDIJ	generation
string	nk.HF.qXyNpQqtpTIxd	gpirV	Unable to log.
string	nk.HF.qXyNpQqtpTIxd	nCRsjrku	*
string	nk.HF.qXyNpQqtpTIxd	nlsIfGguVTh	
string	nk.HF.qXyNpQqtpTIxd	oCnlnTyjs	resource/voices
string	nk.HF.qXyNpQqtpTIxd	oRfpYo	*|[*]
string	nk.HF.qXyNpQqtpTIxd	pIar	interval_duration
string	nk.HF.qXyNpQqtpTIxd	qSzTRAN	4
string	nk.HF.qXyNpQqtpTIxd	saNkOHgnyROhuiU	getBreatheCount()Ljava/lang/Integer;
string	nk.HF.qXyNpQqtpTIxd	uoXis	Do not set the background color; Chip manages its own background drawable.
string	nk.HF.qXyNpQqtpTIxd	vMTiTQ	)
string	nk.HF.qXyNpQqtpTIxd	vTdo	ga_event_origin
string	nk.HF.qXyNpQqtpTIxd	wdJStkxLWxmxsK	d
string	nk.HF.qXyNpQqtpTIxd	wqUjHmz	LOG_ENVIRONMENT_AUTOPUSH
string	nk.HF.qXyNpQqtpTIxd	xnXpRkgLVyeQnk	payload
string	nk.HF.qXyNpQqtpTIxd	zAGZlMZg	cat/home_bottom_icon_
string	nk.HF.qXyNpQqtpTIxd	zpGiIBoQ	seek to data offset: 
string	p3.uH.tqiU	AJnBjtZIfpBIuFt	androidx.core.view.inputmethod.EditorInfoCompat.CONTENT_SELECTION_END
string	p3.uH.tqiU	CCSzkLiFrcv	share_name
string	p3.uH.tqiU	DAaBDspyS	 for key "
string	p3.uH.tqiU	DyoxEPpRoc	API
string	p3.uH.tqiU	EZk	/capi/
string	p3.uH.tqiU	KGc	Could not decode image data with BitmapFactory. (data.length = 
string	p3.uH.tqiU	KKwVwQ	 already exists.
string	p3.uH.tqiU	LWLJZQNkM	, souvenir_level=
string	p3.uH.tqiU	LnG	sort
string	p3.uH.tqiU	PiLD	id
string	p3.uH.tqiU	PnhzHX	call to 'resume' before 'invoke' with coroutine
string	p3.uH.tqiU	QQnPqgZCqv	
string	p3.uH.tqiU	SXCNCbwicfnshhX	key_emotions_list_type
string	p3.uH.tqiU	TgtFPNwkkr	inflate(Landroid/view/LayoutInflater;Landroid/view/ViewGroup;Z)Lcom/nieruo/healthapp/databinding/FragmentChangeCompleteBinding;
string	p3.uH.tqiU	UuXpNSygi	, text=
string	p3.uH.tqiU	VuZQPgB	furniture_refresh_count
string	p3.uH.tqiU	WQKcDA	RequestId
string	p3.uH.tqiU	XOxGHmyhdGzTv	granular_third_party_sharing_options
string	p3.uH.tqiU	ZJiFuMsCxWcs	 is already done. Not interrupting.
string	p3.uH.tqiU	bekJK	call to 'resume' before 'invoke' with coroutine
string	p3.uH.tqiU	cKFRIxOeIXFXvf	NetworkBroadcastReceiver received unknown action
string	p3.uH.tqiU	cToNUrGV	, nickname=
string	p3.uH.tqiU	cbDRidk	finished run in 
string	p3.uH.tqiU	fsDJYaHGIze	method
string	p3.uH.tqiU	igOafi	#FFFFFF
string	p3.uH.tqiU	jqkZ	MaxPartsOutOfRange: 1000
string	p3.uH.tqiU	lLLcSFFGzxzEyd	Cannot update primary key property '
string	p3.uH.tqiU	lglMBezUaO	furniture_refresh_count
string	p3.uH.tqiU	lpzLHoG	not_verified
string	p3.uH.tqiU	mtFoDRhuDPg	LIGHTEN
string	p3.uH.tqiU	otsckQozuS	SavedStateProvider with the given key is already registered
string	p3.uH.tqiU	pvPQD	delay)
string	p3.uH.tqiU	qJt	Missing required view with ID: 
string	p3.uH.tqiU	rhYe	Unsupported value for transport: 
string	p3.uH.tqiU	sgYrBaIHKTbffbg	SR
string	p3.uH.tqiU	ubHGjsKJSCh	SpecialEffectsController: Cancelling operation 
string	p3.uH.tqiU	vHLxMxK	 ENABLE-TRACKING 
string	p3.uH.tqiU	wJMrKf	ConnectionTracker
string	p3.uH.tqiU	wcpjLdBHTJxsNMu	/events
string	sd.hQ.qoBFeDHsJkpaU	AHd	force_full_goal_rebuild
string	sd.hQ.qoBFeDHsJkpaU	AvhrZ	This object is unmanaged. Only managed objects can be copied.
string	sd.hQ.qoBFeDHsJkpaU	CNYApoNpZPOCj	scenes
string	sd.hQ.qoBFeDHsJkpaU	CwkLylg	filter_id
string	sd.hQ.qoBFeDHsJkpaU	EsFP	ClassicTypeSystemContext couldn't handle: 
string	sd.hQ.qoBFeDHsJkpaU	FQtC	)
string	sd.hQ.qoBFeDHsJkpaU	FlGwbbEluf	translationX
string	sd.hQ.qoBFeDHsJkpaU	FqAAgYtLqJOVxO	name_fr
string	sd.hQ.qoBFeDHsJkpaU	GhHEoiOELix	app_event_pred
string	sd.hQ.qoBFeDHsJkpaU	HlQIR	lightskyblue
string	sd.hQ.qoBFeDHsJkpaU	IHHpRHiYQMUj	id
string	sd.hQ.qoBFeDHsJkpaU	IbvaMcsEdmvFq	inflate
string	sd.hQ.qoBFeDHsJkpaU	IcNuullvVCePZgl	RecycleOutfitEntity(outfit=
string	sd.hQ.qoBFeDHsJkpaU	Ihaz	Thread [%s] with error [%s]
string	sd.hQ.qoBFeDHsJkpaU	JFvWWzhaxC	Attribute key length must not exceed 40 characters
string	sd.hQ.qoBFeDHsJkpaU	KAmzjFcTtyKtE	languageCode
string	sd.hQ.qoBFeDHsJkpaU	NAtFiSrE	Cannot register already registered manager
string	sd.hQ.qoBFeDHsJkpaU	NuWNuufs	com.google.firebase.perf.FragmentSamplingRate
string	sd.hQ.qoBFeDHsJkpaU	PRgTaxU	ERROR_CODE_INVALID_STATE
string	sd.hQ.qoBFeDHsJkpaU	QTfsPycSMjW	Missing required view with ID: 
string	sd.hQ.qoBFeDHsJkpaU	QbPEbyCoestpTKQ	material/shop
string	sd.hQ.qoBFeDHsJkpaU	QpYjOlRQSlsBQ	Sync
string	sd.hQ.qoBFeDHsJkpaU	SEWsaCdw	%n is not valid. No matched LogEventDropped-Reason found. Treated it as REASON_UNKNOWN
string	sd.hQ.qoBFeDHsJkpaU	SEgMV	host
string	sd.hQ.qoBFeDHsJkpaU	TEc	app_version
string	sd.hQ.qoBFeDHsJkpaU	TEv	THEME_RES_ID_KEY
string	sd.hQ.qoBFeDHsJkpaU	VBWSXNqxJmIUv	application/dvbsubs
string	sd.hQ.qoBFeDHsJkpaU	WVvlUdeJZeo	key-marker
string	sd.hQ.qoBFeDHsJkpaU	YGbQm	jflte
string	sd.hQ.qoBFeDHsJkpaU	YOYlBtjbuZfXCb	Firebase Messaging component is not present
string	sd.hQ.qoBFeDHsJkpaU	YwFnsJTqPpr	key_journey_stage
string	sd.hQ.qoBFeDHsJkpaU	aVgx	Missing required view with ID: 
string	sd.hQ.qoBFeDHsJkpaU	dCaMnvqqnUA	 ms]
string	sd.hQ.qoBFeDHsJkpaU	eAKdXsp	"
string	sd.hQ.qoBFeDHsJkpaU	eZRunePgogXh	Operation is not supported for read-only collection
string	sd.hQ.qoBFeDHsJkpaU	egc	setterDescriptor
string	sd.hQ.qoBFeDHsJkpaU	hrihJSJIeEnYB	ObjectTypeMismatch
string	sd.hQ.qoBFeDHsJkpaU	jDw	call to 'resume' before 'invoke' with coroutine
string	sd.hQ.qoBFeDHsJkpaU	lYZwrYxnI	event_payloads
string	sd.hQ.qoBFeDHsJkpaU	lnXfEomqJ	Cannot update primary key property '
string	sd.hQ.qoBFeDHsJkpaU	mmxZrwbN	 signal
string	sd.hQ.qoBFeDHsJkpaU	nEKDQXWSuM	}
string	sd.hQ.qoBFeDHsJkpaU	nMtjImRoi	getFurniture_type()I
string	sd.hQ.qoBFeDHsJkpaU	nqEfFffo	Missing required view with ID: 
string	sd.hQ.qoBFeDHsJkpaU	pEA	\n
string	sd.hQ.qoBFeDHsJkpaU	qdVsIdUeHkbE	getType()I
string	sd.hQ.qoBFeDHsJkpaU	rRiufcJugGD	Error retrieving app package info.
string	sd.hQ.qoBFeDHsJkpaU	uCiwEHoewsDroC	width
string	sd.hQ.qoBFeDHsJkpaU	vOZJlTbiDZvDe	.provider.PlatformProvider
string	sd.hQ.qoBFeDHsJkpaU	vyRqVlNaEzSMx	PersistedInstallation
string	sd.hQ.qoBFeDHsJkpaU	wGf	app_uid
string	sd.hQ.qoBFeDHsJkpaU	wqzraKcZKJbnsc	name_pt
string	sd.hQ.qoBFeDHsJkpaU	yCvEXxOghYTMcd	breath_name
string	sd.hQ.qoBFeDHsJkpaU	yKw	\\'
string	sd.hQ.qoBFeDHsJkpaU	ycd	PERMANENTLY_DENIED
string	sd.hQ.qoBFeDHsJkpaU	ysi	call to 'resume' before 'invoke' with coroutine
string	sd.hQ.qoBFeDHsJkpaU	zRdYgaMgRVyyfBW	binding
string	uc.iUt.wDOFkI	BHKt	Scheduling work ID 
string	uc.iUt.wDOFkI	BMQkOflFHt	getGoals()Lio/realm/kotlin/types/RealmList;
string	uc.iUt.wDOFkI	DDmDlqwtJgXN	com.google.common.util.concurrent.
string	uc.iUt.wDOFkI	ESxO	isBackgroundThread
string	uc.iUt.wDOFkI	FeapIeAskQ	android.permission.ACCESS_FINE_LOCATION
string	uc.iUt.wDOFkI	Ffjo	
string	uc.iUt.wDOFkI	GfRL	TabLayout
string	uc.iUt.wDOFkI	HXaG	center_y
string	uc.iUt.wDOFkI	HeAosZtXj	config_last_modified_time
string	uc.iUt.wDOFkI	KeLsyRfTmisW	transitionPathRotate
string	uc.iUt.wDOFkI	KqQXhioANsv	consider_views
string	uc.iUt.wDOFkI	KsKZa	Unable to invoke no-args constructor of 
string	uc.iUt.wDOFkI	KyEuvXVAn	, 
string	uc.iUt.wDOFkI	MbNHTjczO	SpecialTask
string	uc.iUt.wDOFkI	NEmAJ	Grant
string	uc.iUt.wDOFkI	OczKy	GH
string	uc.iUt.wDOFkI	OkdJJ	EXTRA_WORK_SPEC_GENERATION
string	uc.iUt.wDOFkI	OxDuJyBZhgLzAga	, pid=
string	uc.iUt.wDOFkI	PvvZnCrhcrUze	USER_DATA
string	uc.iUt.wDOFkI	SraSYGLF	material/shop
string	uc.iUt.wDOFkI	TuuOgTMXMqEgn	key_seven_day_guide
string	uc.iUt.wDOFkI	Uck	UPDATE global_log_event_state SET last_metrics_upload_ms=
string	uc.iUt.wDOFkI	VYpxcPb	WMFgUpdater
string	uc.iUt.wDOFkI	WDhqzEFZvnf	is_completed == false
string	uc.iUt.wDOFkI	WhwMcufmG	toString
string	uc.iUt.wDOFkI	XUnICvjaA	Cannot update primary key property '
string	uc.iUt.wDOFkI	XdI	Unable to log.
string	uc.iUt.wDOFkI	ZvBPggTrHZ	cornerViewImpl
string	uc.iUt.wDOFkI	aDpiNaxlOYgiVV	
string	uc.iUt.wDOFkI	bMhWzrUsblWJgtG	Not implemented
string	uc.iUt.wDOFkI	cpmdvYgoeZH	name
string	uc.iUt.wDOFkI	dWKJMAAt	Purchase verification aborted because verification callback is null
string	uc.iUt.wDOFkI	jbB	null cannot be cast to non-null type android.view.ViewGroup.MarginLayoutParams
string	uc.iUt.wDOFkI	jhGb	Unsupported type: 
string	uc.iUt.wDOFkI	kRO	getOverriddenDescriptors
string	uc.iUt.wDOFkI	kuIZASEcot	woods_f
string	uc.iUt.wDOFkI	lGvYxWom	ALTER TABLE apps ADD COLUMN daily_realtime_events_count INTEGER;
string	uc.iUt.wDOFkI	nJKKvZVsfXryXo	backoff_delay_duration
string	uc.iUt.wDOFkI	naWJbxh	null cannot be cast to non-null type android.view.ViewGroup.MarginLayoutParams
string	uc.iUt.wDOFkI	oiPbOPHmlPHybE	volume
string	uc.iUt.wDOFkI	rBfWQSphVYXvZD	(
string	uc.iUt.wDOFkI	rPfOaiekO	expired_event_name
string	uc.iUt.wDOFkI	rdps	, textSkewX=
string	uc.iUt.wDOFkI	rlcFPB	binding
string	uc.iUt.wDOFkI	sssI	is_create
string	uc.iUt.wDOFkI	ubIrHb	, but package was not 
string	uc.iUt.wDOFkI	wyqzlmGyCyRw	home_guide.json
string	uc.iUt.wDOFkI	xwemFrBHhuldMcY	image/png
string	uc.iUt.wDOFkI	ziwhvpqJhwx	, transcodeClass=
string	v8.sej.hxTFwxmQo	GsgFHuYtJEreqjn	null cannot be cast to non-null type android.view.ViewGroup.MarginLayoutParams
string	v8.sej.hxTFwxmQo	ISTBCJyCjeQWgtM	getDirectory
string	v8.sej.hxTFwxmQo	JEuqrjWnWJ	Acidente inesperado
string	v8.sej.hxTFwxmQo	JdABLK	null cannot be cast to non-null type android.view.ViewGroup.MarginLayoutParams
string	v8.sej.hxTFwxmQo	PIcx	key_goal_entity
string	v8.sej.hxTFwxmQo	RtLoHPaiZDpg	no-bok
string	v8.sej.hxTFwxmQo	SqRfiMLZJYI	my_journey_bottom.json
string	v8.sej.hxTFwxmQo	TIRWOmfuLZgxIKH	TCOM
string	v8.sej.hxTFwxmQo	VxYqGIEFq	null cannot be cast to non-null type android.view.ViewGroup.LayoutParams
string	v8.sej.hxTFwxmQo	VyMmKmNcCa	hamster_thumb_
string	v8.sej.hxTFwxmQo	WSAABLjZVdu	argument
string	v8.sej.hxTFwxmQo	XLDTaaeBD	User property not set since app measurement is disabled
string	v8.sej.hxTFwxmQo	XuGsPHZFyl	restoreAllState: back stack #
string	v8.sej.hxTFwxmQo	ZTJUEyo	appid
string	v8.sej.hxTFwxmQo	ZcgJOe	Missing required view with ID: 
string	v8.sej.hxTFwxmQo	cmm	, desc_fr=
string	v8.sej.hxTFwxmQo	dAACERPOhrHPz	]
string	v8.sej.hxTFwxmQo	dbJgwaTkB	#FFFFFF
string	v8.sej.hxTFwxmQo	ebfRkCVTHd	, lastEnqueueTime=
string	v8.sej.hxTFwxmQo	fJbbnbQC	Operation is not supported for read-only collection
string	v8.sej.hxTFwxmQo	fXcRJ	getProperties()Ljava/util/List;
string	v8.sej.hxTFwxmQo	fYzoeDZZfEF	y7.n0
string	v8.sej.hxTFwxmQo	gdsPfMTmtroDv	View is not a binding layout
string	v8.sej.hxTFwxmQo	golF	getFurnitureCache()Lcom/nieruo/healthapp/entity/ShopCacheEntity;
string	v8.sej.hxTFwxmQo	ktIEIo	Token retrieval failed with SecurityException. Will retry token retrieval
string	v8.sej.hxTFwxmQo	lvVwsEDDa	engagement_time_msec
string	v8.sej.hxTFwxmQo	nMCon	ACTION_WATER_CLICK
string	v8.sej.hxTFwxmQo	nMTUh	97bd07f5307f595b0b0bc920fb0722
string	v8.sej.hxTFwxmQo	ptWTOmK	. Dropping.
string	v8.sej.hxTFwxmQo	soyUAAnjLl	Unexpected value type: 
string	v8.sej.hxTFwxmQo	sqcCn	trustManager
string	v8.sej.hxTFwxmQo	srsBpWOS	getType()I
string	v8.sej.hxTFwxmQo	suylcVIAeAs	call to 'resume' before 'invoke' with coroutine
string	v8.sej.hxTFwxmQo	tFX	Motion easing control point value must be between 0 and 1; instead got: 
string	v8.sej.hxTFwxmQo	tJxZkn	
string	v8.sej.hxTFwxmQo	tsnM	kotlin/reflect/jvm/internal/impl/descriptors/impl/AbstractClassDescriptor
string	v8.sej.hxTFwxmQo	tyzfOU	AndroidAppInfo.sdkVersion is null
string	v8.sej.hxTFwxmQo	uIl	objectId
string	v8.sej.hxTFwxmQo	vdMaDBwoy	ExceptionHandler
string	v8.sej.hxTFwxmQo	vjgWaqgbuFN	 is already marked as complete.
string	v8.sej.hxTFwxmQo	xCWMEkgut	, petName=
string	v8.sej.hxTFwxmQo	ywUrwNvtly	desc
string	xb.wh.pHnsobp	AAhNf	ByteString would be too long: 
string	xb.wh.pHnsobp	AGbd	0_auth_logger_id
string	xb.wh.pHnsobp	AghaZLxEvTVoe	Missing required view with ID: 
string	xb.wh.pHnsobp	AiKtFJTGW	HttpUrlPinger
string	xb.wh.pHnsobp	GMWTKXVoY	android.permission.READ_MEDIA_IMAGES
string	xb.wh.pHnsobp	IOxMBEdBNfX	applicationContext
string	xb.wh.pHnsobp	JiQihNAWAnQeAE	darkmagenta
string	xb.wh.pHnsobp	LSLoJf	; visible: 
string	xb.wh.pHnsobp	OMFIKqjZXZoFV	#48484A
string	xb.wh.pHnsobp	OdfPrsxviYW	Path parameter "
string	xb.wh.pHnsobp	SoldQcf	AnrReport
string	xb.wh.pHnsobp	TTO	RLM_ERR_SERVICE_ALREADY_EXISTS
string	xb.wh.pHnsobp	VfmTScBxPhZnc	child_category_id
string	xb.wh.pHnsobp	WaPtLnaGTvGO	message_id
string	xb.wh.pHnsobp	WnIFIeC	sinkBuffer
string	xb.wh.pHnsobp	XzxTdNvgXLDmTlo	is24hour
string	xb.wh.pHnsobp	ZKu	audio/mp4a-latm
string	xb.wh.pHnsobp	agOOFyQqPvGOPa	admob_app_id
string	xb.wh.pHnsobp	dHBXpNuoSb	androidx.window.extensions.WindowExtensionsProvider
string	xb.wh.pHnsobp	fawNlwRimFKy	DB_POINTER
string	xb.wh.pHnsobp	iLiV	 is not available on this device. Connection failed with: 
string	xb.wh.pHnsobp	jMkqgba	icon_cat_102
string	xb.wh.pHnsobp	jQqgVGKFE	Factory[type=
string	xb.wh.pHnsobp	jSml	border_
string	xb.wh.pHnsobp	jXVKzODaup	 
string	xb.wh.pHnsobp	kAGOFXGXHtkK	measurement.upload.max_batch_size
string	xb.wh.pHnsobp	kBvjRlAszop	call to 'resume' before 'invoke' with coroutine
string	xb.wh.pHnsobp	lUjQYYbchzYPP	adjust.preinstall.path
string	xb.wh.pHnsobp	nxITnGMVllahA	daily_public_events_count
string	xb.wh.pHnsobp	pqgjOYe	No myUserId method available
string	xb.wh.pHnsobp	rPEGRaX	SpecialEffectsController: Enqueuing add operation for fragment 
string	xb.wh.pHnsobp	reFvZoqLmPYTtj	 = 
string	xb.wh.pHnsobp	sMDlXJ	Statement is not an evaluated entity
string	xb.wh.pHnsobp	sgWtbL	Icon(typ=
string	xb.wh.pHnsobp	sujzPWzbKlDh	Tcf preferences read
string	xb.wh.pHnsobp	swnvMpyID	    verticalBias
string	xb.wh.pHnsobp	uuLG	getOriginal
string	xb.wh.pHnsobp	uxwWkQukYpNeEaN	focus
string	xb.wh.pHnsobp	vcBkwnVpc	#E0C9F5
string	xb.wh.pHnsobp	wbHz	thumbnail_name
string	xb.wh.pHnsobp	xwbcRLUx	Error code 
string	xb.wh.pHnsobp	ymXshKEdHq	97bd07f1487f595b0b0bc920fb0722
string	y0.xW.DDWvsgdi	BAwSCuOgWF	capacity must be non-negative.
string	y0.xW.DDWvsgdi	CwyLERPfqRizo	  mHost=
string	y0.xW.DDWvsgdi	DOXndMobcHu	_no
string	y0.xW.DDWvsgdi	GajAHvaEMKhzRXw	EXCEPTION
string	y0.xW.DDWvsgdi	HdSNNd	select count(1) > 0 from raw_events where realtime = 1
string	y0.xW.DDWvsgdi	JTaQqp	 
string	y0.xW.DDWvsgdi	LxTHcnqHqeZd	Cannot update primary key property '
string	y0.xW.DDWvsgdi	MmsdCz	Message was missing required fields.  (Lite runtime could not determine which fields were missing).
string	y0.xW.DDWvsgdi	OkHNYtmmiIw	_lastInstallTime
string	y0.xW.DDWvsgdi	PpZGtvrN	furniture_type
string	y0.xW.DDWvsgdi	SGwLJIALv	id
string	y0.xW.DDWvsgdi	VYXbfMzbK	  Filter did not match: 
string	y0.xW.DDWvsgdi	WpufVF	sleep_alram_clock_dt
string	y0.xW.DDWvsgdi	ZSkvxsUAb	FALSE
string	y0.xW.DDWvsgdi	ZwpcBK	LAST_PRESENT
string	y0.xW.DDWvsgdi	aBzcAO	startConnection
string	y0.xW.DDWvsgdi	aRCbFZnVjRO	DOUBLE
string	y0.xW.DDWvsgdi	aixPS	audio
string	y0.xW.DDWvsgdi	eBOSHKEvhpfD	key_shop_coin_gift
string	y0.xW.DDWvsgdi	emXBTSawjpRk	Serif
string	y0.xW.DDWvsgdi	gMfCUHevygyGW	kotlinx.datetime.TimeBased
string	y0.xW.DDWvsgdi	hEcouoFoC	zzab
string	y0.xW.DDWvsgdi	ikRfJhK	color
string	y0.xW.DDWvsgdi	iwwrsFtpXe	CodedOutputStream was writing to a flat byte array and ran out of space.: 
string	y0.xW.DDWvsgdi	myhdTedNKEDVE	Key{size=
string	y0.xW.DDWvsgdi	ncrNLZsOe	getKClass()Lorg/jetbrains/kotlin/descriptors/ClassDescriptor;
string	y0.xW.DDWvsgdi	nwJUxkxlXMxKcZ	personalization_metadata_key
string	y0.xW.DDWvsgdi	qVK	getName_fr()Ljava/lang/String;
string	y0.xW.DDWvsgdi	rTpSjOVraaAmWU	Cannot increment metric '%s' for trace '%s' because it's not started
string	y0.xW.DDWvsgdi	szIqbDyJGajn	Purchase verification not available for data residency users right now
string	y0.xW.DDWvsgdi	tJdOmPjWiNBpyoS	delay)
string	y0.xW.DDWvsgdi	uBJrOwQ	 expects only non-negative indices
string	y0.xW.DDWvsgdi	uOfGFnSVxBw	Adjust already in online mode
string	y0.xW.DDWvsgdi	yApyiLdpkJI	MODULE_UNAVAILABLE
string	z5.ET.QGBRvp	BOADlfilHwLhfy	dx
string	z5.ET.QGBRvp	CQsXKLq	TRUEPREDICATE
string	z5.ET.QGBRvp	CeCdXu	ACTION_YOGA_CLICK
string	z5.ET.QGBRvp	DfJTEevLMpgo	RuntimeException while executing runnable 
string	z5.ET.QGBRvp	ETRjpR	ja
string	z5.ET.QGBRvp	FoBzTsSRsdrikb	^(\\d{4}):(\\d{2}):(\\d{2})\\s(\\d{2}):(\\d{2}):(\\d{2})$
string	z5.ET.QGBRvp	IwbV	jumpGuideSubscribePage
string	z5.ET.QGBRvp	IxqOI	initialization_marker
string	z5.ET.QGBRvp	LrYRNYYFNt	at index 
string	z5.ET.QGBRvp	OUJMlReKctghC	cubic(1, 1, 0, 0)
string	z5.ET.QGBRvp	OoAQiud	mood_type
string	z5.ET.QGBRvp	OoJVdY	, name_ja=
string	z5.ET.QGBRvp	PccoGR	%0A
string	z5.ET.QGBRvp	QFOKKdTNd	 >= 
string	z5.ET.QGBRvp	QoPlDAnG	My process not in the list of running processes
string	z5.ET.QGBRvp	RNzx	<no name provided>
string	z5.ET.QGBRvp	TLbpTBmgdfXOCX	subcodes
string	z5.ET.QGBRvp	TXrjgtHAFHf	zzg
string	z5.ET.QGBRvp	TxingOxIkVEA	, name=
string	z5.ET.QGBRvp	ULmKchbambC	middle
string	z5.ET.QGBRvp	VcW	androidx.core:wake:
string	z5.ET.QGBRvp	WcsEz	Adjust
string	z5.ET.QGBRvp	XNCe	Cannot update primary key property '
string	z5.ET.QGBRvp	YmXKOnAdoOjRgRx	getLink()Lcom/nieruo/healthapp/realm/entity/GoalLinkFriend;
string	z5.ET.QGBRvp	ZjiKEH	ThinkingAnalytics.DatabaseAdapter
string	z5.ET.QGBRvp	babS	material/shop
string	z5.ET.QGBRvp	cVmlAeGTrN	Missing required view with ID: 
string	z5.ET.QGBRvp	cvVpOze	Failed to read %s file (%s)
string	z5.ET.QGBRvp	fPcggpzW	sc
string	z5.ET.QGBRvp	gCqDQ	BillingClient
string	z5.ET.QGBRvp	lHVtuVTSFfMdXfB	, width=
string	z5.ET.QGBRvp	lUdrhMbxKs	name_it
string	z5.ET.QGBRvp	lnLjJYAuoxXvTd	is_reason_tag
string	z5.ET.QGBRvp	lvdw	
string	z5.ET.QGBRvp	mFPwzzYmgKiq	_pi
string	z5.ET.QGBRvp	mSrUzCYmKeb	androidx.credentials.TYPE_GET_PUBLIC_KEY_CREDENTIAL_DOM_EXCEPTION/androidx.credentials.TYPE_NOT_READABLE_ERROR
string	z5.ET.QGBRvp	oKLDOpyf	progress
string	z5.ET.QGBRvp	pNmVXcDcQ	call to 'resume' before 'invoke' with coroutine
string	z5.ET.QGBRvp	ptRnC	is_vip
string	z5.ET.QGBRvp	qigSJatnPmPNL	; checked: 
string	z5.ET.QGBRvp	rIfGTty	value
string	z5.ET.QGBRvp	rLbtMptE	Missing required view with ID: 
string	z5.ET.QGBRvp	tnYbffrqYN	..
string	z5.ET.QGBRvp	tyHSQwwiYIK	androidx.activity.result.contract.extra.ACTIVITY_OPTIONS_BUNDLE
string	z5.ET.QGBRvp	uflLhq	moment_jar_guide
string	z5.ET.QGBRvp	vcRHosj	BI
string	z5.ET.QGBRvp	wYtuzlHDRV	subscriptionOfferDetails
string	z5.ET.QGBRvp	wdtiVtfCMZqv	[com.nieruo.core-prefs]
string	z5.ET.QGBRvp	xbRkDXsByhUMgdu	18.2.3
string	z5.ET.QGBRvp	ydJIFavSGSsBRy	k8.n
string	z5.ET.QGBRvp	yvRT	_nmc
string	z5.ET.QGBRvp	zBhTkfzdgOGzLD	----
string	z5.ET.QGBRvp	zNTDBbETOEw	 MUST NOT hold lock on 
string	z5.ET.QGBRvp	zkpiImDWAzf	https://app-measurement.com/s/d
string	z6.GvF.HWUqgiyFAnBkiC	AGaWmnMLJmLkF	WorkContinuationImpl
string	z6.GvF.HWUqgiyFAnBkiC	AtAiSz	TLS_AES_128_CCM_SHA256
string	z6.GvF.HWUqgiyFAnBkiC	BrLquckxanz	getPrimary_key()Lorg/mongodb/kbson/BsonObjectId;
string	z6.GvF.HWUqgiyFAnBkiC	DPlwZ	show_summarize
string	z6.GvF.HWUqgiyFAnBkiC	EMgnoCw	key_category_id
string	z6.GvF.HWUqgiyFAnBkiC	EPtNJn	primary_key
string	z6.GvF.HWUqgiyFAnBkiC	EhXvCi	path
string	z6.GvF.HWUqgiyFAnBkiC	FKO	content
string	z6.GvF.HWUqgiyFAnBkiC	GKGIlgwgKVm	TRUEPREDICATE
string	z6.GvF.HWUqgiyFAnBkiC	HgtmnqsOPcKzF	call to 'resume' before 'invoke' with coroutine
string	z6.GvF.HWUqgiyFAnBkiC	HhfMHSjLMqx	timestamp
string	z6.GvF.HWUqgiyFAnBkiC	LilnJeQguKJpdn	call to 'resume' before 'invoke' with coroutine
string	z6.GvF.HWUqgiyFAnBkiC	LzeV	navigation_bar_gesture_detail_type
string	z6.GvF.HWUqgiyFAnBkiC	MOBfYsGaWAum	
string	z6.GvF.HWUqgiyFAnBkiC	MRFrQtR	Is default app process = 
string	z6.GvF.HWUqgiyFAnBkiC	PwHhBY	GPSSpeedRef
string	z6.GvF.HWUqgiyFAnBkiC	QSP	defaultTracker
string	z6.GvF.HWUqgiyFAnBkiC	QwiqLEbJtLHD	tools
string	z6.GvF.HWUqgiyFAnBkiC	SADOYV	xMaxYMin
string	z6.GvF.HWUqgiyFAnBkiC	TWVky	indexOf
string	z6.GvF.HWUqgiyFAnBkiC	VvrX	\n            Flow exception transparency is violated:\n                Previous 'emit' call has thrown exception 
string	z6.GvF.HWUqgiyFAnBkiC	WNUDWjmnh	mp3_url
string	z6.GvF.HWUqgiyFAnBkiC	WbGgJZlfAsVjZm	entry
string	z6.GvF.HWUqgiyFAnBkiC	XsZLWZjWycpaH	 is already complete or completing, but is being completed with 
string	z6.GvF.HWUqgiyFAnBkiC	Yrnl	/
string	z6.GvF.HWUqgiyFAnBkiC	baqFtGzArEQf	use_count
string	z6.GvF.HWUqgiyFAnBkiC	ctIueraSOXqlI	annotations
string	z6.GvF.HWUqgiyFAnBkiC	geg	TRUEPREDICATE
string	z6.GvF.HWUqgiyFAnBkiC	iGGyBkZJSnShjA	, date=
string	z6.GvF.HWUqgiyFAnBkiC	jBueismxxx	null cannot be cast to non-null type android.widget.LinearLayout.LayoutParams
string	z6.GvF.HWUqgiyFAnBkiC	krjwWPw	ENABLED
string	z6.GvF.HWUqgiyFAnBkiC	lkPqOkSbDe	DELETE FROM download
string	z6.GvF.HWUqgiyFAnBkiC	nGpMbaVShZgp	uid
string	z6.GvF.HWUqgiyFAnBkiC	nHVjbe	output
string	z6.GvF.HWUqgiyFAnBkiC	oJTdOFbNOwS	inapp
string	z6.GvF.HWUqgiyFAnBkiC	sRtTFd	ContentValues
string	z6.GvF.HWUqgiyFAnBkiC	uFMSrJNbDYgV	min
string	z6.GvF.HWUqgiyFAnBkiC	wGaye	<span class='bg_
string	z6.GvF.HWUqgiyFAnBkiC	wrrYK	FUNCTION
string	z6.GvF.HWUqgiyFAnBkiC	wzkxYqCSLXxYO	_
string	z6.GvF.HWUqgiyFAnBkiC	xPDongDWq	theme_color
string	z6.GvF.HWUqgiyFAnBkiC	zjwRAPO	null cannot be cast to non-null type android.view.ViewGroup.LayoutParams
string	z6.GvF.HWUqgiyFAnBkiC	zkfrHKiZrOUPWEj	.svg
