method	O.It.rJyEHcgZn	BfDpC	public static final void com.facebook.CustomTabActivity$c2020060317.onDestroy(com.facebook.CustomTabActivity)
method	O.It.rJyEHcgZn	DBbaafNB	public static final void ipnossoft.rma.free.authentication.FirebaseAuthAppLinkActivity$c2020060317.onCreate(ipnossoft.rma.free.authentication.FirebaseAuthAppLinkActivity,android.os.Bundle)
method	O.It.rJyEHcgZn	QlernzcGApGzza	public static final void com.facebook.CustomTabActivity$c2020060318.onCreate(com.facebook.CustomTabActivity,android.os.Bundle)
method	android.support.v4.graphics.drawable.oZnV.wjfF	FyMDzGzWxNwbj	public static final void com.google.android.play.core.assetpacks.AssetPackExtractionService$c2020060318.onCreate(com.google.android.play.core.assetpacks.AssetPackExtractionService)
method	android.support.v4.graphics.drawable.oZnV.wjfF	PlQmrYqS	public static final void com.google.firebase.auth.internal.RecaptchaActivity$c2020060317.onCreate(com.google.firebase.auth.internal.RecaptchaActivity,android.os.Bundle)
method	android.support.v4.graphics.drawable.oZnV.wjfF	iKc	public static final android.os.IBinder androidx.health.platform.client.impl.sdkservice.HealthDataSdkService$c2020060317.onBind(androidx.health.platform.client.impl.sdkservice.HealthDataSdkService,android.content.Intent)
method	android.support.v4.graphics.drawable.oZnV.wjfF	jhZ	public static final void ipnossoft.rma.free.deepurl.overrideconfig.OverrideConfigActivity$c2020060317.onCreate(ipnossoft.rma.free.deepurl.overrideconfig.OverrideConfigActivity,android.os.Bundle)
method	android.support.v4.graphics.drawable.oZnV.wjfF	uDKQlrbrBm	public static final void com.google.firebase.auth.internal.GenericIdpActivity$c2020060318.onResume(com.google.firebase.auth.internal.GenericIdpActivity)
method	ipnossoft.rma.free.rapidApps.price_slots.di.xFu.nvBqsvLSIf	LKSqlegpfqRwPE	public static final void ipnossoft.rma.free.health.HealthConnectActivity$c2020060317.onCreate(ipnossoft.rma.free.health.HealthConnectActivity,android.os.Bundle)
method	ipnossoft.rma.free.rapidApps.price_slots.di.xFu.nvBqsvLSIf	WlHb	public static final void com.google.firebase.auth.internal.GenericIdpActivity$c2020060317.onCreate(com.google.firebase.auth.internal.GenericIdpActivity,android.os.Bundle)
method	ipnossoft.rma.free.rapidApps.price_slots.di.xFu.nvBqsvLSIf	gRRnUSegxjYS	public static final void ipnossoft.rma.free.RelaxMelodiesActivityFree$c2020060318.onCreate(ipnossoft.rma.free.RelaxMelodiesActivityFree,android.os.Bundle)
method	ipnossoft.rma.free.rapidApps.price_slots.di.xFu.nvBqsvLSIf	lquBAjS	public static final void com.google.firebase.auth.internal.RecaptchaActivity$c2020060318.onResume(com.google.firebase.auth.internal.RecaptchaActivity)
method	m5.UE.zNFl.UpOOWlZBInur	SXEw	public static final android.os.IBinder com.google.android.gms.auth.api.signin.RevocationBoundService$c2020060317.onBind(com.google.android.gms.auth.api.signin.RevocationBoundService,android.content.Intent)
method	m5.UE.zNFl.UpOOWlZBInur	aIvqTXSQf	public static void androidx.activity.ComponentActivity$c2020060317.onCreate(androidx.activity.ComponentActivity,android.os.Bundle)
method	m5.UE.zNFl.UpOOWlZBInur	bRPMVRNCaHrwh	public static final android.os.IBinder com.google.android.play.core.assetpacks.AssetPackExtractionService$c2020060317.onBind(com.google.android.play.core.assetpacks.AssetPackExtractionService,android.content.Intent)
method	m5.UE.zNFl.UpOOWlZBInur	qQgBRXy	public static final void ipnossoft.rma.free.RelaxMelodiesActivityFree$c2020060317.onResume(ipnossoft.rma.free.RelaxMelodiesActivityFree)
string	Cx.wLd.pUhx	BcBHEG	)
string	Cx.wLd.pUhx	BfVdaWeTKVJgviS	getString(...)
string	Cx.wLd.pUhx	BwiUQFRRa	claims
string	Cx.wLd.pUhx	DTYJhcjt	moshi
string	Cx.wLd.pUhx	DVjq	Expected a digit or '-'
string	Cx.wLd.pUhx	EKSE	, purchaseActionListener=
string	Cx.wLd.pUhx	EkUJozl	FILTER_FRAGMENT_TAG
string	Cx.wLd.pUhx	GSUddMvDlukW	GeneratedJsonAdapter(IntakeStatusRequest)
string	Cx.wLd.pUhx	HHqVhPQEIwAdW	call to 'resume' before 'invoke' with coroutine
string	Cx.wLd.pUhx	HmpQndOE	Statement is recycled
string	Cx.wLd.pUhx	JotoSkfbJsBLL	redeemCodeUseCase
string	Cx.wLd.pUhx	JwHUSSxs	intent
string	Cx.wLd.pUhx	NIpAacox	Jun
string	Cx.wLd.pUhx	OEm	insight_light_sleep_average_emotional
string	Cx.wLd.pUhx	OJsUjOheM	app_rate_limit_period_ms
string	Cx.wLd.pUhx	PMswwMerR	Received response for unknown request: 
string	Cx.wLd.pUhx	PfCp	HomeSleepCardsUiState
string	Cx.wLd.pUhx	QhHTMjW	MAP
string	Cx.wLd.pUhx	RraDxgd	basalMetabolicRate
string	Cx.wLd.pUhx	UVWKqjLHjZyIeA	
string	Cx.wLd.pUhx	UzW	2.
string	Cx.wLd.pUhx	VowawDqkvptUg	, useTimeOfDayColor=
string	Cx.wLd.pUhx	XoAhgAIlUJUc	container
string	Cx.wLd.pUhx	YJmRCaM	getString(...)
string	Cx.wLd.pUhx	ZGKZoJet	brainwaveId
string	Cx.wLd.pUhx	ZvW	MindfulnessSessionRecord(startTime=
string	Cx.wLd.pUhx	bXbBeo	initialMinute should be in [0..59] range
string	Cx.wLd.pUhx	brV	null horizontalAlignment when isVertical == false
string	Cx.wLd.pUhx	cXao	purchase-version
string	Cx.wLd.pUhx	dHODioORYOiZYYA	Array has more than one element.
string	Cx.wLd.pUhx	eEwkUxG	+0000
string	Cx.wLd.pUhx	eNAzYVLuHLFWJf	SuggestedContent(id=
string	Cx.wLd.pUhx	fdHJh	closed
string	Cx.wLd.pUhx	gkICxBJzNxmsYC	httpClient
string	Cx.wLd.pUhx	hzZoJdMCOT	easy-read
string	Cx.wLd.pUhx	iApXdPu	null coordinates
string	Cx.wLd.pUhx	ievvgy	value was null! Wrap in .nullSafe() to write nullable values.
string	Cx.wLd.pUhx	jApCAw	Protocol message contained an invalid tag (zero).
string	Cx.wLd.pUhx	lqwcwYkIR	used
string	Cx.wLd.pUhx	lvGyUQb	onExecuted
string	Cx.wLd.pUhx	oMHnWwHQxl	coordinatorLayout
string	Cx.wLd.pUhx	pUNmvrQa	proto
string	Cx.wLd.pUhx	qLaf	, zoneOffset=
string	Cx.wLd.pUhx	qwqNRRBugdCVRjt	Unable to perform any operation on released channel
string	Cx.wLd.pUhx	rPVsVuoDh	Deferred.asListenableFuture
string	Cx.wLd.pUhx	uWfNDIazo	embedded-messaging/events/session
string	Cx.wLd.pUhx	whSwbZAZGs	androidx.activity.result.contract.extra.PERMISSION_GRANT_RESULTS
string	Cx.wLd.pUhx	xBUYTFqNBqQ	'
string	Cx.wLd.pUhx	xCp	thisDescriptor
string	Cx.wLd.pUhx	yiH	Channel 
string	Cx.wLd.pUhx	zldyybvGjXAOgP	Unable to read APP2 segment data, length: 
string	E.ij.XstwJuW	AllaZulKhAhLnr	getApplicationProtocol
string	E.ij.XstwJuW	ERELLNQhwJcay	items
string	E.ij.XstwJuW	HbqxWzg	.inputStream()
string	E.ij.XstwJuW	IcULt	Background requests are disabled
string	E.ij.XstwJuW	JKTjcEEo	animationStateMap
string	E.ij.XstwJuW	KnlShVRwyKuF	migrationContainer
string	E.ij.XstwJuW	LVyg	BUILD_OVERLAYS
string	E.ij.XstwJuW	MErdjJPhjeLCyre	PendingWebCheckoutResponse(success=
string	E.ij.XstwJuW	MhQWSHvAdzrdh	appsflyersdk.com
string	E.ij.XstwJuW	OMGyisugxvUmb	sharedPrefs
string	E.ij.XstwJuW	PJKYVrKB	Firebase-Client-Log-Type
string	E.ij.XstwJuW	PXNRk	sleepScore
string	E.ij.XstwJuW	RjtXPV	: remainingSynchronizationSamples 
string	E.ij.XstwJuW	TKdmdSFAKXYvU	featureManager
string	E.ij.XstwJuW	UbdHTHAwNcU	createaccount
string	E.ij.XstwJuW	UmmNsuAYYQy	, biasStrength=
string	E.ij.XstwJuW	WUoLBNA	, descriptionStyle=
string	E.ij.XstwJuW	XqD	No me ayuda a entender mis problemas de sueno
string	E.ij.XstwJuW	XwQSGCYCVplr	
string	E.ij.XstwJuW	ZWO	Name is too long. Type, maximum supported length, name
string	E.ij.XstwJuW	Zfhcnw	value was null! Wrap in .nullSafe() to write nullable values.
string	E.ij.XstwJuW	bIZuwzXsAnUSS	RegistrationSynced
string	E.ij.XstwJuW	diCIYnkeHBF	Unable to invoke Handler(Looper, Callback, boolean) constructor
string	E.ij.XstwJuW	fdloVzuAn	credential cannot be null
string	E.ij.XstwJuW	gXXs	TIME_SINCE_USER_WAS_ON_PAGE_KEY
string	E.ij.XstwJuW	iOlyGKuIPsaxb	com.google.firebase.iid.WakeLockHolder.wakefulintent
string	E.ij.XstwJuW	keeknUd	 and maxLines 
string	E.ij.XstwJuW	ksVbuLRQZEpaeAC	RS blocks mismatch
string	E.ij.XstwJuW	lqBkuHcGlmjm	instagram_login
string	E.ij.XstwJuW	nGq	cancelBackStackTransition for transition 
string	E.ij.XstwJuW	oqoVzpB	out
string	E.ij.XstwJuW	oztI	win
string	E.ij.XstwJuW	pFhAJjysZrUUAw	requestedScopes cannot be null or empty
string	E.ij.XstwJuW	pStDkibRf	sleepTrackerSelectedDateManager
string	E.ij.XstwJuW	peqq	AdvertisingIdClient already created.
string	E.ij.XstwJuW	pkCnrmBixPaQUt	LocationResult
string	E.ij.XstwJuW	pwThNLpXjFFwMUj	Input attitude array should be of length 4.
string	E.ij.XstwJuW	qLnnJn	answersIds
string	E.ij.XstwJuW	rItUbYkygXNk	s
string	E.ij.XstwJuW	tDSBDYCqHAUD	key
string	E.ij.XstwJuW	teuAfOXA	format(...)
string	E.ij.XstwJuW	wqyGDyel	LONG
string	E.ij.XstwJuW	xiBMrCwAInIRP	mixerPlayPauseAndTimerBox
string	E.ij.XstwJuW	zyIgjWnVlTXs	provideRecorderDefaultTimerInMinutes
string	Gg.BQ.PKAtknAGrU	BjITHqJja	TLS_DHE_DSS_WITH_AES_256_CBC_SHA256
string	Gg.BQ.PKAtknAGrU	CCWbUQTeHL	<this>
string	Gg.BQ.PKAtknAGrU	CmLQPZdSa	none
string	Gg.BQ.PKAtknAGrU	GKZvSMkfPYJGVqc	sleep_notes_v2_summary_
string	Gg.BQ.PKAtknAGrU	GcxNviatazzCK	RollingThunder
string	Gg.BQ.PKAtknAGrU	INXPiio	TLS_DHE_RSA_WITH_AES_128_CBC_SHA256
string	Gg.BQ.PKAtknAGrU	IvZmHNXdLziwLLB	descriptor
string	Gg.BQ.PKAtknAGrU	LHOyuBVriLp	, opacity=
string	Gg.BQ.PKAtknAGrU	LfNOfWSZUE	Cannot pool recycled bitmap
string	Gg.BQ.PKAtknAGrU	LkxNQJrkH	DynamicState(showBottomSheet=
string	Gg.BQ.PKAtknAGrU	NNjMqzgUE	isSmart
string	Gg.BQ.PKAtknAGrU	NrUngPBfF	avatars
string	Gg.BQ.PKAtknAGrU	QCnJCpEAt	FireCrackles
string	Gg.BQ.PKAtknAGrU	QFdqEXwUVO	POLYMORPHIC
string	Gg.BQ.PKAtknAGrU	RjWrwvSyG	writer
string	Gg.BQ.PKAtknAGrU	YPgCqSIP	logger
string	Gg.BQ.PKAtknAGrU	YeoB	The app ID (
string	Gg.BQ.PKAtknAGrU	aNCSwZtCNT	NaN
string	Gg.BQ.PKAtknAGrU	aVZTWnmpwmgR	<set-?>
string	Gg.BQ.PKAtknAGrU	bmsfel	playerStatePersister
string	Gg.BQ.PKAtknAGrU	cLBKDr	PING must not fragment across frames
string	Gg.BQ.PKAtknAGrU	cbhQUt	insight_score_description
string	Gg.BQ.PKAtknAGrU	dxbBwSHDPZXlf	visitLocalAncestors called on an unattached node
string	Gg.BQ.PKAtknAGrU	ehbbPhdPyh	member
string	Gg.BQ.PKAtknAGrU	ehcnpR	used
string	Gg.BQ.PKAtknAGrU	fTCKEOTnnQ	 for value "
string	Gg.BQ.PKAtknAGrU	gkaBJ	Setting thumbnail attributes with offset: 
string	Gg.BQ.PKAtknAGrU	hMvM	contentComingSoonProvider
string	Gg.BQ.PKAtknAGrU	iCPelbgGSFmp	isNegative()Ljava/lang/Boolean;
string	Gg.BQ.PKAtknAGrU	iGLhx	lock
string	Gg.BQ.PKAtknAGrU	iNlfYGdGzrgDJj	ADMIN
string	Gg.BQ.PKAtknAGrU	mPOXyogACoXfSN	UpdateFavorite(favoriteIds=
string	Gg.BQ.PKAtknAGrU	qXQOzD	)
string	Gg.BQ.PKAtknAGrU	rCJum	goal_relax_and_unwind
string	Gg.BQ.PKAtknAGrU	rYwPb	onSaveInstanceState(...)
string	Gg.BQ.PKAtknAGrU	saHqomvgSPEc	offerPosition
string	Gg.BQ.PKAtknAGrU	skBcbFWjjQQ	getString(...)
string	Gg.BQ.PKAtknAGrU	wRBQdshMseRktDk	Invalid feature flags context
string	Gg.BQ.PKAtknAGrU	xSTHCdPEDuQ	America/Los_Angeles
string	Gg.BQ.PKAtknAGrU	zejKRxxRolcnJtC	)
string	Gg.BQ.PKAtknAGrU	zfIrNNtFbW	
string	H.nfrY.NGBNOciZKbTz	AxgeaI	platform method missing - proto runtime falling back to safer methods: 
string	H.nfrY.NGBNOciZKbTz	CDwtgNz	authType
string	H.nfrY.NGBNOciZKbTz	DFu	Fetching Firebase App Instance ID took 
string	H.nfrY.NGBNOciZKbTz	ECD	FIREFLIES
string	H.nfrY.NGBNOciZKbTz	EPFhlrrWxkxTizK	other
string	H.nfrY.NGBNOciZKbTz	EocwcgIlgi	_deviceModel
string	H.nfrY.NGBNOciZKbTz	GiczzPutkMxfbqI	UNKNOWN
string	H.nfrY.NGBNOciZKbTz	HDONTzKpdDJ	 : Binder has died.
string	H.nfrY.NGBNOciZKbTz	IzL	userInfo
string	H.nfrY.NGBNOciZKbTz	Kaba	, action=
string	H.nfrY.NGBNOciZKbTz	OfUkKgukXFf	id
string	H.nfrY.NGBNOciZKbTz	Qhw	 - 
string	H.nfrY.NGBNOciZKbTz	SOIbKZHCzhU	avatarType
string	H.nfrY.NGBNOciZKbTz	SkCDmCMLFVej	backEvent
string	H.nfrY.NGBNOciZKbTz	UgzcicgCbz	FLOAT_LIST_PACKED
string	H.nfrY.NGBNOciZKbTz	WmDjiONFYoJ	tenantId
string	H.nfrY.NGBNOciZKbTz	ZOKJBmOZ	, platform=
string	H.nfrY.NGBNOciZKbTz	bKYcRQipRda	call to 'resume' before 'invoke' with coroutine
string	H.nfrY.NGBNOciZKbTz	cjTDJtGmtRnzFF	pornking
string	H.nfrY.NGBNOciZKbTz	ddBLqqOQC	nx.FromUser
string	H.nfrY.NGBNOciZKbTz	eUzpCTpy	call to 'resume' before 'invoke' with coroutine
string	H.nfrY.NGBNOciZKbTz	epNrbeYhoYmQH	 manufacturer
string	H.nfrY.NGBNOciZKbTz	jLUEOtYHMya	cols_
string	H.nfrY.NGBNOciZKbTz	jrhltiufsSELgqm	encryption failed; GCM tag must be 16 bytes, but got only 
string	H.nfrY.NGBNOciZKbTz	jsuXiWV	call was cancelled
string	H.nfrY.NGBNOciZKbTz	kCVkTmRNB	blue
string	H.nfrY.NGBNOciZKbTz	lbIwrcQcR	, isAddToPlaylistEnabled=
string	H.nfrY.NGBNOciZKbTz	mAgRIf	$this$constrainAs
string	H.nfrY.NGBNOciZKbTz	mlor	alarmDataStore
string	H.nfrY.NGBNOciZKbTz	nJnaLr	Unexpected end of input: yet to parse '
string	H.nfrY.NGBNOciZKbTz	nnNtSdGSfsov	callback
string	H.nfrY.NGBNOciZKbTz	pxoRRnqkBibKFQ	fLaC
string	H.nfrY.NGBNOciZKbTz	qfgYMYmVPTndwOz	get
string	H.nfrY.NGBNOciZKbTz	qiJbGtYhLsJCo	call to 'resume' before 'invoke' with coroutine
string	H.nfrY.NGBNOciZKbTz	rMEl	PulsingBass
string	H.nfrY.NGBNOciZKbTz	rUYbEViDwm	Unexpected TLS version: 
string	H.nfrY.NGBNOciZKbTz	rrkBLhNbYo	Params(routineId=
string	H.nfrY.NGBNOciZKbTz	sAxgzn	, 
string	H.nfrY.NGBNOciZKbTz	sSLjJQ	call to 'resume' before 'invoke' with coroutine
string	H.nfrY.NGBNOciZKbTz	shuzkIt	nolinethrough
string	H.nfrY.NGBNOciZKbTz	uhDFgGcKWGSvZI	buffer
string	H.nfrY.NGBNOciZKbTz	vzkJoikUxlyUct	api_store_value
string	H.nfrY.NGBNOciZKbTz	zjEQh	call to 'resume' before 'invoke' with coroutine
string	Ht.ilnB.gCINtZJK	AFfTwBpGhYGkQRE	]
string	Ht.ilnB.gCINtZJK	AqEJFsRnaQZz	Tried to deserialize invalid key %s
string	Ht.ilnB.gCINtZJK	BOiwHiuO	it
string	Ht.ilnB.gCINtZJK	BXObP	sourceUnit
string	Ht.ilnB.gCINtZJK	CAjniJhoOKq	enumDescriptor
string	Ht.ilnB.gCINtZJK	CCgEoKETScYcUzL	area
string	Ht.ilnB.gCINtZJK	CwotXEi	InlineClassRepresentation(underlyingPropertyName=
string	Ht.ilnB.gCINtZJK	DTD	location
string	Ht.ilnB.gCINtZJK	EBzo	android.hardware.type.television
string	Ht.ilnB.gCINtZJK	FFEG	toLowerCase(...)
string	Ht.ilnB.gCINtZJK	FIM	toString(...)
string	Ht.ilnB.gCINtZJK	FSNUqMd	com.google.android.gms.common.internal.ClientSettings.sessionId
string	Ht.ilnB.gCINtZJK	JBaQphyNoAdf	rawresource:///
string	Ht.ilnB.gCINtZJK	KLZadTMADTfq	)
string	Ht.ilnB.gCINtZJK	LJcyt	Exception must not be null
string	Ht.ilnB.gCINtZJK	OXbTJXfbWChZlbc	onClick
string	Ht.ilnB.gCINtZJK	Oaxpb	wellhubApi
string	Ht.ilnB.gCINtZJK	OkV	imageUrl
string	Ht.ilnB.gCINtZJK	PcNXwg	Client is already in the process of connecting to billing service.
string	Ht.ilnB.gCINtZJK	PeaOZdnfjz	channel
string	Ht.ilnB.gCINtZJK	RDNpKEfGfif	intent
string	Ht.ilnB.gCINtZJK	RnbSZNCIc	LazyJavaPackageFragmentProvider of module 
string	Ht.ilnB.gCINtZJK	RoPnXpKOSEBW	\\"
string	Ht.ilnB.gCINtZJK	SqMbDZrVZ	app
string	Ht.ilnB.gCINtZJK	TCzEgc	state$volatile
string	Ht.ilnB.gCINtZJK	UXj	tooltip
string	Ht.ilnB.gCINtZJK	VSUgAOCRuMoAz	SimpleGraphicsLayerModifier(scaleX=
string	Ht.ilnB.gCINtZJK	VZzgRnagmvVuYPB	required_network_request
string	Ht.ilnB.gCINtZJK	VhitKuFwVQuG	TOGGLE DEBUG
string	Ht.ilnB.gCINtZJK	VmZuvgZox	--
string	Ht.ilnB.gCINtZJK	VtnHh	zzg
string	Ht.ilnB.gCINtZJK	XiwlmP	variantId
string	Ht.ilnB.gCINtZJK	YWGWkrxH	ConstraintsNotMet(reason=
string	Ht.ilnB.gCINtZJK	YlspeWrqvW	<this>
string	Ht.ilnB.gCINtZJK	Zhawa	Pin should not be called on an already disposed item 
string	Ht.ilnB.gCINtZJK	bbLpS	h:mma
string	Ht.ilnB.gCINtZJK	cseeeTlHuWQXOr	pushes: initializing pushes history..
string	Ht.ilnB.gCINtZJK	emDQVqdr	decoder
string	Ht.ilnB.gCINtZJK	hBIUcOF	Failed to find a trusted cert that signed 
string	Ht.ilnB.gCINtZJK	irKXsUyWKu	appId
string	Ht.ilnB.gCINtZJK	jAUuI	TLSv1.1
string	Ht.ilnB.gCINtZJK	jYdZFYOqszqWmMt	 quantize
string	Ht.ilnB.gCINtZJK	mJVPYRg	)
string	Ht.ilnB.gCINtZJK	rNav	F
string	Ht.ilnB.gCINtZJK	rrfIxBhyKrowJEI	ANDREW_GREEN
string	Ht.ilnB.gCINtZJK	sGsRR	extractMainMediaStreamingStats
string	Ht.ilnB.gCINtZJK	sTjlCLFGC	Names must be non-null
string	Ht.ilnB.gCINtZJK	tAEFZqkCq	applyFocusProperties called on wrong node
string	Ht.ilnB.gCINtZJK	vVoGTxnA	
string	Ht.ilnB.gCINtZJK	xTMHrQKlIVW	width and height must be >= 0
string	Ht.ilnB.gCINtZJK	yrIJBnoUWWXGP	name
string	Iw.kcg.qqAjYyltUdCMkc	CsRvDBBu	# 
string	Iw.kcg.qqAjYyltUdCMkc	CzmzZxfMCK	{
string	Iw.kcg.qqAjYyltUdCMkc	FbbGSilUblJCt	steps
string	Iw.kcg.qqAjYyltUdCMkc	FikDwyspnqJ	enableRecentlyPlayedPersistence
string	Iw.kcg.qqAjYyltUdCMkc	FxJZvwFMwqiLKXd	insight_total_sleep_time_strong_physical
string	Iw.kcg.qqAjYyltUdCMkc	IreoRHLRrR	_is_fb_codeless
string	Iw.kcg.qqAjYyltUdCMkc	IrfLnvBgQrOoTY	int
string	Iw.kcg.qqAjYyltUdCMkc	IySCU	, conditions=
string	Iw.kcg.qqAjYyltUdCMkc	JKb	^(\\d{2}):(\\d{2}):(\\d{2})$
string	Iw.kcg.qqAjYyltUdCMkc	JYDk	arrayIndexScale
string	Iw.kcg.qqAjYyltUdCMkc	JmxnIVawm	getContentType(...)
string	Iw.kcg.qqAjYyltUdCMkc	LSN	default
string	Iw.kcg.qqAjYyltUdCMkc	Mwofv	The request contains an invalid ReCAPTCHA version.
string	Iw.kcg.qqAjYyltUdCMkc	NLXltVZLFDicsi	\\|
string	Iw.kcg.qqAjYyltUdCMkc	Ncn	Null directionalValue
string	Iw.kcg.qqAjYyltUdCMkc	OCa	transition_animation_scale
string	Iw.kcg.qqAjYyltUdCMkc	PPeSxIjMqcjpa	replaceAll(...)
string	Iw.kcg.qqAjYyltUdCMkc	PVuSgyaBvYHemY	property
string	Iw.kcg.qqAjYyltUdCMkc	QPhk	Entry(x=
string	Iw.kcg.qqAjYyltUdCMkc	QjGaP	, dismissOnAction=
string	Iw.kcg.qqAjYyltUdCMkc	RMYFSNlDjTokYZZ	GeneratedJsonAdapter(FeedShortcutCarouselContent)
string	Iw.kcg.qqAjYyltUdCMkc	SVfqIrN	PAYWALL_FORCED
string	Iw.kcg.qqAjYyltUdCMkc	TvXieTnjWoZW	
string	Iw.kcg.qqAjYyltUdCMkc	XbAvzWoH	Reset analytics data. app, records
string	Iw.kcg.qqAjYyltUdCMkc	XjNKsZISr	migrationsNotRequiredFrom
string	Iw.kcg.qqAjYyltUdCMkc	ZQDtcM	progress
string	Iw.kcg.qqAjYyltUdCMkc	bWB	, androidAppInfo=
string	Iw.kcg.qqAjYyltUdCMkc	eXhCD	\\n
string	Iw.kcg.qqAjYyltUdCMkc	elX	sleepComponents
string	Iw.kcg.qqAjYyltUdCMkc	gQU	Client does not support user choice billing.
string	Iw.kcg.qqAjYyltUdCMkc	hhb	negro's
string	Iw.kcg.qqAjYyltUdCMkc	iFjwzyAwRkgY	logMissingMethod
string	Iw.kcg.qqAjYyltUdCMkc	jPNTcQxKmL	SERVICE_DISABLED
string	Iw.kcg.qqAjYyltUdCMkc	kRY	$ae_updated_version
string	Iw.kcg.qqAjYyltUdCMkc	mZVi	call to 'resume' before 'invoke' with coroutine
string	Iw.kcg.qqAjYyltUdCMkc	nybi	UPGRADE_SOUNDS
string	Iw.kcg.qqAjYyltUdCMkc	srVneMdiDBHM	reportLevelAfter
string	Iw.kcg.qqAjYyltUdCMkc	tYYZlvgClzLYHz	specimenSource
string	Iw.kcg.qqAjYyltUdCMkc	tZcTyQJiXCZMja	, validation=
string	Iw.kcg.qqAjYyltUdCMkc	xNHX	iris60
string	Iw.kcg.qqAjYyltUdCMkc	xrkhEkerJ	Filled
string	KA.jNC.wBxsSzLI	AbMB	settings_version
string	KA.jNC.wBxsSzLI	AuqYlsy	recorderClipPlayerWidget
string	KA.jNC.wBxsSzLI	Axb	LAUNCH_BILLING_FLOW
string	KA.jNC.wBxsSzLI	AyEJCvoPEZq	touch
string	KA.jNC.wBxsSzLI	BLwPijy	getAbly(): returning Ably instance using deviceIdentityToken
string	KA.jNC.wBxsSzLI	BidnqLDaoq	lowerBound
string	KA.jNC.wBxsSzLI	EnQHjov	", "
string	KA.jNC.wBxsSzLI	IAWLhzkb	componentId
string	KA.jNC.wBxsSzLI	IBUpndEtvjY	
string	KA.jNC.wBxsSzLI	IikVopaiuKlcRD	Ignoring exception
string	KA.jNC.wBxsSzLI	IwdTLneET	id
string	KA.jNC.wBxsSzLI	JpJq	iconName
string	KA.jNC.wBxsSzLI	KTerOwumhuexe	q
string	KA.jNC.wBxsSzLI	OiDhZ	call to 'resume' before 'invoke' with coroutine
string	KA.jNC.wBxsSzLI	PGnkdspPS	intercom-sdk-flutter
string	KA.jNC.wBxsSzLI	PghQZjSAsNk	, bottom=
string	KA.jNC.wBxsSzLI	PnhWvTJSRsNgfIZ	Received event of unsupported encoding 
string	KA.jNC.wBxsSzLI	RFP	other
string	KA.jNC.wBxsSzLI	SFXW	LocalUriHandler
string	KA.jNC.wBxsSzLI	SSYTPJwRrcpDrEN	clazz
string	KA.jNC.wBxsSzLI	ThIidURsmmy	chickadee
string	KA.jNC.wBxsSzLI	USI	bedtimeStoryRepository
string	KA.jNC.wBxsSzLI	YVAsPflb	, appName=
string	KA.jNC.wBxsSzLI	YlKokl	invalid weight; must be greater than zero
string	KA.jNC.wBxsSzLI	bhejnFtfZHjpq	call to 'resume' before 'invoke' with coroutine
string	KA.jNC.wBxsSzLI	cMtxsW	fallbackPollingUseCase
string	KA.jNC.wBxsSzLI	ecWJCMjiir	chain
string	KA.jNC.wBxsSzLI	epDvy	MixRecommendation(soundId=
string	KA.jNC.wBxsSzLI	hSrCYwi	error_code
string	KA.jNC.wBxsSzLI	jevYyRYUKbB	Horizontal(menuAlignment=
string	KA.jNC.wBxsSzLI	ldAXbWpooTvtd	preloadWebCheckoutSessions
string	KA.jNC.wBxsSzLI	odYhazj	)
string	KA.jNC.wBxsSzLI	qgebSpDOnHQN	DM_SCREENLOCK_REQUIRED
string	KA.jNC.wBxsSzLI	rlTKiGxMUS	, maxTokensBeforeCompact=
string	KA.jNC.wBxsSzLI	tzx	newAppConfig
string	KA.jNC.wBxsSzLI	vjMlg	sleepTrackerObservable
string	KA.jNC.wBxsSzLI	xSpzDEKHJGTv	$this$LazyColumn
string	Mq.nm.dafk	AwmWzSHBXEt	PAGE_COMPLETED_
string	Mq.nm.dafk	CHetD	$this$single
string	Mq.nm.dafk	DsJqKmqd	content-language
string	Mq.nm.dafk	FpG	, userStatus=
string	Mq.nm.dafk	GIvxV	COMPLETE
string	Mq.nm.dafk	HJCKn	transactionWrapper
string	Mq.nm.dafk	HsMlFGtNJLKLaO	rotationRate
string	Mq.nm.dafk	IPbUn	call to 'resume' before 'invoke' with coroutine
string	Mq.nm.dafk	JFpbcxPVvpArMN	af_mp
string	Mq.nm.dafk	JaR	connection
string	Mq.nm.dafk	McSNq	titleSize
string	Mq.nm.dafk	NOcwcfaDyd	A @Url parameter must not come after a @QueryName.
string	Mq.nm.dafk	OugHtHChE	login_with_facebook
string	Mq.nm.dafk	PcVsjm	null cannot be cast to non-null type androidx.compose.animation.core.Transition<kotlin.Any>
string	Mq.nm.dafk	PuDVHDnTJrZ	0123456789ABCDEF
string	Mq.nm.dafk	Sal	select consent_state, consent_source from consent_settings where app_id=? limit 1;
string	Mq.nm.dafk	UflxLzKHGnP	hasPendingPartnership
string	Mq.nm.dafk	VSgL	selection
string	Mq.nm.dafk	VcQfxdFvA	drawable
string	Mq.nm.dafk	XgF	
string	Mq.nm.dafk	fUMV	, leadingIcon=
string	Mq.nm.dafk	fsr	onChoice
string	Mq.nm.dafk	ivH	$receiver
string	Mq.nm.dafk	jch	onMixerOpen
string	Mq.nm.dafk	jqpNLUJZnsA	MButtonToggleGroup
string	Mq.nm.dafk	kDin	Callbacks must be attached to a ClientConnectionHelper instance before connecting the client.
string	Mq.nm.dafk	kdAudfYAoYotI	, naturalWakeup=
string	Mq.nm.dafk	lGiPsbJzFwOCvG	call to 'resume' before 'invoke' with coroutine
string	Mq.nm.dafk	nLgH	, label=
string	Mq.nm.dafk	ncWBVIstvzfE	device/login_status
string	Mq.nm.dafk	uOnaRFucVMtling	 < 0
string	Mq.nm.dafk	uUbfAjHaAnhS	TLS_DHE_DSS_WITH_CAMELLIA_128_CBC_SHA
string	Mq.nm.dafk	upVXOdESExGds	Null interface
string	Mq.nm.dafk	vlFTyXDYr	The tag for feed_authentication_component is invalid. Received: 
string	Mq.nm.dafk	xTRWPtvLfwLKEZ	paywall
string	NB.HLv.dHTLJckDLa	AdDoEEeTxQu	, error=
string	NB.HLv.dHTLJckDLa	AhLYbsPlN	uiState
string	NB.HLv.dHTLJckDLa	BXSCBsQYjPs	' ns.
string	NB.HLv.dHTLJckDLa	CQg	has_launched_
string	NB.HLv.dHTLJckDLa	CYgcjmP	callContext
string	NB.HLv.dHTLJckDLa	CoSTeBm	childName
string	NB.HLv.dHTLJckDLa	CqsXMbYWiJFG	$
string	NB.HLv.dHTLJckDLa	DQiebXGtL	Unable to parse map entry.
string	NB.HLv.dHTLJckDLa	LYTyuCfs	KEY_NOTIFICATION
string	NB.HLv.dHTLJckDLa	LtENvKwaxyZo	, it=
string	NB.HLv.dHTLJckDLa	LylvLedeknJuwO	*/
string	NB.HLv.dHTLJckDLa	OhAvtMG	kind
string	NB.HLv.dHTLJckDLa	PFUPdOfrdJg	call to 'resume' before 'invoke' with coroutine
string	NB.HLv.dHTLJckDLa	PQECXXcOhoOOzUS	null cannot be cast to non-null type androidx.datastore.preferences.core.MutablePreferences
string	NB.HLv.dHTLJckDLa	QnABYEYSBMaJYce	%032x
string	NB.HLv.dHTLJckDLa	RfDNRf	base
string	NB.HLv.dHTLJckDLa	WcMGPsIZ	suspend
string	NB.HLv.dHTLJckDLa	WivcFp	dir
string	NB.HLv.dHTLJckDLa	WyEPJgV	call to 'resume' before 'invoke' with coroutine
string	NB.HLv.dHTLJckDLa	XbsqvNKlAQaS	 mUserVisibleHint=
string	NB.HLv.dHTLJckDLa	ZFpgdDUiGuaUhE	onClick
string	NB.HLv.dHTLJckDLa	fHfrktqIxyEW	[SuffixTransformer('
string	NB.HLv.dHTLJckDLa	frCVP	reaction_sad
string	NB.HLv.dHTLJckDLa	gLwwIHRdkwl	jugs
string	NB.HLv.dHTLJckDLa	hKfL	failure
string	NB.HLv.dHTLJckDLa	jRdVDAJyAgQ	auto_event_setup_enabled
string	NB.HLv.dHTLJckDLa	jrXrfwg	\n                    |   sourceLoadStates: null\n                    
string	NB.HLv.dHTLJckDLa	kGOWGlhLhaKaH	buildClient must be implemented
string	NB.HLv.dHTLJckDLa	kMILixsatsOZZsj	com.facebook.sdk.AutoAppLinkEnabled
string	NB.HLv.dHTLJckDLa	khge	source
string	NB.HLv.dHTLJckDLa	nXCfFAvilrALUbh	createTicketDestination$navigateUp(Landroidx/navigation/NavHostController;Landroidx/activity/ComponentActivity;)V
string	NB.HLv.dHTLJckDLa	oJkQDgGfyC	add-to-queue
string	NB.HLv.dHTLJckDLa	pdFSfhXGhG	name
string	NB.HLv.dHTLJckDLa	qhhoTodvJTDbs	cards
string	NB.HLv.dHTLJckDLa	sxQtXDizT	googleSignInOptions
string	NB.HLv.dHTLJckDLa	vKkriPB	IGNORE
string	NB.HLv.dHTLJckDLa	vNWz	, instanceId=
string	NB.HLv.dHTLJckDLa	vemtMnLfx	it
string	NB.HLv.dHTLJckDLa	xBxG	FAHRENHEIT
string	NB.HLv.dHTLJckDLa	xazK	Error setting Lottie animation: 
string	NB.HLv.dHTLJckDLa	xwWXjtFCmVtC	clean
string	NB.HLv.dHTLJckDLa	yrsA	uriTimestamps
string	NB.HLv.dHTLJckDLa	zxY	dynamicPaywallService
string	R5.HjjX.CqBVxPEKES	AmjXfd	clusterStageCounts
string	R5.HjjX.CqBVxPEKES	AuIdIKBInHGNmX	helpCenterApi
string	R5.HjjX.CqBVxPEKES	BSghGvTe	 ? AND directional_value 
string	R5.HjjX.CqBVxPEKES	DUJPrKVSsVgOJC	/
string	R5.HjjX.CqBVxPEKES	DXDXnqCKzNjykx	source
string	R5.HjjX.CqBVxPEKES	EFwwEHvJLUvRp	remoteSerializer not initialized yet
string	R5.HjjX.CqBVxPEKES	EofIsRAhfvq	android.support.v4.media.session.command.REMOVE_QUEUE_ITEM_AT
string	R5.HjjX.CqBVxPEKES	FTlaxpYH	call to 'resume' before 'invoke' with coroutine
string	R5.HjjX.CqBVxPEKES	FaOII	object
string	R5.HjjX.CqBVxPEKES	Fbtc	user_status
string	R5.HjjX.CqBVxPEKES	FfRozyDlhG	readPrimitiveField() cannot handle nested groups.
string	R5.HjjX.CqBVxPEKES	GNoAtZLWYX	INS
string	R5.HjjX.CqBVxPEKES	GVMbq	: "
string	R5.HjjX.CqBVxPEKES	GtEEYTfcV	e2e.toString()
string	R5.HjjX.CqBVxPEKES	MSlnKGupSQt	refreshToken
string	R5.HjjX.CqBVxPEKES	MYMASYXQqezDm	trigger_event_name
string	R5.HjjX.CqBVxPEKES	NTrdlYTERyQ	oskit_teardown
string	R5.HjjX.CqBVxPEKES	OMQA	entities
string	R5.HjjX.CqBVxPEKES	PAKbcFgzd	from(...)
string	R5.HjjX.CqBVxPEKES	PgsnZherSgMtvz	null cannot be cast to non-null type ipnossoft.rma.free.analytics.SoundPucksConfig
string	R5.HjjX.CqBVxPEKES	SIraLaZ	Skipping bad cue setting: 
string	R5.HjjX.CqBVxPEKES	SpqmXVck	BitmapPainter(image=
string	R5.HjjX.CqBVxPEKES	WqAzAAoAlE	item
string	R5.HjjX.CqBVxPEKES	YmWaoTb	value
string	R5.HjjX.CqBVxPEKES	ZkqArYOSpG	containingClass
string	R5.HjjX.CqBVxPEKES	Zrh	OfflineTask
string	R5.HjjX.CqBVxPEKES	azCqtJNmkeJi	\\n
string	R5.HjjX.CqBVxPEKES	bitbeAlIKLW	content
string	R5.HjjX.CqBVxPEKES	clPFzslCeqtjWiD	EEE dd-MMM-yyyy HH-mm-ss z
string	R5.HjjX.CqBVxPEKES	enydEwMiWxz	mContainer=
string	R5.HjjX.CqBVxPEKES	gCWcGjHhNdWqK	visibleContent
string	R5.HjjX.CqBVxPEKES	hDVjwxeb	rw
string	R5.HjjX.CqBVxPEKES	hDsBIznzvWpt	cachedResponseText
string	R5.HjjX.CqBVxPEKES	hnTpgFxJi	>>> exiting view names <<<
string	R5.HjjX.CqBVxPEKES	ixZVRin	call to 'resume' before 'invoke' with coroutine
string	R5.HjjX.CqBVxPEKES	kKisOBezrlkOj	null cannot be cast to non-null type kotlin.Int
string	R5.HjjX.CqBVxPEKES	kVqPjQSuOotzl	callbacks
string	R5.HjjX.CqBVxPEKES	kmzaJxVLqS	last_attempt
string	R5.HjjX.CqBVxPEKES	knThWZdnJ	WRITE_NULL_MAP_VALUES
string	R5.HjjX.CqBVxPEKES	nKEfcpnlecmIjZt	claimsJsonObject.toString()
string	R5.HjjX.CqBVxPEKES	sAfPcaThRDnpj	Guided content override config exception
string	R5.HjjX.CqBVxPEKES	sIdC	os
string	R5.HjjX.CqBVxPEKES	uVnBLfLtNVdw	Not using stateFlow function in BaseViewModel
string	R5.HjjX.CqBVxPEKES	umLvOFqBgOcXRta	context
string	R5.HjjX.CqBVxPEKES	wMlxO	application/json
string	R5.HjjX.CqBVxPEKES	wScHKbJln	com.google.android.gms.ads.identifier.internal.IAdvertisingIdService
string	R5.HjjX.CqBVxPEKES	xveslumiBs	CACHED_PROFILE_PRODUCTS_KEY
string	R5.HjjX.CqBVxPEKES	yHnqUyOHYEd	UTF-8
string	R5.HjjX.CqBVxPEKES	zJFp	null cannot be cast to non-null type android.view.inputmethod.InputMethodManager
string	R5.HjjX.CqBVxPEKES	ziCzZllDr	RECENTLY_PLAYED_CAROUSEL_SPACER
string	S.aI.roAKwjGMpES	AHKZroitBMTk	null cannot be cast to non-null type ipnossoft.rma.free.analytics.experiment.ExperimentConfig.ConfigValue.AsJson
string	S.aI.roAKwjGMpES	BTbDp	, imageOverlayRes=
string	S.aI.roAKwjGMpES	BUXbxkyDblAmcIq	Can't have tracked non-default query that loads all data
string	S.aI.roAKwjGMpES	CAthrHkxMZhw	INAPP_DATA_SIGNATURE_LIST
string	S.aI.roAKwjGMpES	CNQJPAwEnzT	schema
string	S.aI.roAKwjGMpES	CVkLEKk	getByte
string	S.aI.roAKwjGMpES	GNoonaPh	fqName
string	S.aI.roAKwjGMpES	GefqPhKdBWgiH	)
string	S.aI.roAKwjGMpES	HNC	contentId
string	S.aI.roAKwjGMpES	IGah	component2(...)
string	S.aI.roAKwjGMpES	IoVDxRBQndCh	$this$BoxWithConstraints
string	S.aI.roAKwjGMpES	JAImE	FinishReason(value=
string	S.aI.roAKwjGMpES	KAEawGUgVscIwwl	userStatus
string	S.aI.roAKwjGMpES	MBpbj	forcePlaySelection
string	S.aI.roAKwjGMpES	MCqde	af_opened_from_push_notification
string	S.aI.roAKwjGMpES	MsnqWiK	Internal error: this code path should never get executed
string	S.aI.roAKwjGMpES	MuEyN	, got 
string	S.aI.roAKwjGMpES	OfWUxrSLJJ	view
string	S.aI.roAKwjGMpES	OkaZMUILXD	classId
string	S.aI.roAKwjGMpES	PKRpCFMr	, playlistId=
string	S.aI.roAKwjGMpES	RAz	null cannot be cast to non-null type androidx.navigation.fragment.NavHostFragment
string	S.aI.roAKwjGMpES	SMjV	email
string	S.aI.roAKwjGMpES	SxcjNFGMDeUi	deeplink
string	S.aI.roAKwjGMpES	TUT	second
string	S.aI.roAKwjGMpES	UOyXHyhIDoCRwCr	subtitle
string	S.aI.roAKwjGMpES	Ujxt	<this>
string	S.aI.roAKwjGMpES	WxqLLwOqulDei	capacity must be non-negative.
string	S.aI.roAKwjGMpES	XaZffNWBsYnhg	sleep
string	S.aI.roAKwjGMpES	XyffhtueYt	COMMON HEADERS
string	S.aI.roAKwjGMpES	YCwGhCIyIIRU	Not started
string	S.aI.roAKwjGMpES	YdU	remove called on immutable collection
string	S.aI.roAKwjGMpES	ZGtmJXOGSKxFQfH	origin_insight
string	S.aI.roAKwjGMpES	aYlEOMr	DROP TABLE IF EXISTS global_log_event_state
string	S.aI.roAKwjGMpES	avxrWgVpxLOIjV	Music
string	S.aI.roAKwjGMpES	bYU	click_close
string	S.aI.roAKwjGMpES	dsKO	switch
string	S.aI.roAKwjGMpES	dvYg	insight_total_sleep_time_excellent_physical
string	S.aI.roAKwjGMpES	fACXjsuEiG	languagesColumn
string	S.aI.roAKwjGMpES	gPFlWZvjAPJ	, roundedImageUrl=
string	S.aI.roAKwjGMpES	iARSVic	Content-Type
string	S.aI.roAKwjGMpES	iAo	, parked = 
string	S.aI.roAKwjGMpES	ikpPmb	.png
string	S.aI.roAKwjGMpES	jQzmZREbPxVJRix	string_value
string	S.aI.roAKwjGMpES	lKVdecLLD	googleSubscriptionData
string	S.aI.roAKwjGMpES	uGKDAefZi	isBedtimeFavorite
string	S.aI.roAKwjGMpES	uOcDGvzrH	context
string	S.aI.roAKwjGMpES	uti	$this$graphicsLayer
string	S.aI.roAKwjGMpES	vKLBVDPFGYlkxWd	call to 'resume' before 'invoke' with coroutine
string	S.aI.roAKwjGMpES	wmLjMaG	title
string	S.aI.roAKwjGMpES	xQNI	Fragment 
string	S.aI.roAKwjGMpES	xrWAUDfEpbK	NO_PREFIX
string	S.aI.roAKwjGMpES	zvAQnQveTsY	one of 
string	Sa.PBC.kVNJiteDvXCLN	DeZbrdXfVf	dynamicState
string	Sa.PBC.kVNJiteDvXCLN	GZgoCPZ	Failed to decode frame
string	Sa.PBC.kVNJiteDvXCLN	GpteRdX	CornerExtraLargeIncreased
string	Sa.PBC.kVNJiteDvXCLN	HMBIKvL	locale.language
string	Sa.PBC.kVNJiteDvXCLN	HzTazvifOWwLI	op
string	Sa.PBC.kVNJiteDvXCLN	JltP	m5_metric
string	Sa.PBC.kVNJiteDvXCLN	Mpzo	Completed(usage=
string	Sa.PBC.kVNJiteDvXCLN	OVIYAFrxWsub	/topics/
string	Sa.PBC.kVNJiteDvXCLN	SRFgitooOJpf	systolic
string	Sa.PBC.kVNJiteDvXCLN	STPaTlP	es
string	Sa.PBC.kVNJiteDvXCLN	VpHVfFQY	Attempting to get element outside of current array
string	Sa.PBC.kVNJiteDvXCLN	WUVheg	, onAddToClicked=
string	Sa.PBC.kVNJiteDvXCLN	ZcKno	null cannot be cast to non-null type ipnossoft.rma.free.analytics.experiment.ExperimentConfig.ConfigValue.AsBoolean
string	Sa.PBC.kVNJiteDvXCLN	ZnRu	Failed to parse boolean value: '
string	Sa.PBC.kVNJiteDvXCLN	aqGEJkTeho	all
string	Sa.PBC.kVNJiteDvXCLN	astotIBrUxmIFX	, freeTrialDurationUnit=
string	Sa.PBC.kVNJiteDvXCLN	biDZoIJ	Secondary compression is not supported
string	Sa.PBC.kVNJiteDvXCLN	dWKPh	Invalid anchor value: 
string	Sa.PBC.kVNJiteDvXCLN	eECdabouvL	decelerate
string	Sa.PBC.kVNJiteDvXCLN	gBFdDl	BOOLEAN
string	Sa.PBC.kVNJiteDvXCLN	hfNNJJqY	phone_orientation
string	Sa.PBC.kVNJiteDvXCLN	iBwVnMah	Lack of request message. GET request is only supported for unary requests
string	Sa.PBC.kVNJiteDvXCLN	jZnL	address
string	Sa.PBC.kVNJiteDvXCLN	llyvScauXDTvgs	', title='
string	Sa.PBC.kVNJiteDvXCLN	miEeWeOzXPLzRK	javax.annotation.CheckForNull
string	Sa.PBC.kVNJiteDvXCLN	nft	Failed to decode frame: id=
string	Sa.PBC.kVNJiteDvXCLN	pOxnPs	; only AES128_GCM_RAW, AES256_GCM_RAW, AES128_CTR_HMAC_SHA256_RAW, AES256_CTR_HMAC_SHA256_RAW XCHACHA20_POLY1305_RAW and AES256_SIV_RAW are currently supported.
string	Sa.PBC.kVNJiteDvXCLN	tRSbAQkASYZpvC	@NotNull method %s.%s must not return null
string	Sa.PBC.kVNJiteDvXCLN	tmoOYgVOCLk	, onStartRoutineClicked=
string	Sa.PBC.kVNJiteDvXCLN	uRLxR	filterType
string	Sa.PBC.kVNJiteDvXCLN	vbq	userStatus
string	Sa.PBC.kVNJiteDvXCLN	vgzWbNbEajugihM	context
string	Sa.PBC.kVNJiteDvXCLN	vrzeYCdUMAtvsfF	<this>
string	Sa.PBC.kVNJiteDvXCLN	xLj	device_data
string	Sa.PBC.kVNJiteDvXCLN	xgjItdgu	Cannot interpolate between gradients. Lengths vary (
string	Sa.PBC.kVNJiteDvXCLN	xjh	Firestore
string	Sa.PBC.kVNJiteDvXCLN	yNdPPjOMqJPB	categoryDenylist_
string	Sa.PBC.kVNJiteDvXCLN	ygFHdSWLJeHDsWe	com.google.common.base.Strings
string	Sa.PBC.kVNJiteDvXCLN	ynlF	)
string	Sa.PBC.kVNJiteDvXCLN	zKLrKlZXzXC	bytesPerLine = 
string	Sa.PBC.kVNJiteDvXCLN	zafxNjvqmsZxE	com.google.firebase.auth.ACTION_RECEIVE_FIREBASE_AUTH_INTENT
string	Sa.PBC.kVNJiteDvXCLN	zufuVYHxWCjxU	screenType
string	Wg.fT.tiUKGdB	AKsJqeWPmV	Failed to load module descriptor class: 
string	Wg.fT.tiUKGdB	Ame	background image alpha animation for 
string	Wg.fT.tiUKGdB	BrPv	substring(...)
string	Wg.fT.tiUKGdB	DXXxwjrAzrku	the Iterable project has embedded messaging turned off
string	Wg.fT.tiUKGdB	DedZPplOtfTF	<set-?>
string	Wg.fT.tiUKGdB	HbyoR	call
string	Wg.fT.tiUKGdB	JWNwcvDKBOIf	Okio Watchdog
string	Wg.fT.tiUKGdB	KefoEiDbJ	argument
string	Wg.fT.tiUKGdB	KgDjMYEUvLliO	 
string	Wg.fT.tiUKGdB	MPjrhvTc	Can't get the number of an unknown enum value.
string	Wg.fT.tiUKGdB	MbgsW	ro.enable.native.bridge.exec
string	Wg.fT.tiUKGdB	NFFhPyCV	" when expected a JsonObject.
string	Wg.fT.tiUKGdB	OzCWpVSLLrPNyan	DELETE FROM events WHERE num_attempts >= 16
string	Wg.fT.tiUKGdB	QINosyzKPOV	abTestingVariationLoader
string	Wg.fT.tiUKGdB	QbCePnStz	onEnabled
string	Wg.fT.tiUKGdB	RIzuEgHPEsx	, activeDay=
string	Wg.fT.tiUKGdB	RNHIdIHWPwkf	allocate(...)
string	Wg.fT.tiUKGdB	RfTWqzuLEc	systemIdInfo
string	Wg.fT.tiUKGdB	THhVBmM	
string	Wg.fT.tiUKGdB	TIuHoGMS	lastIn.fragment.sharedElementTargetNames
string	Wg.fT.tiUKGdB	VbmxVuu	viewHolder
string	Wg.fT.tiUKGdB	WfYQWF	SystemFgDispatcher
string	Wg.fT.tiUKGdB	Wigq	set
string	Wg.fT.tiUKGdB	XNxtqvFneAD	
string	Wg.fT.tiUKGdB	YptJR	gaid
string	Wg.fT.tiUKGdB	aIejeoElt	confidence
string	Wg.fT.tiUKGdB	bbfSKVRqcV	layout/change_email_0
string	Wg.fT.tiUKGdB	cUTElqp	ExoPlayerImpl
string	Wg.fT.tiUKGdB	dCmdmbR	From Mar 10, 2027
string	Wg.fT.tiUKGdB	dDmzighoIBoDcHO	renderLambdaToString(...)
string	Wg.fT.tiUKGdB	dWzmSyZXmlf	Available app names: 
string	Wg.fT.tiUKGdB	ddFQ	provideMinutesAsleepForSleepEntry
string	Wg.fT.tiUKGdB	fKoSyunKZtkpE	title
string	Wg.fT.tiUKGdB	gHnSscHjX	result
string	Wg.fT.tiUKGdB	ibGLZta	type.googleapis.com/google.crypto.tink.ChaCha20Poly1305Key
string	Wg.fT.tiUKGdB	jSXmJBishRUI	Super calls with default arguments not supported in this target, function: awaitAlignStart
string	Wg.fT.tiUKGdB	kvK	availableGoals
string	Wg.fT.tiUKGdB	lkGTBRZpMj	JSONParser
string	Wg.fT.tiUKGdB	nEJTgaCBZdAj	soundLibrary
string	Wg.fT.tiUKGdB	nxFyXyh	STAR_PROJECTION
string	Wg.fT.tiUKGdB	oQCTmLfOg	journal
string	Wg.fT.tiUKGdB	oigojDnRRyllhS	, querySpec=
string	Wg.fT.tiUKGdB	pFoEnJQo	blockRenderData
string	Wg.fT.tiUKGdB	peAA	sharedPrefs
string	Wg.fT.tiUKGdB	pghCoC	org.jetbrains.annotations.ReadOnly
string	Wg.fT.tiUKGdB	qfgJwZkvmvouOw	ClassicTypeSystemContext couldn't handle: 
string	Wg.fT.tiUKGdB	qoCsqosPhD	screenName
string	Wg.fT.tiUKGdB	rZnnnlXirikKTpC	workSpec
string	Wg.fT.tiUKGdB	skbAfVhSJEEcjj	context
string	Wg.fT.tiUKGdB	tPWFAgoTSwF	Expected 
string	Wg.fT.tiUKGdB	vVGabuxlFP	HTTP_1_0
string	Wg.fT.tiUKGdB	wiUbDWnduVrgDa	value|currency
string	Wg.fT.tiUKGdB	xJUktFrtXjiELwW	Rpc
string	Wg.fT.tiUKGdB	xQuUxFUJo	. Valid keys must have 64 bytes.
string	Wg.fT.tiUKGdB	xRdSWHAB	com.google.android.gms.signin.internal.ISignInService
string	Wg.fT.tiUKGdB	zKnYv	review_dialog_result
string	Y9.Xh.uidiKvEYBdpDxF	BDwHkvICDMsfs	action
string	Y9.Xh.uidiKvEYBdpDxF	CPNpZM	destination
string	Y9.Xh.uidiKvEYBdpDxF	EmSXkUfeo	RepeatCallbacks(onMondayClicked=
string	Y9.Xh.uidiKvEYBdpDxF	FwMQpudhvAOG	API declarations must be interfaces.
string	Y9.Xh.uidiKvEYBdpDxF	HFcVTZbvSdv	promoSessionsTitle
string	Y9.Xh.uidiKvEYBdpDxF	HTfOoaRpQSx	com.apple.streaming.transportStreamTimestamp
string	Y9.Xh.uidiKvEYBdpDxF	Jfl	, userName=
string	Y9.Xh.uidiKvEYBdpDxF	LLThia	none
string	Y9.Xh.uidiKvEYBdpDxF	MaxfAxIwnfe	s
string	Y9.Xh.uidiKvEYBdpDxF	QBktSklYNiwtpE	source segment position
string	Y9.Xh.uidiKvEYBdpDxF	QqGYZhY	Crashlytics could not delete report file: 
string	Y9.Xh.uidiKvEYBdpDxF	RqdQfZXvTjHQpSD	levelText
string	Y9.Xh.uidiKvEYBdpDxF	SGXdgtFED	VerticalScrollLayoutModifier(scrollerPosition=
string	Y9.Xh.uidiKvEYBdpDxF	Szu	returning
string	Y9.Xh.uidiKvEYBdpDxF	TMOSWkJEekpEko	See Other
string	Y9.Xh.uidiKvEYBdpDxF	TUrGqvd	start
string	Y9.Xh.uidiKvEYBdpDxF	UMhgoL	0
string	Y9.Xh.uidiKvEYBdpDxF	UuOmHqFotfaiW	bitField0_
string	Y9.Xh.uidiKvEYBdpDxF	UzZboeVX	ioe
string	Y9.Xh.uidiKvEYBdpDxF	VBUhLKuNuOpq	SeekBar
string	Y9.Xh.uidiKvEYBdpDxF	VbiwdqLUVkA	 is present but null: 
string	Y9.Xh.uidiKvEYBdpDxF	VrpiVhiHgH	RefreshableContentTogglePlayPauseClick(componentId=
string	Y9.Xh.uidiKvEYBdpDxF	WPIYnR	<set-?>
string	Y9.Xh.uidiKvEYBdpDxF	WeYCFUW	first_name
string	Y9.Xh.uidiKvEYBdpDxF	ZqvIEzotAC	com_perm
string	Y9.Xh.uidiKvEYBdpDxF	avgLGJunJezYAiK	sectionsUiConfig
string	Y9.Xh.uidiKvEYBdpDxF	cxIEDuz	dynamicState
string	Y9.Xh.uidiKvEYBdpDxF	eEVJ	Unknown Bean prefix for method: 
string	Y9.Xh.uidiKvEYBdpDxF	eVyJtrFkkdDX	Horizontal(alignment=
string	Y9.Xh.uidiKvEYBdpDxF	eea	Sound Library was empty, Reloading Sound Library!
string	Y9.Xh.uidiKvEYBdpDxF	gXrHmz	date
string	Y9.Xh.uidiKvEYBdpDxF	hLEc	)
string	Y9.Xh.uidiKvEYBdpDxF	lavbC	newPassword
string	Y9.Xh.uidiKvEYBdpDxF	nZpQyRz	discover
string	Y9.Xh.uidiKvEYBdpDxF	oWFBuVh	getString(...)
string	Y9.Xh.uidiKvEYBdpDxF	otE	query
string	Y9.Xh.uidiKvEYBdpDxF	tBIeUdVWMmgaEY	android.speech.extra.RESULTS_PENDINGINTENT_BUNDLE
string	Y9.Xh.uidiKvEYBdpDxF	vTzqsKY	l2Gradient_
string	Y9.Xh.uidiKvEYBdpDxF	vmSo	, emptyStateText=
string	Y9.Xh.uidiKvEYBdpDxF	wQvNQbahpOkhnBh	Failed requirement.
string	Y9.Xh.uidiKvEYBdpDxF	zIQILEPZ	lezz
string	cx.CyHr.hdohuygkPpBByN	BAmYFcAXUokdY	click_hide_sleep_notes_dialog
string	cx.CyHr.hdohuygkPpBByN	DDZltSauThQ	migrationContainer
string	cx.CyHr.hdohuygkPpBByN	DmrQWJqbTLI	assklown
string	cx.CyHr.hdohuygkPpBByN	EVqesHVolpKCD	toLowerCase(...)
string	cx.CyHr.hdohuygkPpBByN	FvYISysKnbbWN	buildFormattedHourMinutes
string	cx.CyHr.hdohuygkPpBByN	GVIxvgbEQd	
string	cx.CyHr.hdohuygkPpBByN	GfbgJ	 a very long message that should wrap to multiple lines
string	cx.CyHr.hdohuygkPpBByN	GiGTnXOXVwIbCz	call to 'resume' before 'invoke' with coroutine
string	cx.CyHr.hdohuygkPpBByN	MpB	No process data for 
string	cx.CyHr.hdohuygkPpBByN	RMMFrwsOog	fetch_help_center_collection
string	cx.CyHr.hdohuygkPpBByN	RPdAEWxlcULQi	getFractionOfSecond()Lkotlinx/datetime/internal/DecimalFraction;
string	cx.CyHr.hdohuygkPpBByN	RbpWdYfDhiS	Fragment 
string	cx.CyHr.hdohuygkPpBByN	TATroyAmuSQVKwr	searchableEntityDeserializer
string	cx.CyHr.hdohuygkPpBByN	TGKcnLBoMjOT	null layer with a non-null layerBlock
string	cx.CyHr.hdohuygkPpBByN	TxFrfpJAoOBXaA	, shouldHideContentTitles=
string	cx.CyHr.hdohuygkPpBByN	VHkMggRjss	, metadata=
string	cx.CyHr.hdohuygkPpBByN	XnROHudDYa	factory
string	cx.CyHr.hdohuygkPpBByN	YLvHOCKp	measurement.tcf.consent_fix
string	cx.CyHr.hdohuygkPpBByN	YcscKH	Auth
string	cx.CyHr.hdohuygkPpBByN	YnoxhzEzLRumz	mixes
string	cx.CyHr.hdohuygkPpBByN	ZOPdjmNaiB	<this>
string	cx.CyHr.hdohuygkPpBByN	aOTJTiTckmqbn	unlockedContent
string	cx.CyHr.hdohuygkPpBByN	aQkdnZQ	zzk
string	cx.CyHr.hdohuygkPpBByN	bFTAuPOJipBHB	ChronotypeInfoAvailable(chronotypeIcon=
string	cx.CyHr.hdohuygkPpBByN	bNBeSOkJBu	soundContentFavoriteDataStore
string	cx.CyHr.hdohuygkPpBByN	cMSfYLfrCo	loop_value
string	cx.CyHr.hdohuygkPpBByN	cXjYiVWbzMYIEFq	plaintext too long
string	cx.CyHr.hdohuygkPpBByN	dQCquNplM	, shouldDeletePlaylistWhenRemovingLastItem=
string	cx.CyHr.hdohuygkPpBByN	ilWUyGHh	fqName
string	cx.CyHr.hdohuygkPpBByN	jbuRzqLogew	<destruct>
string	cx.CyHr.hdohuygkPpBByN	jeABxRQGHKjSD	UNKNOWN
string	cx.CyHr.hdohuygkPpBByN	kUKDsvj	audio/mp4a-latm
string	cx.CyHr.hdohuygkPpBByN	nlKxNJSgf	https
string	cx.CyHr.hdohuygkPpBByN	oHCNCZU	translationAlpha
string	cx.CyHr.hdohuygkPpBByN	oPyips	ERROR_EMAIL_CHANGE_NEEDS_VERIFICATION
string	cx.CyHr.hdohuygkPpBByN	rgbOJ	isEnum
string	cx.CyHr.hdohuygkPpBByN	rpTPBAXxTXIqVE	putByte
string	cx.CyHr.hdohuygkPpBByN	shQsrBw	default
string	cx.CyHr.hdohuygkPpBByN	typ	android.hardware.rotaryencoder.lowres
string	cx.CyHr.hdohuygkPpBByN	uBNNZJhcx	FROM_BUILTINS
string	cx.CyHr.hdohuygkPpBByN	ugVZJNTRLtJMK	none
string	cx.CyHr.hdohuygkPpBByN	wHjQxE	)
string	cx.CyHr.hdohuygkPpBByN	wnJUFtfEy	name
string	cx.CyHr.hdohuygkPpBByN	xudDGDnthg	android.intent.action.TIME_TICK
string	cx.CyHr.hdohuygkPpBByN	yJgbiCJSl	  
string	cx.CyHr.hdohuygkPpBByN	yhdWYTZLCOWzpQV	deferred
string	cx.CyHr.hdohuygkPpBByN	zRYasoJCd	ADD_TO_WISHLIST
string	cx.CyHr.hdohuygkPpBByN	zlxG	partnership_second_call
string	h0.rHv.kOiOFSKktYd	BmsDByMMbD	accept-charset
string	h0.rHv.kOiOFSKktYd	GhwlMdqTvV	Screen
string	h0.rHv.kOiOFSKktYd	GjmTFHJgCI	call to 'resume' before 'invoke' with coroutine
string	h0.rHv.kOiOFSKktYd	GoCcWjtztwIOks	/databases/
string	h0.rHv.kOiOFSKktYd	Gsau	mylibraryprofile
string	h0.rHv.kOiOFSKktYd	ITCjnMAcj	alarm
string	h0.rHv.kOiOFSKktYd	IgWQICLzmzsDrY	password
string	h0.rHv.kOiOFSKktYd	KBFlYnS	LINK
string	h0.rHv.kOiOFSKktYd	LroIrtpBeSsrOC	}
string	h0.rHv.kOiOFSKktYd	MSzbMJY	SELECT path FROM target_documents WHERE target_id = ?
string	h0.rHv.kOiOFSKktYd	MbDusLOYjff	search_results
string	h0.rHv.kOiOFSKktYd	NIgDegltYMiHU	questionId
string	h0.rHv.kOiOFSKktYd	NhSKJJYAfTQ	getUnsubstitutedMemberScope
string	h0.rHv.kOiOFSKktYd	PLRxBoqpxmIz	kotlinTypeRefinerForOwnerModule
string	h0.rHv.kOiOFSKktYd	PcYo	') as character #
string	h0.rHv.kOiOFSKktYd	PfksyDDh	EXIT_SELF
string	h0.rHv.kOiOFSKktYd	PubhAKaOXK	, articleId=
string	h0.rHv.kOiOFSKktYd	SPmTmowStHm	PACKED
string	h0.rHv.kOiOFSKktYd	TcucPjupOKU	zzi
string	h0.rHv.kOiOFSKktYd	UMCD	_nativeAppShortVersion
string	h0.rHv.kOiOFSKktYd	VMOs	flow
string	h0.rHv.kOiOFSKktYd	VrRglFQJYCN	locale
string	h0.rHv.kOiOFSKktYd	YhLVFBx	)
string	h0.rHv.kOiOFSKktYd	Ynzq	Unset color range
string	h0.rHv.kOiOFSKktYd	ZtVeAQy	onCommunityMixLike
string	h0.rHv.kOiOFSKktYd	bPwKkcmX	BIG
string	h0.rHv.kOiOFSKktYd	dBxocMxz	onCtaClick
string	h0.rHv.kOiOFSKktYd	dTUNlP	No user signed in, not using authentication.
string	h0.rHv.kOiOFSKktYd	dcgDbhcXkykRJJP	$this$buildClassSerialDescriptor
string	h0.rHv.kOiOFSKktYd	gNOSzOXIZfJfwZ	factory
string	h0.rHv.kOiOFSKktYd	glSbZd	setFailed(); channel = 
string	h0.rHv.kOiOFSKktYd	iLAvfdDZpKA	<this>
string	h0.rHv.kOiOFSKktYd	kTphBRNCLBexO	configVar
string	h0.rHv.kOiOFSKktYd	pHINIBjny	TLS_ECDH_ECDSA_WITH_AES_256_GCM_SHA384
string	h0.rHv.kOiOFSKktYd	qNfusMTX	StepsGoal(steps=
string	h0.rHv.kOiOFSKktYd	qaMaDNAecpYH	FEET
string	h0.rHv.kOiOFSKktYd	qlZxYLYAIQZaTpw	, timerUiState=
string	h0.rHv.kOiOFSKktYd	rsSw	Tag(id=
string	h0.rHv.kOiOFSKktYd	sPWnzSqdf	requested_content_id
string	h0.rHv.kOiOFSKktYd	sPeQPw	Method does not accept concrete type.
string	h0.rHv.kOiOFSKktYd	tJAPCLKpCBm	, overlappingIconRes=
string	h0.rHv.kOiOFSKktYd	tsrSwktYUNnso	, reference=
string	h0.rHv.kOiOFSKktYd	uCVWtKblNK	
string	h0.rHv.kOiOFSKktYd	udViEIfmzneQYQA	block
string	h0.rHv.kOiOFSKktYd	vCMNMYnWpPvpvBS	Number
string	h0.rHv.kOiOFSKktYd	xGFPfnC	wake-up-end
string	h0.rHv.kOiOFSKktYd	zJFQStOXIHqjWh	areTypeParametersEquivalent
string	ho.SrCD.OhcGeqqkUVy	BXfosNbrGRAcUT	Params(routine=
string	ho.SrCD.OhcGeqqkUVy	BwdVty	). Please report to Google or use https://goo.gle/compose-feedback
string	ho.SrCD.OhcGeqqkUVy	GDFEFjT	GIONEE_WBL7519
string	ho.SrCD.OhcGeqqkUVy	GGqLwkDhaMEQRvb	<this>
string	ho.SrCD.OhcGeqqkUVy	GJVlLgj	searchQuery
string	ho.SrCD.OhcGeqqkUVy	GdsbQ	upload_type
string	ho.SrCD.OhcGeqqkUVy	IAEmeXCjBgSfv	measurement.session.engagement_interval
string	ho.SrCD.OhcGeqqkUVy	KzfekZqFRMuNdN	fb_level
string	ho.SrCD.OhcGeqqkUVy	MjrqlCISUhcZ	localTime
string	ho.SrCD.OhcGeqqkUVy	MtFsDEcL	HWWAS-H
string	ho.SrCD.OhcGeqqkUVy	NGmhx	null cannot be cast to non-null type androidx.compose.ui.text.AnnotatedString
string	ho.SrCD.OhcGeqqkUVy	ONmbBswgRvWbgEv	conversation/
string	ho.SrCD.OhcGeqqkUVy	SfgESndmUU	provideDetailedMediaMetadata
string	ho.SrCD.OhcGeqqkUVy	TvDOnqeFFcFaF	fromDataSource
string	ho.SrCD.OhcGeqqkUVy	UiQxEQKczsXOnG	other
string	ho.SrCD.OhcGeqqkUVy	UuGETfjvxHItB	onBillingServiceDisconnected
string	ho.SrCD.OhcGeqqkUVy	VgySsQEFmCRoxCP	null cannot be cast to non-null type androidx.compose.runtime.snapshots.SnapshotStateMap.StateMapStateRecord<K of androidx.compose.runtime.snapshots.SnapshotStateMap, V of androidx.compose.runtime.snapshots.SnapshotStateMap>
string	ho.SrCD.OhcGeqqkUVy	WlPQR	defaultCreationExtras
string	ho.SrCD.OhcGeqqkUVy	XcnqmIxpy	Walk, footsteps
string	ho.SrCD.OhcGeqqkUVy	XuAvgNMHCoP	FeedRefreshableContentUiState(id=
string	ho.SrCD.OhcGeqqkUVy	XubzqJL	throwable
string	ho.SrCD.OhcGeqqkUVy	YuDDRfIPHsiatl	Invalid DEM parameters 
string	ho.SrCD.OhcGeqqkUVy	aVZfHImBQvoGG	onboarding_age
string	ho.SrCD.OhcGeqqkUVy	dJmYsSrvSrMl	before_change_loop_correction_mode
string	ho.SrCD.OhcGeqqkUVy	dlSUtZWfUPhxRog	lines
string	ho.SrCD.OhcGeqqkUVy	eHEJyxK	routineTemplateRepository
string	ho.SrCD.OhcGeqqkUVy	fQwKKXWRcTSVHXB	scheduleNormalReviewDialogIfNeeded
string	ho.SrCD.OhcGeqqkUVy	foLfCmN	provideFilterableBedtimeStories
string	ho.SrCD.OhcGeqqkUVy	fxYMZuvNas	type
string	ho.SrCD.OhcGeqqkUVy	gpXqrdEHTNyaU	communicationId
string	ho.SrCD.OhcGeqqkUVy	hVwhgcdx	KSuspendFunction
string	ho.SrCD.OhcGeqqkUVy	idxIYbGxsxhQZ	favorite_count
string	ho.SrCD.OhcGeqqkUVy	irLMsQd	channelId
string	ho.SrCD.OhcGeqqkUVy	kPThUJnKhLEvKNq	mr_gbraid
string	ho.SrCD.OhcGeqqkUVy	kffkwFgcErnocf	startHorizontal
string	ho.SrCD.OhcGeqqkUVy	lrgsmweEUupZTM	soundContentFilter
string	ho.SrCD.OhcGeqqkUVy	mQYgdx	getSupportFragmentManager(...)
string	ho.SrCD.OhcGeqqkUVy	oBC	csv
string	ho.SrCD.OhcGeqqkUVy	pEKKtSf	 instead of Date or Timestamp.
string	ho.SrCD.OhcGeqqkUVy	rfnINkYTH	topLevelClassFqName
string	ho.SrCD.OhcGeqqkUVy	rmkykAkpqiVWXJ	name
string	ho.SrCD.OhcGeqqkUVy	uAhnblITH	Dolphins
string	ho.SrCD.OhcGeqqkUVy	vQIJznEyT	)
string	ho.SrCD.OhcGeqqkUVy	vrMuaNkvjJq	backgroundImage
string	ho.SrCD.OhcGeqqkUVy	wLsQRHwwQsJuYNE	KProperty
string	ho.SrCD.OhcGeqqkUVy	wNhMEgiaCa	loginClient
string	ho.SrCD.OhcGeqqkUVy	wsIOfY	, isRecentlyPlayedButtonVisible=false, isBackButtonVisible=
string	ho.SrCD.OhcGeqqkUVy	wzEWfGZKuitv	snoozeEnabled
string	ho.SrCD.OhcGeqqkUVy	xLlBzOPlM	Powered by Fin Ai Agent
string	ho.SrCD.OhcGeqqkUVy	yvElkkKGFtcH	dimen
string	ho.SrCD.OhcGeqqkUVy	zfBiLcfaNNqkBn	isSleepTrackerAPISupported
string	ho.SrCD.OhcGeqqkUVy	zlNuvSk	myDataSettingsTitle
string	hv.PRnd.PrXrrvBZuSk	BwonPJtbMtdoXo	 does not exist
string	hv.PRnd.PrXrrvBZuSk	CnmrG	audio/ogg
string	hv.PRnd.PrXrrvBZuSk	DWcYKakc	fancyCardPager
string	hv.PRnd.PrXrrvBZuSk	EOKicc	<unknown>
string	hv.PRnd.PrXrrvBZuSk	EjM	$this$factory
string	hv.PRnd.PrXrrvBZuSk	Evbjoi	Unable to create logging payload
string	hv.PRnd.PrXrrvBZuSk	FEPPIlEjuePAxM	getJSONObject(...)
string	hv.PRnd.PrXrrvBZuSk	GmcO	screen_topics
string	hv.PRnd.PrXrrvBZuSk	IdPdbIGrih	QUALITY
string	hv.PRnd.PrXrrvBZuSk	JyhNEjewMec	SearchBarEditText
string	hv.PRnd.PrXrrvBZuSk	KGztJDmAbMM	, platform=
string	hv.PRnd.PrXrrvBZuSk	KrjpsoGLGebwd	Calling connect() while still connected, missing disconnect() for 
string	hv.PRnd.PrXrrvBZuSk	MTWKt	java.sql.Date
string	hv.PRnd.PrXrrvBZuSk	NcSnUFZlR	_in
string	hv.PRnd.PrXrrvBZuSk	TbbSwR	Refreshing token failed for 
string	hv.PRnd.PrXrrvBZuSk	ZpgKvjSa	sleepTrackerAnalyticsManager
string	hv.PRnd.PrXrrvBZuSk	aEkAe	targetAddr
string	hv.PRnd.PrXrrvBZuSk	bKqbiUNRpks	password
string	hv.PRnd.PrXrrvBZuSk	bvzFEZL	start_with
string	hv.PRnd.PrXrrvBZuSk	cDOF	User properties sent successfully. Properties: 
string	hv.PRnd.PrXrrvBZuSk	ejvkUkfcc	getFqNameUnsafe
string	hv.PRnd.PrXrrvBZuSk	emOi	tag
string	hv.PRnd.PrXrrvBZuSk	fCrpOeKjYtquM	Corruption reported by sqlite on database: 
string	hv.PRnd.PrXrrvBZuSk	gRkYymkkPNhVRtO	callback
string	hv.PRnd.PrXrrvBZuSk	giL	measurement.sdk.collection.enable_extend_user_property_size
string	hv.PRnd.PrXrrvBZuSk	gjdBjHRJPOotBKe	handle_push_notification
string	hv.PRnd.PrXrrvBZuSk	igAmLKAAmaxbpKU	en
string	hv.PRnd.PrXrrvBZuSk	ihtIBK	Expected ':'
string	hv.PRnd.PrXrrvBZuSk	lQxk	entity_id
string	hv.PRnd.PrXrrvBZuSk	mKMFZCHLsOuW	undefined
string	hv.PRnd.PrXrrvBZuSk	nJRv	https://api.mixpanel.com/flags/
string	hv.PRnd.PrXrrvBZuSk	nPwfRwCzjXX	#
string	hv.PRnd.PrXrrvBZuSk	pVIHwOiUNEnB	used
string	hv.PRnd.PrXrrvBZuSk	qRJhWrpT	screen_library
string	hv.PRnd.PrXrrvBZuSk	qgbWb	featureManager
string	hv.PRnd.PrXrrvBZuSk	sXbqlB	null cannot be cast to non-null type com.facebook.internal.WebDialog
string	hv.PRnd.PrXrrvBZuSk	sdmshRVzPfxYBC	RF native bridge failed at 
string	hv.PRnd.PrXrrvBZuSk	shpS	General
string	hv.PRnd.PrXrrvBZuSk	svOPDpTOF	CURRENT_NIGHT_FIRST_RECORDING_START_TIME_KEY
string	hv.PRnd.PrXrrvBZuSk	uWzzPVTFK	Multiple identical TrackGroups added to one TrackGroupArray.
string	hv.PRnd.PrXrrvBZuSk	vNmEApDHdviMb	asshole
string	hv.PRnd.PrXrrvBZuSk	wUheJdE	)
string	hv.PRnd.PrXrrvBZuSk	xvoVjbkzP	page
string	hv.PRnd.PrXrrvBZuSk	yAaGIadALysBhP	id
string	hv.PRnd.PrXrrvBZuSk	zhWPgfVxmhFXBAH	zzf
string	i6.ZBpv.FtScSrGfWociPr	AKBwzn	REMOTE_CONFIG_RETRY_ATTEMPTS
string	i6.ZBpv.FtScSrGfWociPr	BtD	sdk_ver
string	i6.ZBpv.FtScSrGfWociPr	CtZNpnRGmIFPB	double
string	i6.ZBpv.FtScSrGfWociPr	DGYpEGhZ	Restoring merge with id 
string	i6.ZBpv.FtScSrGfWociPr	ENbLRwGaCQg	Number too large: 
string	i6.ZBpv.FtScSrGfWociPr	EVPdh	 canonical[
string	i6.ZBpv.FtScSrGfWociPr	INybKnCJoCDhsJ	encoder
string	i6.ZBpv.FtScSrGfWociPr	JbpaxigiEVBDxe	canHandleCodeInApp
string	i6.ZBpv.FtScSrGfWociPr	MzSKlMXs	android.intent.action.VIEW
string	i6.ZBpv.FtScSrGfWociPr	NKCIrjApYP	00
string	i6.ZBpv.FtScSrGfWociPr	OOMZoIDICjm	it
string	i6.ZBpv.FtScSrGfWociPr	PwTtNhv	android-platform
string	i6.ZBpv.FtScSrGfWociPr	QXDtbawsXrzkZd	,
string	i6.ZBpv.FtScSrGfWociPr	TKK	sha1Cert
string	i6.ZBpv.FtScSrGfWociPr	TyJZI	The tag for content_rating_thumbs_fragment is invalid. Received: 
string	i6.ZBpv.FtScSrGfWociPr	USirGQy	OnEventListener already registered.
string	i6.ZBpv.FtScSrGfWociPr	UiilbfrzQZEy	androidx.appcompat.app.AppLocalesMetadataHolderService
string	i6.ZBpv.FtScSrGfWociPr	UuVAkZCR	address
string	i6.ZBpv.FtScSrGfWociPr	VSnB	, onEditContentClicked=
string	i6.ZBpv.FtScSrGfWociPr	VZCyHwzV	bitField0_
string	i6.ZBpv.FtScSrGfWociPr	WfRIJDHtywKchw	feedSleepTrackerScorePreview
string	i6.ZBpv.FtScSrGfWociPr	XAuiHuj	addUpperBound
string	i6.ZBpv.FtScSrGfWociPr	YBfVw	 cannot be null when calculating alignment line
string	i6.ZBpv.FtScSrGfWociPr	YEBGKvtK	getCorrespondingProperty(...)
string	i6.ZBpv.FtScSrGfWociPr	YMkDeRFGMsLt	geo_district
string	i6.ZBpv.FtScSrGfWociPr	YZeNVXygCUuoj	http://schemas.android.com/apk/res/android
string	i6.ZBpv.FtScSrGfWociPr	avCNZwZxTmIISL	invoke(Ljava/lang/Throwable;)V
string	i6.ZBpv.FtScSrGfWociPr	dLNqwb	SEMI_BOLD
string	i6.ZBpv.FtScSrGfWociPr	daGmeaUzelrZQ	, beatsPerMinute=
string	i6.ZBpv.FtScSrGfWociPr	eAeUoqoeTuCbdg	today
string	i6.ZBpv.FtScSrGfWociPr	fTeJTExbFppuV	shape
string	i6.ZBpv.FtScSrGfWociPr	gIIpVmNxmRy	$
string	i6.ZBpv.FtScSrGfWociPr	gJjlWNNJ	, clearMainResources=
string	i6.ZBpv.FtScSrGfWociPr	ghJBdBSj	\n
string	i6.ZBpv.FtScSrGfWociPr	hvCKPzcLptY	Can't load badge resource ID #0x
string	i6.ZBpv.FtScSrGfWociPr	kUc	)
string	i6.ZBpv.FtScSrGfWociPr	kxVLKcgRsaj	, prefilteredBedtimeStories=
string	i6.ZBpv.FtScSrGfWociPr	mBrESed	recyclerViewPool
string	i6.ZBpv.FtScSrGfWociPr	mWZXti	\n
string	i6.ZBpv.FtScSrGfWociPr	nbr	snoring
string	i6.ZBpv.FtScSrGfWociPr	rMYlMDdjT	forName(...)
string	i6.ZBpv.FtScSrGfWociPr	rqcZDxHVttPFhG	value was null! Wrap in .nullSafe() to write nullable values.
string	i6.ZBpv.FtScSrGfWociPr	sANcJwLvbxdTw	i
string	i6.ZBpv.FtScSrGfWociPr	uNRAB	Hannah
string	io.ably.lib.platform.MgIG.ljtTUMAKnMP	ATLMXqqEXDnTrr	vertical_accuracy
string	io.ably.lib.platform.MgIG.ljtTUMAKnMP	AmnlndDw	mapper
string	io.ably.lib.platform.MgIG.ljtTUMAKnMP	AupQgOMkdU	currentSelectedDateManager
string	io.ably.lib.platform.MgIG.ljtTUMAKnMP	DJCw	TicketAttributeRequest(descriptorId=
string	io.ably.lib.platform.MgIG.ljtTUMAKnMP	EfYxrWzzcoTqt	_fb_pixel_referral_id
string	io.ably.lib.platform.MgIG.ljtTUMAKnMP	FTvgxQoiciHMrVs	less_stressed
string	io.ably.lib.platform.MgIG.ljtTUMAKnMP	FVnh	)
string	io.ably.lib.platform.MgIG.ljtTUMAKnMP	FZRIHatsTrS	input
string	io.ably.lib.platform.MgIG.ljtTUMAKnMP	GpAy	favoriteName
string	io.ably.lib.platform.MgIG.ljtTUMAKnMP	HCeVG	segment_events_table
string	io.ably.lib.platform.MgIG.ljtTUMAKnMP	HLFOVd	): 
string	io.ably.lib.platform.MgIG.ljtTUMAKnMP	HmqOdgaVjiP	myUserId
string	io.ably.lib.platform.MgIG.ljtTUMAKnMP	IZy	Function
string	io.ably.lib.platform.MgIG.ljtTUMAKnMP	Ieqcn	
string	io.ably.lib.platform.MgIG.ljtTUMAKnMP	Jnziqs	ANALYTICS_FILTER_BEDTIME_STORY
string	io.ably.lib.platform.MgIG.ljtTUMAKnMP	MQncXzxh	getString(...)
string	io.ably.lib.platform.MgIG.ljtTUMAKnMP	NXcDGRQRY	Consume owned INAPP purchases
string	io.ably.lib.platform.MgIG.ljtTUMAKnMP	OMx	negative size: 
string	io.ably.lib.platform.MgIG.ljtTUMAKnMP	OOqRPuwb	playIntegrityToken
string	io.ably.lib.platform.MgIG.ljtTUMAKnMP	OtRGhrOLmgyVUnO	getDisplayName(...)
string	io.ably.lib.platform.MgIG.ljtTUMAKnMP	PqgcC	toLowerCase(...)
string	io.ably.lib.platform.MgIG.ljtTUMAKnMP	SIfBFbOJMXdH	SHOW_RINGING_ALARM
string	io.ably.lib.platform.MgIG.ljtTUMAKnMP	TrHPqAKGUSLwEnT	resumeOnboardingMix
string	io.ably.lib.platform.MgIG.ljtTUMAKnMP	TuUstr	yMMMMEEEEd
string	io.ably.lib.platform.MgIG.ljtTUMAKnMP	TzLue	callback
string	io.ably.lib.platform.MgIG.ljtTUMAKnMP	UDFqpiLlmeSsmrW	Cannot determine whether the image has alpha or not from header, format 
string	io.ably.lib.platform.MgIG.ljtTUMAKnMP	UjfJyXv	sequence
string	io.ably.lib.platform.MgIG.ljtTUMAKnMP	VdqqAkS	bytes
string	io.ably.lib.platform.MgIG.ljtTUMAKnMP	VqrWnFHLOWS	clicked
string	io.ably.lib.platform.MgIG.ljtTUMAKnMP	WAF	habitId
string	io.ably.lib.platform.MgIG.ljtTUMAKnMP	Xfj	state
string	io.ably.lib.platform.MgIG.ljtTUMAKnMP	YCx	auth/network-request-failed
string	io.ably.lib.platform.MgIG.ljtTUMAKnMP	dMA	is_from_deeplink
string	io.ably.lib.platform.MgIG.ljtTUMAKnMP	faSvUcXN	Metric name must not be null
string	io.ably.lib.platform.MgIG.ljtTUMAKnMP	gCPdUp	soundId
string	io.ably.lib.platform.MgIG.ljtTUMAKnMP	ilnAKZWC	argument
string	io.ably.lib.platform.MgIG.ljtTUMAKnMP	kalVwraupt	)
string	io.ably.lib.platform.MgIG.ljtTUMAKnMP	kkPXgvpTJX	description
string	io.ably.lib.platform.MgIG.ljtTUMAKnMP	kyEFKyEfvAKj	MessageExtras{delta=
string	io.ably.lib.platform.MgIG.ljtTUMAKnMP	lBMsFtgkSt	Attribute(identifier=
string	io.ably.lib.platform.MgIG.ljtTUMAKnMP	mDMHvOluXCk	Missing required properties: nonce
string	io.ably.lib.platform.MgIG.ljtTUMAKnMP	mcaPq	modality
string	io.ably.lib.platform.MgIG.ljtTUMAKnMP	mmqgU	call to 'resume' before 'invoke' with coroutine
string	io.ably.lib.platform.MgIG.ljtTUMAKnMP	nuBGBBdV	, wallClock=
string	io.ably.lib.platform.MgIG.ljtTUMAKnMP	nyBlf	, category=
string	io.ably.lib.platform.MgIG.ljtTUMAKnMP	oBgcBtjjec	popular
string	io.ably.lib.platform.MgIG.ljtTUMAKnMP	ogzqSbXlecxUYM	identifier
string	io.ably.lib.platform.MgIG.ljtTUMAKnMP	rYn	SHA-1
string	io.ably.lib.platform.MgIG.ljtTUMAKnMP	tnFNGWCzJYLo	PAYWALL_UPGRADE_REFERER
string	io.ably.lib.platform.MgIG.ljtTUMAKnMP	uGQ	BOTH
string	io.ably.lib.platform.MgIG.ljtTUMAKnMP	uJRXCy	measurement.gbraid_campaign.campaign_params_triggering_info_update
string	io.ably.lib.platform.MgIG.ljtTUMAKnMP	wdRQlCvhF	currentSelection
string	io.ably.lib.platform.MgIG.ljtTUMAKnMP	yKGSWnzD	routineScreenInnerColumnBottom
string	io.ably.lib.platform.MgIG.ljtTUMAKnMP	yVJhCEYZNzDh	toUpperCase(...)
string	io.intercom.android.sdk.helpcenter.component.CN.ftbw	AntpEpIscQiK	 for 
string	io.intercom.android.sdk.helpcenter.component.CN.ftbw	BrQAtndSIG	value
string	io.intercom.android.sdk.helpcenter.component.CN.ftbw	BrmtngqMKVKyF	ScionFrontendApi
string	io.intercom.android.sdk.helpcenter.component.CN.ftbw	CEnV	observable
string	io.intercom.android.sdk.helpcenter.component.CN.ftbw	EFNnSwSPmOKZTL	upgrade_referer
string	io.intercom.android.sdk.helpcenter.component.CN.ftbw	ENJO	DEEPLINK
string	io.intercom.android.sdk.helpcenter.component.CN.ftbw	EabuVsezp	logRecommendations
string	io.intercom.android.sdk.helpcenter.component.CN.ftbw	FdSw	Ignoring spurious interrupt of NetworkDispatcher thread; use quit() to terminate it
string	io.intercom.android.sdk.helpcenter.component.CN.ftbw	FeStxfujsyPPg	debugData
string	io.intercom.android.sdk.helpcenter.component.CN.ftbw	Iqkgx	mediaPreviewer
string	io.intercom.android.sdk.helpcenter.component.CN.ftbw	IsbIVMb	formatTimeInMillisAsDate(...)
string	io.intercom.android.sdk.helpcenter.component.CN.ftbw	JnegrCI	java.rmi.server.UnicastRemoteObject
string	io.intercom.android.sdk.helpcenter.component.CN.ftbw	LCrdAUDFvhSAI	modality
string	io.intercom.android.sdk.helpcenter.component.CN.ftbw	LLQBIT	keySerializer
string	io.intercom.android.sdk.helpcenter.component.CN.ftbw	LznPGNPNUF	home
string	io.intercom.android.sdk.helpcenter.component.CN.ftbw	MbRAOhmiovwZ	Ignoring negative bit index to be cleared
string	io.intercom.android.sdk.helpcenter.component.CN.ftbw	Nivx	default
string	io.intercom.android.sdk.helpcenter.component.CN.ftbw	NpVTpQX	AUDIO_STREAM
string	io.intercom.android.sdk.helpcenter.component.CN.ftbw	OccDJithLKotj	platform
string	io.intercom.android.sdk.helpcenter.component.CN.ftbw	QXh	 to a Java object with shape 
string	io.intercom.android.sdk.helpcenter.component.CN.ftbw	QhNEUClh	STRING
string	io.intercom.android.sdk.helpcenter.component.CN.ftbw	TRfmZhY	)
string	io.intercom.android.sdk.helpcenter.component.CN.ftbw	UaIcTlpe	moshi
string	io.intercom.android.sdk.helpcenter.component.CN.ftbw	WbQIbN	soundcontent
string	io.intercom.android.sdk.helpcenter.component.CN.ftbw	WnwbRczyd	call to 'resume' before 'invoke' with coroutine
string	io.intercom.android.sdk.helpcenter.component.CN.ftbw	XPJqohvifXFnf	screen_content_playing
string	io.intercom.android.sdk.helpcenter.component.CN.ftbw	XcGv	Leading
string	io.intercom.android.sdk.helpcenter.component.CN.ftbw	ZtXVaUCddOvYWs	.priority
string	io.intercom.android.sdk.helpcenter.component.CN.ftbw	cJVpxFrPhhT	gcd
string	io.intercom.android.sdk.helpcenter.component.CN.ftbw	eJLHcBwyrQEyymT	reader
string	io.intercom.android.sdk.helpcenter.component.CN.ftbw	eNgefbFLm	none
string	io.intercom.android.sdk.helpcenter.component.CN.ftbw	enRr	actualBuilder
string	io.intercom.android.sdk.helpcenter.component.CN.ftbw	erwSRoe	FragmentManager
string	io.intercom.android.sdk.helpcenter.component.CN.ftbw	jeMMj	updateRemoteConfigDebugSelectedOption
string	io.intercom.android.sdk.helpcenter.component.CN.ftbw	nRQOU	networkType
string	io.intercom.android.sdk.helpcenter.component.CN.ftbw	nSszYkzNyLzZKyn	dest
string	io.intercom.android.sdk.helpcenter.component.CN.ftbw	pCkDnTuQrBbSaAc	buildSelectionDescription
string	io.intercom.android.sdk.helpcenter.component.CN.ftbw	rvDlZuyymzXKooR	application/cea-708
string	io.intercom.android.sdk.helpcenter.component.CN.ftbw	tkDvihX	 number=
string	io.intercom.android.sdk.helpcenter.component.CN.ftbw	vkriyxeO	isIndividualMediaLocked
string	io.intercom.android.sdk.helpcenter.component.CN.ftbw	xYzXy	file
string	io.intercom.android.sdk.helpcenter.component.CN.ftbw	yFcineNkticnly	start_recorder
string	io.intercom.android.sdk.helpcenter.component.CN.ftbw	zghfJkOgNoCdp	programId
string	io.intercom.android.sdk.helpcenter.component.CN.ftbw	zmRlnCJ	zzg
string	ipnossoft.rma.free.feed.model.animation.yFX.sbXRGXmka	ALne	Storing index file failed
string	ipnossoft.rma.free.feed.model.animation.yFX.sbXRGXmka	AmmTRjIAqwampEH	location
string	ipnossoft.rma.free.feed.model.animation.yFX.sbXRGXmka	AsiDyZsYJaZSd	call to 'resume' before 'invoke' with coroutine
string	ipnossoft.rma.free.feed.model.animation.yFX.sbXRGXmka	Ayj	json
string	ipnossoft.rma.free.feed.model.animation.yFX.sbXRGXmka	BKEeUOi	_selected
string	ipnossoft.rma.free.feed.model.animation.yFX.sbXRGXmka	DRpjQzTgZN	<this>
string	ipnossoft.rma.free.feed.model.animation.yFX.sbXRGXmka	FOGxRoVuqgFIurL	PARSE_ERROR_ARGUMENT
string	ipnossoft.rma.free.feed.model.animation.yFX.sbXRGXmka	FjfXFfXUnd	application
string	ipnossoft.rma.free.feed.model.animation.yFX.sbXRGXmka	MHABvkZYe	CodedInputStream encountered an embedded string or message which claimed to have negative size.
string	ipnossoft.rma.free.feed.model.animation.yFX.sbXRGXmka	MeyHaSXTBDktuZ	storageBucket
string	ipnossoft.rma.free.feed.model.animation.yFX.sbXRGXmka	OGiMDAVegXsXVJe	flagValues
string	ipnossoft.rma.free.feed.model.animation.yFX.sbXRGXmka	RgTmMFDucNrVTG	, input=
string	ipnossoft.rma.free.feed.model.animation.yFX.sbXRGXmka	SiJaCLqbXUw	partnership_id
string	ipnossoft.rma.free.feed.model.animation.yFX.sbXRGXmka	ThiqCFaOjjMq	EOF
string	ipnossoft.rma.free.feed.model.animation.yFX.sbXRGXmka	UUGJuFPBZYaXfmx	value
string	ipnossoft.rma.free.feed.model.animation.yFX.sbXRGXmka	UXE	ia
string	ipnossoft.rma.free.feed.model.animation.yFX.sbXRGXmka	VwQRsfaGb	SAVED
string	ipnossoft.rma.free.feed.model.animation.yFX.sbXRGXmka	WUJTFgWnswF	, durationMinutes=
string	ipnossoft.rma.free.feed.model.animation.yFX.sbXRGXmka	WkaxwRnyktA	getAttachments(...)
string	ipnossoft.rma.free.feed.model.animation.yFX.sbXRGXmka	XNL	inflate(...)
string	ipnossoft.rma.free.feed.model.animation.yFX.sbXRGXmka	ZfW	sharedPrefs
string	ipnossoft.rma.free.feed.model.animation.yFX.sbXRGXmka	ZkdbBopAr	nextString(...)
string	ipnossoft.rma.free.feed.model.animation.yFX.sbXRGXmka	caoxaPh	Scroll cancelled
string	ipnossoft.rma.free.feed.model.animation.yFX.sbXRGXmka	fFgPYtzdNClaJ	tutorialStep
string	ipnossoft.rma.free.feed.model.animation.yFX.sbXRGXmka	gqwYFOApNCAQK	media3.database
string	ipnossoft.rma.free.feed.model.animation.yFX.sbXRGXmka	hiTZqQt	meditationRepository
string	ipnossoft.rma.free.feed.model.animation.yFX.sbXRGXmka	iSkZnZ	 when previously processed chunk was number 
string	ipnossoft.rma.free.feed.model.animation.yFX.sbXRGXmka	jgSgXoESWacPh	node
string	ipnossoft.rma.free.feed.model.animation.yFX.sbXRGXmka	juoDPHgdszsDmCF	video/wvc1
string	ipnossoft.rma.free.feed.model.animation.yFX.sbXRGXmka	kdHXCGSrUl	suckmydick
string	ipnossoft.rma.free.feed.model.animation.yFX.sbXRGXmka	lGYteKAtUAQDz	output
string	ipnossoft.rma.free.feed.model.animation.yFX.sbXRGXmka	nrklHcjoA	Optional.absent()
string	ipnossoft.rma.free.feed.model.animation.yFX.sbXRGXmka	oWLgVL	FEATURES_AB_TEST_PATH
string	ipnossoft.rma.free.feed.model.animation.yFX.sbXRGXmka	ojIyq	vzw.os.rooted
string	ipnossoft.rma.free.feed.model.animation.yFX.sbXRGXmka	qcWe	<this>
string	ipnossoft.rma.free.feed.model.animation.yFX.sbXRGXmka	qxkTPGJg	SHARE_CAMERA_EFFECT
string	ipnossoft.rma.free.feed.model.animation.yFX.sbXRGXmka	sFtvowj	Error in handleResponse: 
string	ipnossoft.rma.free.feed.model.animation.yFX.sbXRGXmka	ttY	item_index
string	ipnossoft.rma.free.feed.model.animation.yFX.sbXRGXmka	ymgux	AFPurchaseDetails(purchaseType=
string	ipnossoft.rma.free.feed.model.animation.yFX.sbXRGXmka	zKgvkypB	call to 'resume' before 'invoke' with coroutine
string	ipnossoft.rma.free.feed.model.animation.yFX.sbXRGXmka	zyFMzoMwNMTLV	) : 
string	ipnossoft.rma.free.feed.model.animation.yFX.sbXRGXmka	zzVhVMj	composableUiState
string	ipnossoft.rma.free.habit.iFcS.tAsKJUyfopwcq	GxM	Failed to decode Query data for target %s
string	ipnossoft.rma.free.habit.iFcS.tAsKJUyfopwcq	HtwzZjat	bitField0_
string	ipnossoft.rma.free.habit.iFcS.tAsKJUyfopwcq	KcitmVDKLMdNv	pendingMessages
string	ipnossoft.rma.free.habit.iFcS.tAsKJUyfopwcq	LNE	activeDay
string	ipnossoft.rma.free.habit.iFcS.tAsKJUyfopwcq	LTeJUnVCDjTMUyg	 writer close
string	ipnossoft.rma.free.habit.iFcS.tAsKJUyfopwcq	LeLukLwFAjfv	notNullArrayType
string	ipnossoft.rma.free.habit.iFcS.tAsKJUyfopwcq	NDFmwzhbgdzLHEA	)
string	ipnossoft.rma.free.habit.iFcS.tAsKJUyfopwcq	OHbOMLbeebG	, backgroundOpacity=
string	ipnossoft.rma.free.habit.iFcS.tAsKJUyfopwcq	ObXDaRpivayF	OnboardingFlexibleSlideShow
string	ipnossoft.rma.free.habit.iFcS.tAsKJUyfopwcq	POYeTOIHHNR	it
string	ipnossoft.rma.free.habit.iFcS.tAsKJUyfopwcq	POnlZKLJG	[unknown]
string	ipnossoft.rma.free.habit.iFcS.tAsKJUyfopwcq	QOHagmC	max size already set
string	ipnossoft.rma.free.habit.iFcS.tAsKJUyfopwcq	RWdJMcvfBMNVLb	EVENT
string	ipnossoft.rma.free.habit.iFcS.tAsKJUyfopwcq	RuoPz	routines
string	ipnossoft.rma.free.habit.iFcS.tAsKJUyfopwcq	RxVkBPIeNsb	observeSubscriptionChanges
string	ipnossoft.rma.free.habit.iFcS.tAsKJUyfopwcq	SWGxFdcgNVAXd	ob-happysleepdiagnostics
string	ipnossoft.rma.free.habit.iFcS.tAsKJUyfopwcq	SmWUNlfywx	)
string	ipnossoft.rma.free.habit.iFcS.tAsKJUyfopwcq	VRN	parameter
string	ipnossoft.rma.free.habit.iFcS.tAsKJUyfopwcq	YJcuSYukfTjhGF	inst_app
string	ipnossoft.rma.free.habit.iFcS.tAsKJUyfopwcq	YllJLynHhDE	suggested_habits
string	ipnossoft.rma.free.habit.iFcS.tAsKJUyfopwcq	aBu	SFIXED32_LIST
string	ipnossoft.rma.free.habit.iFcS.tAsKJUyfopwcq	bHJWmWZP	modifier
string	ipnossoft.rma.free.habit.iFcS.tAsKJUyfopwcq	bLpBk	link
string	ipnossoft.rma.free.habit.iFcS.tAsKJUyfopwcq	bvPUtjNpXEIkD	: 
string	ipnossoft.rma.free.habit.iFcS.tAsKJUyfopwcq	cqCImoWZWmkXP	outside
string	ipnossoft.rma.free.habit.iFcS.tAsKJUyfopwcq	dsVp	audio/flac
string	ipnossoft.rma.free.habit.iFcS.tAsKJUyfopwcq	faUXRYhIwW	value was null! Wrap in .nullSafe() to write nullable values.
string	ipnossoft.rma.free.habit.iFcS.tAsKJUyfopwcq	gbmFhRtYTosz	buildMixFeedCarouselData
string	ipnossoft.rma.free.habit.iFcS.tAsKJUyfopwcq	hyVMbPVkAYuVhA	options
string	ipnossoft.rma.free.habit.iFcS.tAsKJUyfopwcq	iJJPz	getStaticScope(...)
string	ipnossoft.rma.free.habit.iFcS.tAsKJUyfopwcq	iOpY	NO_SUCH_PROVIDER
string	ipnossoft.rma.free.habit.iFcS.tAsKJUyfopwcq	ijZsfZYSvsgwwrL	es
string	ipnossoft.rma.free.habit.iFcS.tAsKJUyfopwcq	jjRxBOJ	Double
string	ipnossoft.rma.free.habit.iFcS.tAsKJUyfopwcq	kRf	Active 15m ago
string	ipnossoft.rma.free.habit.iFcS.tAsKJUyfopwcq	kkSqQt	CLIENT_STREAMING
string	ipnossoft.rma.free.habit.iFcS.tAsKJUyfopwcq	kmMnXLGh	
string	ipnossoft.rma.free.habit.iFcS.tAsKJUyfopwcq	lVIhs	factory
string	ipnossoft.rma.free.habit.iFcS.tAsKJUyfopwcq	lsOjnGR	Terror
string	ipnossoft.rma.free.habit.iFcS.tAsKJUyfopwcq	lyHaloSKG	os.json
string	ipnossoft.rma.free.habit.iFcS.tAsKJUyfopwcq	mjaD	
string	ipnossoft.rma.free.habit.iFcS.tAsKJUyfopwcq	nvEzFrCqTnC	content
string	ipnossoft.rma.free.habit.iFcS.tAsKJUyfopwcq	oHPREbtFyqjC	measurement.test.string_flag
string	ipnossoft.rma.free.habit.iFcS.tAsKJUyfopwcq	obVx	:method
string	ipnossoft.rma.free.habit.iFcS.tAsKJUyfopwcq	tSfyainFt	minutesStageLight
string	ipnossoft.rma.free.habit.iFcS.tAsKJUyfopwcq	tWT	setImageOutput
string	ipnossoft.rma.free.habit.iFcS.tAsKJUyfopwcq	wMcekgfJipYQMno	sessionPersistent
string	ipnossoft.rma.free.habit.iFcS.tAsKJUyfopwcq	xomDFLhqMXoHOo	Vo2Max
string	ipnossoft.rma.free.mixes.community.submit.wzr.QZKfGYbHFvZu	AQEpKPvBlrK	]
string	ipnossoft.rma.free.mixes.community.submit.wzr.QZKfGYbHFvZu	AZrIvyOMLKWRS	PUT
string	ipnossoft.rma.free.mixes.community.submit.wzr.QZKfGYbHFvZu	DTw	call to 'resume' before 'invoke' with coroutine
string	ipnossoft.rma.free.mixes.community.submit.wzr.QZKfGYbHFvZu	EWqusbeGI	elements
string	ipnossoft.rma.free.mixes.community.submit.wzr.QZKfGYbHFvZu	Emgqsiyt	oracle.jms.AQjmsXAQueueConnectionFactory
string	ipnossoft.rma.free.mixes.community.submit.wzr.QZKfGYbHFvZu	FLnefOrKovXGQIn	playlist
string	ipnossoft.rma.free.mixes.community.submit.wzr.QZKfGYbHFvZu	FdD	minutesStageLight
string	ipnossoft.rma.free.mixes.community.submit.wzr.QZKfGYbHFvZu	FseBLpbeX	null cannot be cast to non-null type androidx.compose.foundation.lazy.layout.TraversablePrefetchStateNode
string	ipnossoft.rma.free.mixes.community.submit.wzr.QZKfGYbHFvZu	JBRDPDqLyDVS	exit_trace
string	ipnossoft.rma.free.mixes.community.submit.wzr.QZKfGYbHFvZu	JbCazCw	, negativeOptions=
string	ipnossoft.rma.free.mixes.community.submit.wzr.QZKfGYbHFvZu	JgTPiAdf	
string	ipnossoft.rma.free.mixes.community.submit.wzr.QZKfGYbHFvZu	KauojEkltdWVon	_connection
string	ipnossoft.rma.free.mixes.community.submit.wzr.QZKfGYbHFvZu	LvARDnbxCbbL	hide_sleep_notes_dialog
string	ipnossoft.rma.free.mixes.community.submit.wzr.QZKfGYbHFvZu	MojTfvuNPsj	Map
string	ipnossoft.rma.free.mixes.community.submit.wzr.QZKfGYbHFvZu	NtnYMdsFMZbWaW	soundContentFavoriteObservable
string	ipnossoft.rma.free.mixes.community.submit.wzr.QZKfGYbHFvZu	OiXxgkfsmHBu	Unsupported type: ImageRequest.Builder. Did you forget to call ImageRequest.Builder.build()?
string	ipnossoft.rma.free.mixes.community.submit.wzr.QZKfGYbHFvZu	PsxGqJeR	Purr
string	ipnossoft.rma.free.mixes.community.submit.wzr.QZKfGYbHFvZu	ROBjCc	state
string	ipnossoft.rma.free.mixes.community.submit.wzr.QZKfGYbHFvZu	RRP	backgroundImage
string	ipnossoft.rma.free.mixes.community.submit.wzr.QZKfGYbHFvZu	SJkAtUHq	call to 'resume' before 'invoke' with coroutine
string	ipnossoft.rma.free.mixes.community.submit.wzr.QZKfGYbHFvZu	UPPtE	$this$navArgument
string	ipnossoft.rma.free.mixes.community.submit.wzr.QZKfGYbHFvZu	WAfQ	https://
string	ipnossoft.rma.free.mixes.community.submit.wzr.QZKfGYbHFvZu	YdzD	unchecked
string	ipnossoft.rma.free.mixes.community.submit.wzr.QZKfGYbHFvZu	cPVQhbgNISN	_embedded
string	ipnossoft.rma.free.mixes.community.submit.wzr.QZKfGYbHFvZu	csLMa	s263
string	ipnossoft.rma.free.mixes.community.submit.wzr.QZKfGYbHFvZu	eSsq	Port must be between 0 and 65535, or 0 if not set. Provided: 
string	ipnossoft.rma.free.mixes.community.submit.wzr.QZKfGYbHFvZu	epbmQamsPX	r
string	ipnossoft.rma.free.mixes.community.submit.wzr.QZKfGYbHFvZu	fcj	<this>
string	ipnossoft.rma.free.mixes.community.submit.wzr.QZKfGYbHFvZu	fjtlluAlUouGsLL	\tRemoved 
string	ipnossoft.rma.free.mixes.community.submit.wzr.QZKfGYbHFvZu	hCisZsOOngRqcmN	RFDiagnostics
string	ipnossoft.rma.free.mixes.community.submit.wzr.QZKfGYbHFvZu	hPBGxGIKVyrwfb	SDK is stopped, Promote Impression is disabled
string	ipnossoft.rma.free.mixes.community.submit.wzr.QZKfGYbHFvZu	hSNDjR	call to 'resume' before 'invoke' with coroutine
string	ipnossoft.rma.free.mixes.community.submit.wzr.QZKfGYbHFvZu	jMglpIJ	Could not call setClipToScreenEnabled() on PopupWindow. Oh well.
string	ipnossoft.rma.free.mixes.community.submit.wzr.QZKfGYbHFvZu	jcJMaCwke	coroutineScope
string	ipnossoft.rma.free.mixes.community.submit.wzr.QZKfGYbHFvZu	oMzE	COPY
string	ipnossoft.rma.free.mixes.community.submit.wzr.QZKfGYbHFvZu	qJZlDIKBJqS	name
string	ipnossoft.rma.free.mixes.community.submit.wzr.QZKfGYbHFvZu	qQPzjAuhfBigkZS	The tag for chronotype_info_debug_fragment is invalid. Received: 
string	ipnossoft.rma.free.mixes.community.submit.wzr.QZKfGYbHFvZu	qXnlnDbAP	sections
string	ipnossoft.rma.free.mixes.community.submit.wzr.QZKfGYbHFvZu	rBUfXFFRC	title
string	ipnossoft.rma.free.mixes.community.submit.wzr.QZKfGYbHFvZu	sKuEVnzthtV	, layout=
string	ipnossoft.rma.free.mixes.community.submit.wzr.QZKfGYbHFvZu	sfzs	name
string	ipnossoft.rma.free.mixes.community.submit.wzr.QZKfGYbHFvZu	tEBZMTKXxKE	No main slice available for pack '
string	ipnossoft.rma.free.mixes.community.submit.wzr.QZKfGYbHFvZu	wUj	Unpaired surrogate at index 
string	ipnossoft.rma.free.partnership.standard.data.UN.HdFkN	BnNhDQxyqV	null cannot be cast to non-null type kotlin.Array<E of androidx.compose.runtime.external.kotlinx.collections.immutable.implementations.immutableList.TrieIterator>
string	ipnossoft.rma.free.partnership.standard.data.UN.HdFkN	CHJHURxtNkotX	Paging
string	ipnossoft.rma.free.partnership.standard.data.UN.HdFkN	CMLVXBrwb	key
string	ipnossoft.rma.free.partnership.standard.data.UN.HdFkN	DHLCDaP	<this>
string	ipnossoft.rma.free.partnership.standard.data.UN.HdFkN	EsTFyQjVNoWT	Jungle
string	ipnossoft.rma.free.partnership.standard.data.UN.HdFkN	FNuTUBjOsnnMamB	conditions
string	ipnossoft.rma.free.partnership.standard.data.UN.HdFkN	FwjzVNSSzxpEI	events/trackInAppOpen
string	ipnossoft.rma.free.partnership.standard.data.UN.HdFkN	FxTzLSOS	userId
string	ipnossoft.rma.free.partnership.standard.data.UN.HdFkN	HTp	Lakeshore
string	ipnossoft.rma.free.partnership.standard.data.UN.HdFkN	IJazb	fb_travel_start
string	ipnossoft.rma.free.partnership.standard.data.UN.HdFkN	JBiRyplZcLPdP	ws://
string	ipnossoft.rma.free.partnership.standard.data.UN.HdFkN	LouFVuJVNvLM	%]
string	ipnossoft.rma.free.partnership.standard.data.UN.HdFkN	MWZbLgjIciCn	Required argument "soundContentId" is missing and does not have an android:defaultValue
string	ipnossoft.rma.free.partnership.standard.data.UN.HdFkN	MbUAtITG	aid
string	ipnossoft.rma.free.partnership.standard.data.UN.HdFkN	ONAoiKBVJCVwKV	queue=(size=
string	ipnossoft.rma.free.partnership.standard.data.UN.HdFkN	OTcGao	OnlineRequestProcessor
string	ipnossoft.rma.free.partnership.standard.data.UN.HdFkN	OVKPXcwk	MESSAGE_FAILED
string	ipnossoft.rma.free.partnership.standard.data.UN.HdFkN	PsbwviAGBf	, isBuffering=
string	ipnossoft.rma.free.partnership.standard.data.UN.HdFkN	QEYDsVVwXOJ	context
string	ipnossoft.rma.free.partnership.standard.data.UN.HdFkN	QxCxKOtrFj	context
string	ipnossoft.rma.free.partnership.standard.data.UN.HdFkN	STglcDUNTH	feedComponents
string	ipnossoft.rma.free.partnership.standard.data.UN.HdFkN	TrMSXnjHD	recovery_message
string	ipnossoft.rma.free.partnership.standard.data.UN.HdFkN	WbPRw	events
string	ipnossoft.rma.free.partnership.standard.data.UN.HdFkN	YSuTUywZ	', but they were missing
string	ipnossoft.rma.free.partnership.standard.data.UN.HdFkN	YWryzxUxEq	favorites
string	ipnossoft.rma.free.partnership.standard.data.UN.HdFkN	Yscm	, 
string	ipnossoft.rma.free.partnership.standard.data.UN.HdFkN	aWTdYfhpRhMshs	buildVersion
string	ipnossoft.rma.free.partnership.standard.data.UN.HdFkN	dGmulptnHoE	filterableSoundContents
string	ipnossoft.rma.free.partnership.standard.data.UN.HdFkN	foaqTJR	firstCategoryTime
string	ipnossoft.rma.free.partnership.standard.data.UN.HdFkN	fyIryPmmeUmGyE	iconName
string	ipnossoft.rma.free.partnership.standard.data.UN.HdFkN	gBDs	app_version
string	ipnossoft.rma.free.partnership.standard.data.UN.HdFkN	gml	 is less than minimum 
string	ipnossoft.rma.free.partnership.standard.data.UN.HdFkN	ikZQ	moshi
string	ipnossoft.rma.free.partnership.standard.data.UN.HdFkN	ilhPTlgif	fb_max_rating_value
string	ipnossoft.rma.free.partnership.standard.data.UN.HdFkN	kMZAgYkxVecTFd	Params(routineTemplateId=
string	ipnossoft.rma.free.partnership.standard.data.UN.HdFkN	nGSa	whatsNewDataStore
string	ipnossoft.rma.free.partnership.standard.data.UN.HdFkN	pTaaOm	animal-name-text
string	ipnossoft.rma.free.partnership.standard.data.UN.HdFkN	pWMRSDkXXOfpwMs	i_starts_with
string	ipnossoft.rma.free.partnership.standard.data.UN.HdFkN	qWrDMCYswIQdP	FirebaseCrashlytics
string	ipnossoft.rma.free.partnership.standard.data.UN.HdFkN	qvQ	trackers
string	ipnossoft.rma.free.partnership.standard.data.UN.HdFkN	teGR	Only version 0 keys are accepted
string	ipnossoft.rma.free.partnership.standard.data.UN.HdFkN	ukwuJrgoYeLvuQn	fonts/
string	ipnossoft.rma.free.partnership.standard.data.UN.HdFkN	xJqgEaPO	, diskSpace=
string	ipnossoft.rma.free.partnership.standard.data.UN.HdFkN	zAplS	description
string	ipnossoft.rma.free.partnership.standard.data.UN.HdFkN	zKN	analytics_session_count
string	ipnossoft.rma.free.settings.offers.KvLM.cGhVF	BBccFNTA	 
string	ipnossoft.rma.free.settings.offers.KvLM.cGhVF	BXycHszGCxy	wasServiceAutoReconnected
string	ipnossoft.rma.free.settings.offers.KvLM.cGhVF	Boih	preview_content_ending
string	ipnossoft.rma.free.settings.offers.KvLM.cGhVF	ClibxgdSXpCrQ	ALLOW_TRAILING_COMMA
string	ipnossoft.rma.free.settings.offers.KvLM.cGhVF	DHzvdQqQiPPLf	eventData
string	ipnossoft.rma.free.settings.offers.KvLM.cGhVF	FZCvbSjrvNQAwNc	GeneratedJsonAdapter(FeedAnimationComponent)
string	ipnossoft.rma.free.settings.offers.KvLM.cGhVF	FgkCmgq	textEmphasis
string	ipnossoft.rma.free.settings.offers.KvLM.cGhVF	HHSymuzaLcYDtva	routineScreenStopButton
string	ipnossoft.rma.free.settings.offers.KvLM.cGhVF	ITVTHglQ	password cannot be null or empty
string	ipnossoft.rma.free.settings.offers.KvLM.cGhVF	InyBzVhBGyR	is_deferred
string	ipnossoft.rma.free.settings.offers.KvLM.cGhVF	KDCiXBILC	kotlinx.coroutines.main.delay
string	ipnossoft.rma.free.settings.offers.KvLM.cGhVF	KDvuVNtPU	, label=
string	ipnossoft.rma.free.settings.offers.KvLM.cGhVF	KStnMNURtyxZyPK	Thrash Metal
string	ipnossoft.rma.free.settings.offers.KvLM.cGhVF	LUSqtlnPOMkoUh	BOOLEAN
string	ipnossoft.rma.free.settings.offers.KvLM.cGhVF	NMbi	_o
string	ipnossoft.rma.free.settings.offers.KvLM.cGhVF	NRUjDlLbdfxV	Could not find method setClipToScreenEnabled() on PopupWindow. Oh well.
string	ipnossoft.rma.free.settings.offers.KvLM.cGhVF	NuwhNzeRsNAkz	, contentUriTriggers=
string	ipnossoft.rma.free.settings.offers.KvLM.cGhVF	OghL	text
string	ipnossoft.rma.free.settings.offers.KvLM.cGhVF	PccvbRsp	clazz
string	ipnossoft.rma.free.settings.offers.KvLM.cGhVF	QMXFQFccFrlKAU	X-SKIP-CONTROL-LABEL-ID="((?:.|)+?)"
string	ipnossoft.rma.free.settings.offers.KvLM.cGhVF	QodUYWNRNOS	MOBILE_APP_INSTALL has been logged
string	ipnossoft.rma.free.settings.offers.KvLM.cGhVF	Qtu	GMT
string	ipnossoft.rma.free.settings.offers.KvLM.cGhVF	SuvNsUniDBDtb	IntercomTopBarIcon(iconRes=
string	ipnossoft.rma.free.settings.offers.KvLM.cGhVF	TDeiOZ	sounds
string	ipnossoft.rma.free.settings.offers.KvLM.cGhVF	UtHGp	application/pgs
string	ipnossoft.rma.free.settings.offers.KvLM.cGhVF	VYLBFBIuxhu	@SerializedName on 
string	ipnossoft.rma.free.settings.offers.KvLM.cGhVF	WLKHnPUV	sleep_recorder_landed
string	ipnossoft.rma.free.settings.offers.KvLM.cGhVF	WoDyegVVHqumQ	kotlin.ignore.old.metadata
string	ipnossoft.rma.free.settings.offers.KvLM.cGhVF	ZJXVkUolPKNdF	call to 'resume' before 'invoke' with coroutine
string	ipnossoft.rma.free.settings.offers.KvLM.cGhVF	aZwlInYxPJSFtSC	TLS_DHE_DSS_WITH_AES_128_CBC_SHA256
string	ipnossoft.rma.free.settings.offers.KvLM.cGhVF	aol	uiState
string	ipnossoft.rma.free.settings.offers.KvLM.cGhVF	clYZfpfxPcaj	_ev
string	ipnossoft.rma.free.settings.offers.KvLM.cGhVF	dGgNlW	NOT_SUPPORTED_ERR
string	ipnossoft.rma.free.settings.offers.KvLM.cGhVF	fmH	handleSuccessfulWrite
string	ipnossoft.rma.free.settings.offers.KvLM.cGhVF	fsnQgEnfZ	asmr
string	ipnossoft.rma.free.settings.offers.KvLM.cGhVF	ghTEAvflvC	lineNr
string	ipnossoft.rma.free.settings.offers.KvLM.cGhVF	iTlBenYmbn	mylibrary
string	ipnossoft.rma.free.settings.offers.KvLM.cGhVF	iiKHoHqhNdth	pokeByte
string	ipnossoft.rma.free.settings.offers.KvLM.cGhVF	lqopwP	toggleNext
string	ipnossoft.rma.free.settings.offers.KvLM.cGhVF	mZLMrGMZKn	dest
string	ipnossoft.rma.free.settings.offers.KvLM.cGhVF	mzwASdIrQ	click_home
string	ipnossoft.rma.free.settings.offers.KvLM.cGhVF	psgHAqnq	\nfindKotlinClass(ClassId) = 
string	ipnossoft.rma.free.settings.offers.KvLM.cGhVF	qhCZITFzxYrXsqs	PRIMARY
string	ipnossoft.rma.free.settings.offers.KvLM.cGhVF	rPsfveXwHgj	Der Schlafwert ist hilfreich
string	ipnossoft.rma.free.settings.offers.KvLM.cGhVF	rVIxQD	...
string	ipnossoft.rma.free.settings.offers.KvLM.cGhVF	rrJv	response
string	ipnossoft.rma.free.settings.offers.KvLM.cGhVF	tSHaCCkyOR	writer
string	ipnossoft.rma.free.settings.offers.KvLM.cGhVF	tdhLvySemPBD	powerConnectionManager
string	ipnossoft.rma.free.settings.offers.KvLM.cGhVF	uFSIfms	file
string	ipnossoft.rma.free.settings.offers.KvLM.cGhVF	zAsmWr	playcore.integrity.version.patch
string	je.Xv.TkVeMZDY	CRLWdrsheN	java/util/
string	je.Xv.TkVeMZDY	DBJdrg	', articleId='
string	je.Xv.TkVeMZDY	DnXkaUHxquw	volume
string	je.Xv.TkVeMZDY	FQKPWQVjmgitVIZ	abTestingVariationLoader
string	je.Xv.TkVeMZDY	FlVtMgLZLt	Default event parameters too long for local database. Sending directly to service
string	je.Xv.TkVeMZDY	JfLAlq	BOOL
string	je.Xv.TkVeMZDY	MdEhBK	coroutineScope
string	je.Xv.TkVeMZDY	NSnDDKouBpUIVO	connection resume failed without error
string	je.Xv.TkVeMZDY	NXHhoRHzYT	
string	je.Xv.TkVeMZDY	NgoI	title
string	je.Xv.TkVeMZDY	OFMJLlXotpAGgop	phoenix_main_process_pid
string	je.Xv.TkVeMZDY	PJrTcjNpDkbDR	null cannot be cast to non-null type org.jetbrains.kotlin.descriptors.runtime.structure.ReflectJavaClass
string	je.Xv.TkVeMZDY	QaRgxmEwOZGma	, backgroundColor=
string	je.Xv.TkVeMZDY	RfnVdekQ	property
string	je.Xv.TkVeMZDY	RqmAkQHQVuADmqd	toLowerCase(...)
string	je.Xv.TkVeMZDY	SzMVBZdpaoq	Sentences
string	je.Xv.TkVeMZDY	TrSngijsgQbLhd	zzi
string	je.Xv.TkVeMZDY	UvqVXVbpEnCp	coroutineScope
string	je.Xv.TkVeMZDY	Uwvi	get(...)
string	je.Xv.TkVeMZDY	VTYBpiBQF	)
string	je.Xv.TkVeMZDY	WNOOiJZkv	string
string	je.Xv.TkVeMZDY	WfVNzNJ	SAFE_BROWSING_RESPONSE_PROCEED
string	je.Xv.TkVeMZDY	XWiC	fqName
string	je.Xv.TkVeMZDY	YjoBPeXgm	Requested character count 
string	je.Xv.TkVeMZDY	ZJupBnW	RESULT_INSTALL_SKIP_FILE_SUCCESS
string	je.Xv.TkVeMZDY	cDQfJPG	overridden
string	je.Xv.TkVeMZDY	cZFC	endTime
string	je.Xv.TkVeMZDY	ccLBkbRtRJot	)
string	je.Xv.TkVeMZDY	csa	title
string	je.Xv.TkVeMZDY	diWsxrJuawD	userStatus
string	je.Xv.TkVeMZDY	eHAZ	key
string	je.Xv.TkVeMZDY	fxXxwHTtsiwzR	Encountered an unknown key '
string	je.Xv.TkVeMZDY	gRJfqZAezWYxi	CREATE TABLE IF NOT EXISTS NightTimestampEntity (\nid INTEGER NOT NULL PRIMARY KEY AUTOINCREMENT,\ntimestamp INTEGER NOT NULL\n)
string	je.Xv.TkVeMZDY	gbpycPMOJrG	Future.cancel() was called.
string	je.Xv.TkVeMZDY	ktQSNq	key %d has unknown status
string	je.Xv.TkVeMZDY	lIxxsBNH	[
string	je.Xv.TkVeMZDY	loiI	LEAF
string	je.Xv.TkVeMZDY	myNTe	impact-click-id
string	je.Xv.TkVeMZDY	nYRWeaIPhEkXgQT	composer
string	je.Xv.TkVeMZDY	pjOXQuTxdUL	See https://www.slf4j.org/codes.html#version_mismatch for further details.
string	je.Xv.TkVeMZDY	rzuSpeGpzbzpp	questionId
string	je.Xv.TkVeMZDY	sTXPKNitXnU	und
string	je.Xv.TkVeMZDY	sYsXVeeryZK	Unexpected leading comma
string	je.Xv.TkVeMZDY	tTtwBfJacEaxTd	Params(routine=
string	je.Xv.TkVeMZDY	tYavBkV	className
string	je.Xv.TkVeMZDY	wBniwPj	,\n\t\tbut emission happened in 
string	je.Xv.TkVeMZDY	wHtHwkbXBwqFD	PriceSlotConfigNotFound
string	je.Xv.TkVeMZDY	yXr	BREATHE
string	je.Xv.TkVeMZDY	yyhbnZHPYjqpEuD	remoteConfig
string	m5.UE.nKWoSuKGTC	BLVdPZ	provideDelegate
string	m5.UE.nKWoSuKGTC	BneDvRwRApe	feedType
string	m5.UE.nKWoSuKGTC	DsrpgKWH	whitetrash
string	m5.UE.nKWoSuKGTC	ExF	id
string	m5.UE.nKWoSuKGTC	EyZdWvNQjZIc	packageFqName
string	m5.UE.nKWoSuKGTC	FzIBhbHIb	MessageListCoordinates(boundsInParent=
string	m5.UE.nKWoSuKGTC	IXgMIpmhQFN	finder
string	m5.UE.nKWoSuKGTC	KKmrCFHFbu	com.facebook.platform.extra.APPLICATION_NAME
string	m5.UE.nKWoSuKGTC	LFHp	))
string	m5.UE.nKWoSuKGTC	LqBqsInYztvK	kums
string	m5.UE.nKWoSuKGTC	OOnObs	, customTitle=
string	m5.UE.nKWoSuKGTC	PVqXPqtKLeqESrF	NoSuchAlgorithm: 
string	m5.UE.nKWoSuKGTC	QemgRO	child
string	m5.UE.nKWoSuKGTC	QlhrpzMKf	context
string	m5.UE.nKWoSuKGTC	RmIkQvad	displayName
string	m5.UE.nKWoSuKGTC	RmjsbwGmZfq	avatarUrl
string	m5.UE.nKWoSuKGTC	SAqwgNdiMKcHH	v
string	m5.UE.nKWoSuKGTC	SdqZIm	location
string	m5.UE.nKWoSuKGTC	TuVVawjYsnssBzW	uiState
string	m5.UE.nKWoSuKGTC	UGh	NavigateBack
string	m5.UE.nKWoSuKGTC	UPT	toUpperCase(...)
string	m5.UE.nKWoSuKGTC	UkvXIUOgCqSjnYp	char
string	m5.UE.nKWoSuKGTC	UsasIWoaJYsfCFV	deeplink
string	m5.UE.nKWoSuKGTC	YWaH	unexpected rangesIndex for 
string	m5.UE.nKWoSuKGTC	ZWDDmkeVIUQRgZX	sku
string	m5.UE.nKWoSuKGTC	avm	bitField0_
string	m5.UE.nKWoSuKGTC	bTAaJlmMwowjN	SERVICE_UNAVAILABLE
string	m5.UE.nKWoSuKGTC	cVmxL	data
string	m5.UE.nKWoSuKGTC	ddRrNYNYDT	[collection-like type; class 
string	m5.UE.nKWoSuKGTC	eEcdMGxtHPYESe	, feedCarouselTextInfo=
string	m5.UE.nKWoSuKGTC	fXJ	calculateExpirationTimeFromSku
string	m5.UE.nKWoSuKGTC	hGcwgTlIvM	Unknown AesCmacParametersParameters.Variant: 
string	m5.UE.nKWoSuKGTC	hhDzDaVVORTKVdf	measurement.sgtm.batch.retry_max_wait
string	m5.UE.nKWoSuKGTC	lZnwKCEJ	getCapabilities(...)
string	m5.UE.nKWoSuKGTC	lcpecMEUyTYBmRl	input_method
string	m5.UE.nKWoSuKGTC	mBrNaZAlX	favoriteRepository
string	m5.UE.nKWoSuKGTC	mXzdzgcSpb	%s: %s
string	m5.UE.nKWoSuKGTC	mbDkUzIijx	category
string	m5.UE.nKWoSuKGTC	nbXlSdnBngxDRrq	scaleY
string	m5.UE.nKWoSuKGTC	oCHRXsQhwRtC	null cannot be cast to non-null type androidx.compose.runtime.snapshots.StateListStateRecord<T of androidx.compose.runtime.snapshots.SnapshotStateListKt.writable>
string	m5.UE.nKWoSuKGTC	oOdAKpoyTksAJ	fetchRecommendedProgram
string	m5.UE.nKWoSuKGTC	olXIwkHag	$this$AnimatedVisibility
string	m5.UE.nKWoSuKGTC	stLnRnhhvD	communication_fragment
string	m5.UE.nKWoSuKGTC	uRFNaYZybB	viewModelStore
string	m5.UE.nKWoSuKGTC	uVWIqSkoijuMs	it
string	m5.UE.nKWoSuKGTC	udwNhhS	chain
string	m5.UE.nKWoSuKGTC	uhQrNPSxbgI	typeAliasList
string	m5.UE.nKWoSuKGTC	wwByxRpoOMCTjX	 
string	m5.UE.nKWoSuKGTC	xrHiwkA	anr
string	m5.UE.nKWoSuKGTC	xsQRW	com.google.android.gms.auth.service.START
string	m5.UE.nKWoSuKGTC	ydXUzMR	<this>
string	m5.UE.nKWoSuKGTC	zetdfBCAXVV	com.google.android.gms.auth.api.identity.internal.IAuthorizationCallback
string	m5.UE.nKWoSuKGTC	zgyeDYKSBLIgWX	 top = 
string	qa.RY.gLiU	APPQw	contentComingSoonReminder
string	qa.RY.gLiU	AWETToaIBya	togglePlayPause
string	qa.RY.gLiU	BNhbOGiBpagiuU	i
string	qa.RY.gLiU	BQNxYjVCTARCq	onCancel
string	qa.RY.gLiU	CezpKoIbOoJ	com.google.android.gms.common.api.internal.IStatusCallback
string	qa.RY.gLiU	EMsMsxDR	fWZfErrCKfIrbNtRdOZUeMAO9
string	qa.RY.gLiU	FYiLkmEk	h3
string	qa.RY.gLiU	HgIKVVgcpe	input
string	qa.RY.gLiU	HlZURQVcXI	HOURS
string	qa.RY.gLiU	IvUFxeYd	, value=
string	qa.RY.gLiU	JszT	FAILURE, cause=[
string	qa.RY.gLiU	KIwUHLzdevnlmBA	id
string	qa.RY.gLiU	KNb	call to 'resume' before 'invoke' with coroutine
string	qa.RY.gLiU	LkGrpKmmAYbP	, remClusterCountPercentageIncrease=
string	qa.RY.gLiU	LoFbjWN	context
string	qa.RY.gLiU	MQp	November
string	qa.RY.gLiU	OWGuHDSJESvCcX	unbox-impl-
string	qa.RY.gLiU	Paku	attrs
string	qa.RY.gLiU	PedNmqaJMh	bedtimestories
string	qa.RY.gLiU	Qhlf	FLOAT64
string	qa.RY.gLiU	SgOoWhc	 type: 'hGuideline', 
string	qa.RY.gLiU	TpvPr	enableGraphRuntimeInfo_
string	qa.RY.gLiU	VmaM	numberSessionsVisible
string	qa.RY.gLiU	WwEgbjxiNlMty	Pos: %d, limit: %d, len: %d
string	qa.RY.gLiU	YyhZTMIY	
string	qa.RY.gLiU	aElkoYLDYejSj	
string	qa.RY.gLiU	bIZtqBlW	eglCreatePbufferSurface failed
string	qa.RY.gLiU	bRRDCdhHMaaDsW	byteCount < 0: 
string	qa.RY.gLiU	cRqKBdoW	S_TEXT/ASS
string	qa.RY.gLiU	dQArNbZ	substring(...)
string	qa.RY.gLiU	eNvaPtofUQb	TITLE_TEXT_KEY
string	qa.RY.gLiU	fjSOUXcr	componentId
string	qa.RY.gLiU	hdrOwroCo	ty
string	qa.RY.gLiU	iCDZxrqOE	call to 'resume' before 'invoke' with coroutine
string	qa.RY.gLiU	iHYSVzeNWhlfib	dynamicState
string	qa.RY.gLiU	ilDhK	it
string	qa.RY.gLiU	kkbucDpWcwxis	MutableFloatState(value=
string	qa.RY.gLiU	mWVPYUxABc	BINARY
string	qa.RY.gLiU	nWnp	Invalid
string	qa.RY.gLiU	qoMp	',\n            |   affinity = '
string	qa.RY.gLiU	stteM	FirebaseRemoteConfig
string	qa.RY.gLiU	uNzCdpVSEtLXr	 
string	qa.RY.gLiU	uuUZiPD	enhance
string	qa.RY.gLiU	wupfsqqBa	 code=
string	qa.RY.gLiU	zympCDZzd	getString(...)
string	rn.VPu.qxHYQHwrS	BJRWzYB	UNAUTHENTICATED
string	rn.VPu.qxHYQHwrS	ChKkRD	location
string	rn.VPu.qxHYQHwrS	DIFRMfcOBsvsx	journal
string	rn.VPu.qxHYQHwrS	Evjf	REJECTED_CREDENTIAL
string	rn.VPu.qxHYQHwrS	GomVrmqAH	, dismissOnAction=
string	rn.VPu.qxHYQHwrS	GuNUqpQeyx	liked_community_mix_key
string	rn.VPu.qxHYQHwrS	HLWxTTHWk	<this>
string	rn.VPu.qxHYQHwrS	HVXdp	ImageDecoder
string	rn.VPu.qxHYQHwrS	HsHXu	call to 'resume' before 'invoke' with coroutine
string	rn.VPu.qxHYQHwrS	InHcZ	call to 'resume' before 'invoke' with coroutine
string	rn.VPu.qxHYQHwrS	MATEG	mediaId
string	rn.VPu.qxHYQHwrS	NJpLTNAkO	, selectedClip=
string	rn.VPu.qxHYQHwrS	ONRqhivk	articleRow
string	rn.VPu.qxHYQHwrS	OryGOqrbQml	source
string	rn.VPu.qxHYQHwrS	RNfuAVXRRAgCV	$this$composable
string	rn.VPu.qxHYQHwrS	SoDS	Our team is here to help you with any questions you have.
string	rn.VPu.qxHYQHwrS	TLKgf	, feedType=
string	rn.VPu.qxHYQHwrS	UZiQAuilY	notification_open
string	rn.VPu.qxHYQHwrS	UcNk	DataType error: DataType 
string	rn.VPu.qxHYQHwrS	VLoHSPCdcHB	Missing required view with ID: 
string	rn.VPu.qxHYQHwrS	WaDhRM	Expected ISO day-of-week number in 1..7, got 
string	rn.VPu.qxHYQHwrS	WoOIeAoQFInabrT	, isBot=
string	rn.VPu.qxHYQHwrS	XeMMOLECq	e.stackTrace
string	rn.VPu.qxHYQHwrS	bSrJgnKoN	' is not a leap year
string	rn.VPu.qxHYQHwrS	bicSCtY	playstore
string	rn.VPu.qxHYQHwrS	bxsYRvnCtKedP	SLEEP_TRACKER_READY_SCREEN_ENABLED
string	rn.VPu.qxHYQHwrS	dRvWY	Activity has been destroyed
string	rn.VPu.qxHYQHwrS	eWAeTZUcYVjt	, title=
string	rn.VPu.qxHYQHwrS	fVushxqBBAmLGO	insight_snoring_average_general_5
string	rn.VPu.qxHYQHwrS	gOuxStKRlwulJFL	BLOCK
string	rn.VPu.qxHYQHwrS	hHSmsckEP	context
string	rn.VPu.qxHYQHwrS	kbCJZNQr	UserContentSeenByAdmin(conversationId=
string	rn.VPu.qxHYQHwrS	kbCP	ContentInfoCompat{
string	rn.VPu.qxHYQHwrS	lCDeMUYdm	id
string	rn.VPu.qxHYQHwrS	lgMOo	)
string	rn.VPu.qxHYQHwrS	mMtgl	deeplink
string	rn.VPu.qxHYQHwrS	mNnkhWaaLS	foldedPrefix
string	rn.VPu.qxHYQHwrS	mRNaYXfHlisYq	deviceType
string	rn.VPu.qxHYQHwrS	nvWeOMfZbPzfC	popExit
string	rn.VPu.qxHYQHwrS	oXtk	typeAnnotation
string	rn.VPu.qxHYQHwrS	oZjYSPCIqdAs	toLowerCase(...)
string	rn.VPu.qxHYQHwrS	vzRKqEcZ	is
string	rn.VPu.qxHYQHwrS	xBTGRMrKuLzZ	CURRENT_NIGHT_FIRST_RECORDING_START_TIME_KEY
string	rn.VPu.qxHYQHwrS	xxJHT	READ_UNKNOWN_ENUM_VALUES_USING_DEFAULT_VALUE
string	rn.VPu.qxHYQHwrS	ykEvJoAAq	<this>
string	wB.FfrX.VnYKcCucikaFM	AZpCpx	visibility is invalid: 
string	wB.FfrX.VnYKcCucikaFM	BSLHXLFlEWOJG	
string	wB.FfrX.VnYKcCucikaFM	BeTpIxNaUokqlEf	newParameterizedType(...)
string	wB.FfrX.VnYKcCucikaFM	BuJpDbLlC	/
string	wB.FfrX.VnYKcCucikaFM	DWRb	parameterProviderClassName
string	wB.FfrX.VnYKcCucikaFM	DlrcVfnfbO	SOLUTION_FACEMESH
string	wB.FfrX.VnYKcCucikaFM	FAYhu	remove() was called before next()
string	wB.FfrX.VnYKcCucikaFM	FEGKdW	features
string	wB.FfrX.VnYKcCucikaFM	HiAwuDPw	\n                    |   last item: 
string	wB.FfrX.VnYKcCucikaFM	HqxqTlKqZuOzrgS	input_method
string	wB.FfrX.VnYKcCucikaFM	IjcmWlzHqAkgUrk	call to 'resume' before 'invoke' with coroutine
string	wB.FfrX.VnYKcCucikaFM	KihesifxzYPYWOE	http://external.source.com
string	wB.FfrX.VnYKcCucikaFM	LfCnwknkEwVwu	<init>
string	wB.FfrX.VnYKcCucikaFM	NgrcPdPoLPgrbBP	, shape=
string	wB.FfrX.VnYKcCucikaFM	OqwPshhPwLQM	mixMediaImageHelper
string	wB.FfrX.VnYKcCucikaFM	PNaOCNt	',\n            |   notNull = '
string	wB.FfrX.VnYKcCucikaFM	UFfJdon	USE_STATIC_TYPING
string	wB.FfrX.VnYKcCucikaFM	UJUwCaeYvESfGD	suckoff
string	wB.FfrX.VnYKcCucikaFM	URpgnmXnpkeIV	of(...)
string	wB.FfrX.VnYKcCucikaFM	WEkXEQvkDmAykA	
string	wB.FfrX.VnYKcCucikaFM	WHEefb	conversation
string	wB.FfrX.VnYKcCucikaFM	ZmrfyPMu	Trace name must not start with '_'
string	wB.FfrX.VnYKcCucikaFM	addaBeVBJqxnj	user_status
string	wB.FfrX.VnYKcCucikaFM	bTvJpgBcrU	DEFAULT
string	wB.FfrX.VnYKcCucikaFM	cuHvNCxtQT	searchMediaInfo
string	wB.FfrX.VnYKcCucikaFM	dEsuAsYtHjr	shouldCloseAppAfterBedtimeStoryEnds
string	wB.FfrX.VnYKcCucikaFM	dKmAcAKH	remoteConfigSource
string	wB.FfrX.VnYKcCucikaFM	fkQfanlouyyS	:
string	wB.FfrX.VnYKcCucikaFM	fppwGsc	need an Android context
string	wB.FfrX.VnYKcCucikaFM	gimFWsfmqqttRN	
string	wB.FfrX.VnYKcCucikaFM	gmgVybsIGO	None
string	wB.FfrX.VnYKcCucikaFM	iBlD	insight_light_sleep_strong_emotional
string	wB.FfrX.VnYKcCucikaFM	igCzM	INVALID_CODE
string	wB.FfrX.VnYKcCucikaFM	jKZp	value too large
string	wB.FfrX.VnYKcCucikaFM	nRXjMvZ	clientType
string	wB.FfrX.VnYKcCucikaFM	oQQIzEmbuz	rawData
string	wB.FfrX.VnYKcCucikaFM	pDh	, musicIds=
string	wB.FfrX.VnYKcCucikaFM	qIBzNkuW	ECI
string	wB.FfrX.VnYKcCucikaFM	rQCOAxwiIvgWV	RS384
string	wB.FfrX.VnYKcCucikaFM	rfCtAbAIdisBXM	, activeTime=
string	wB.FfrX.VnYKcCucikaFM	sdyUFb	cubic(0.4, 0.0, 0.2, 1)
string	wB.FfrX.VnYKcCucikaFM	uTMxaWmQAEQvnP	firebaseCrashlytics
string	wB.FfrX.VnYKcCucikaFM	vMiFDStSd	')
string	wB.FfrX.VnYKcCucikaFM	wecmC	, unreadConversationsCount=
string	wB.FfrX.VnYKcCucikaFM	yQAqxAL	Leading
string	wB.FfrX.VnYKcCucikaFM	zLF	call to 'resume' before 'invoke' with coroutine
string	zx.iFl.Tvkt	CsLdYM	 at path 
string	zx.iFl.Tvkt	DEh	toLocalDate(...)
string	zx.iFl.Tvkt	DVoVjzwo	Unexpected response type 
string	zx.iFl.Tvkt	DyASMGEgjisCUsp	MOBILE_FOTA
string	zx.iFl.Tvkt	EVQPsZWNEX	dest
string	zx.iFl.Tvkt	EtzFr	conversation_id
string	zx.iFl.Tvkt	GKyTHGkXzlWtS	url
string	zx.iFl.Tvkt	PNjOWzgZO	Familyplan
string	zx.iFl.Tvkt	PavXxjhTe	Opening a connection
string	zx.iFl.Tvkt	QxHFKn	QA/Staging
string	zx.iFl.Tvkt	TzelSrsiZPYhVOB	float
string	zx.iFl.Tvkt	VfcqvoLtCYyyAF	
string	zx.iFl.Tvkt	VmNkaKVzlBw	.000000
string	zx.iFl.Tvkt	WxujCqmrHc	Focused
string	zx.iFl.Tvkt	XDeOg	CANCEL
string	zx.iFl.Tvkt	XOeNXo	snoozeEnabled
string	zx.iFl.Tvkt	YrAxOLexfwZ	from
string	zx.iFl.Tvkt	YsobBaEhtoa	, phaseLabels=
string	zx.iFl.Tvkt	ZbhDEvlIDUi	The tag for content_rating_feedback_fragment is invalid. Received: 
string	zx.iFl.Tvkt	ftVdsCf	getString(...)
string	zx.iFl.Tvkt	hfBqmUt	Initializer variables in FOR_LET must be an ArrayList
string	zx.iFl.Tvkt	jHm	nature
string	zx.iFl.Tvkt	jeBVaBooj	DecodeJob
string	zx.iFl.Tvkt	kZTU	onContinue
string	zx.iFl.Tvkt	naxkcKoWpdOMjS	intent
string	zx.iFl.Tvkt	oYQhEDyRdYt	TICKETS
string	zx.iFl.Tvkt	oZYHkSfuwC	:dev
string	zx.iFl.Tvkt	oqastdVmllof	
string	zx.iFl.Tvkt	qITKhHicDnrSz	Expected 
string	zx.iFl.Tvkt	qOqPZuwcgBdux	overrideConfiPersistedDataManager
string	zx.iFl.Tvkt	qdAhq	moshi
string	zx.iFl.Tvkt	sJynyEkfXjmugY	HMAC Digest Firebase Function Error
string	zx.iFl.Tvkt	sUSX	ResourcesCompat
string	zx.iFl.Tvkt	siPZrsA	ProfileInstaller
string	zx.iFl.Tvkt	unh	provideBedtimeStoryFavoriteIds
string	zx.iFl.Tvkt	wifQAu	Failed to open 
