@LAh/Rv/pbuPqihqDue;
COTbT	com.alightcreative.onboarding.ui.VisualContent (OnboardingActivity.kt:194)
CXSVqajff	) is out of range. Each dimension must be between 0 and 16777215.
FPiTgnyNARZwbKG	measure is called on a deactivated node
FQIkRSYKjRIMJa	web_search
HOP	CREATE INDEX IF NOT EXISTS `index_WorkSpec_period_start_time` ON `workspec` (`period_start_time`)
IaIXjpn	An unknown error occurred.
IuaJyYmh	time_from_last_touch_down
KIpAFfXhz	<this>
Lblh	OMX.google.raw.decoder
LpjoetAGZSXb	Client was already closed and can\'t be reused. Please create another instance.
LrLjWINY	$this$find
MElXyMnfVzar	Tracking event: \"
RZBaELsPfDb	kotlin.jvm.internal.SerializedIr
VSpt	\', productDetailsToken=\'
WsGr	Skipping deep link plus command without user interaction
WzaY	comparator
XoAFJFiuO	scene
YymhKS	; clickable: 
aMlJ	-----BEGIN PUBLIC KEY-----
bMZzrqCAWpgk	$this$singleOrNull
caOhnMOqdOsSM	\n**************************************************\n
dmoLops	|
hHypYQEJoBoYN	application/cea-608
huYiYLMQHRvf	OR
ihcTYMOOTMRlU	key
ithxkuHbUGAYI	sceneHash
jKnymJYwyv	)
jwtYHuVfX	Death Metal
jzMYuz	zzf
kZLTwP	DEEP_COPY_VALIDATOR_KEY
lllvP	u0deiS9oYmD364nfSsTKCoaogh75qkGLLRLBySCBi52jAL+3CKcuH0JuOgAzQyxJ
pQN	list
pfhxsFxNi	msg
pgEMvjEuTnErLD	$this$flatMap
piVFDtN	upperBounds
qBPEOTOijVZ	android.intent.action.VIEW
qeKSiATEgXlPpk	Valid consent values are \'granted\', \'denied\'
qhfW	notify
raqgtbbsiIn	buffer
roVIbMxAE	 cipherSuite=
tSxKA	TLEN
uilDxAsMuzaFv	, customData=
wLOgw	operation
wSGIBWkflwu	getInstance
xVAXbIopxaaIk	call to \'resume\' before \'invoke\' with coroutine
zqzvXzoEedPK	typedCall:
@LCg/ni/iUOa;
ApcycSdXUA	top
CNVbAMj	?
CrszCIMi	_closeCause
FDtdtkpGroIHMox	 cy=
FJbOhFvdnmvS	AppCompatDelegate
GuCkkqlYhFx	, Bl1_a10=
HEDHKIffgkvp	
HESZqulgoQbRjDx	 elapsed=
HdTQ	tt
HexFaWMMzuxdp	context
ISfmNYKBFpeP	https://alightcreative.com/amuserguide
KUYjgNKXJvOs	value
NsmzMBU	playerId
Roh	DEFAULT
SLTSBxxbPqNaYg	background can not be translucent: #
SvWGzhLtbCN	getParentActivityIntent: bad parentActivityName \'
WLlPywEJLYCq	item
YXoOBecm	<this>
ZZHNmB	audio/mpeg
ZtrWCnKz	, info=
bmlcDyBeGVRUd	Expected END_OBJECT but was 
cPETUxHcC	ACS!!E
dgcCct	?
dwFKnlZMSQAUE	content
eleasitxWtyBTE	 - Would have inferred: deferredBytes=
fgMHXdSi	predicate
iFwhacgrif	1$
ictEg	GoogleCertificatesQuery
kApq	<this>
knk	this$0
ldadgPrawDEs	_ep
lsee	FragmentManager
nbwXwU	Could not synthesize final native report file for 
oCuZFhwaYA	Email link sign in for 
rUPRxaDuY	goog.exo.dash
rbcWOCkBbFPw	it
sBs	predicate
sUMwQnTv	with
soDA	1009
tOyGvunNZJq	Timestamp seconds out of range: %s
uvtdTYZ	TW
xgAcezOAqDnW	SHOW
ytOt	$this$PlayfulAnimation
zigLzhYQwFKR	this.unsubstitutedMemberScope
@LEd/vD/gFIMLkFniV;
AqUkwEVTujw	Releasing operation wake lock (%s) %s
BnTSJC	retryableStatusCodes cannot be empty without perAttemptRecvTimeout
CXp	maxEjectionTime
DwrMEpxYaHY	device
ErJJayYXaQTSt	Delayed task not found.
GsBmDju	TG
IFqcqzsnBOsn	overflowOptions
ItCaKA	
LzBdFms	4
NTQFeGMceAN	POST_INCREMENT
ODbzG	com.google.android.gms.fido.fido2.api.ICredentialListCallback
OPPMaEJTBdzphmR	AppLovinSdk
PmAWrdVa	, technicalEvents=
RfjCFtcS	<this>
RjQUKdiGxteWhwJ	, mediatedNetworkErrorMessage=
RqwYkYd	Source subfield 
RswA	Expected padding of 0 when bitmap length is 0, but got 
SxSM	error
SztxxYpnOJB	Bold
TnpwCoQOvgjAUu	1w
WKL	inFragment
WTebKr	%dx%d
XMQXVtyOGrFY	getConstructedClass
ZsPsWtPUzCqNk	Compression
aBd	ad_expiration_ms
bPXCzQPMuNtfvSS	gads:use_wide_viewport:enabled
bSbxKZbtXi	destination
bgvYIhVU	Key %s from sharedPreferences has type other than double: %s
cFj	recordComponent
cloeAXaEcfKwe	fragment
dIoMp	Failed to get external id
dkvkpGMdSyWKoXO	<this>
ffStOfRQXOmY	ISO-8859-3
kTYvIpMfclsUvMA	onDrawCount
mlfm	slice
nLPzqSTRBp	#007 Could not call remote method.
oxCQyNVpyMNx	Entering IDLE state
uLspyc	shape
uTMIZrBw	operation
ujqAM	InfiniteTransition
xTqh	os
zkHHnUIMVW	HORIZONTAL_DIMENSION
@LKDX/LJ/KMPyEeSB;
AJCuNJbMVn	vec3DValue
ATaEanf	getString(...)
GpjpQ	Interstitial ad not ready
IIfpAmLfBEjcr	getAcctTestMode()Ljava/lang/String;
IUrZplIVsJcBOoI	selectedProjects
JrsZnt	AnchorInfo{mPosition=
KWEGvE	reauthenticateWithCredentialWithData
KbGEZm	Please set your Application ID. A valid Firebase App ID is required to communicate with Firebase server APIs: It identifies your application with Firebase.Please refer to https://firebase.google.com/support/privacy/init-options.
LUGKSHzbDs	getAlightSettingsUseCase
LhSvh	required_network_type
RjfnHPeJdw	targetAxis
VSyuYU	id
WmbssPo	, label=
ZXbeLLsSFJFbzG	, 
ZzDtRxQcvLROc	scar
acpUIZdSi	predicate
cgxAO	
ekOu	recordClass
fgllaDMR	div
gqoEOTIAgdmC	source
htxJMHZy	createNullableLazyValue
iZJKw	viewHolder
jJTnKksVo	Not Supported
kExuaAZvo	name == null
kpGAaKLxfgNal	predicate
lEGwnTZemBvjX	 is less than zero.
mcHixilRzPSjRQh	<this>
mzuJkvPibL	timed_out_event_params
nSVNpthbn	getNonBackupPersistentId(...)
okXSdUrx	EmailLinkSignInHandler
oueKygEdVAe	cached response body is null
oxmoqwFpq	responseMarshaller
pnPiat	state
pucwJZfeiUOOaHO	 is less than zero.
qMtdJQt	module
riVUp	native_image_orientation
syATFelrRkowIpx	element
tmAvEAFyakcB	GooglePlayStore
yHKw	crossinline
zWVhuFvGEWksaW	UserInput
@LKwP/izf/sVzbkpmrr;
BcpPakejxBnZ	_v
DWyXEr	BaseAdView.destroy
EIZQRCQf	)!
GEbFoiaF	context
GfZOWNaDlexBZ	video/mp4
GkyfPZlqAmoZ	call to \'resume\' before \'invoke\' with coroutine
IIhISXZAeN	BitmapProbeProducer
KuoETiPmBbrGpWB	Cause (
LRJMWFONcCjlhdi	
LZYenoptJXKrW	Showing rewarded ad: 
MEbTLsypd	makeNullable
OClnJNhzTLlxj	rtb_native_required_assets
PdRGBXRFW	daostr
QWezeewuU	SERVICE_VERSION_UPDATE_REQUIRED
QpNbYaILV	Service disabled
RAfEHuH	key
RJaaKbnbjo	Compression
RUcnapkCiFv	)
RbXjloCtyiRQrNQ	getFontFilterFavorite()Z
UaMnaIxFmNny	runGroup
VGXULabrA	it
ZkwJSRRxAjgEQYL	name
cwuPHlncLNJLQqz	 is less than zero.
dJIVvBN	delegates
dquGgSkTzto	IAP: getAccountStatusAndLicenses: GOT RESULT (
fhSMEE	lifecycleImpact
gCHLcwJGkGDXBdD	JsonAdapter(Short)
kfNkXqBiGFGT	TextFieldInputState
maJKyl	Work interrupted for %s
mhEamACJIcLfN	application/x-scte35
mwoYKYNCHKtUh	getValueParameters
nKZbJfMXenJnhkq	bundle
nZj	native
pYucATvALKBd	<this>
qWYxi	destination
qxpOqunGcJX	 to classpath.
qyQrCo	result
suCjlmfMAnkjRP	string
uCMZPe	
wff	preset
zTSOTJZWVfMzQey	video/x-vnd.on2.vp9
@LNN/dTC/WJVhDiQTg;
Bwk	keyData_
EDhuHMOzGIPmI	this$1
EXiAxXhQQeSmgh	android.provider.extra.APP_PACKAGE
GiXaYHjH	getRoot(...)
HCXy	Unexpected TLS version: 
JYIuBLeKU	state
LTUBcynGIzLEznR	, networkConnectionInfo=
LwnjzYlvQgGnrMO	<anonymous parameter 0>
Mcv	 to 
PlXprEiCgB	DROP TRIGGER IF EXISTS 
PppybfAqqLHEcRK	TaskManager
QVH	,
QWomej	argumentList
RoFtr	null cannot be cast to non-null type com.alightcreative.app.motion.databinding.AlightPopupMenuListItemDropdownBinding
SJZSEdlLaMwdp	Expected positive video dimensions, found: (
UEXYoLfTncH	cloud_upload_cancelled
UkWXTDZAb	<this>
UzbFGCTmdohkHUc	projectType
ZXwp	AEAD_UNKNOWN
acBFQWZemPtlFB	K1BE5iDLpIxaZZJp7C4O3DsdHGbDPO0C9L+hxNcDxpM=
bDWeomXgMWdv	Continuation returned null
blHdwOBAUiotBg	User-Agent
gNSDvZWviBmu	oneWay
iAAIrgInfzbYNIx	.jpg
jLLnbrOwlTihHbW	null cannot be cast to non-null type androidx.compose.runtime.snapshots.SnapshotStateList.StateListStateRecord<T of androidx.compose.runtime.snapshots.SnapshotStateList>
jQmjqHIzZoHctF	XmlParser
kiMi	androidx.compose.material3.Surface.<anonymous> (Surface.kt:221)
mgasuefrJJCrk	Required value was null.
nJBdjUjY	Setting 
nrHVkLbwBjUk	point
oyzxUHkJGVswjza	FragmentManager
qNkDONLhKZf	\\.
qnNsEQS	SystemIdInfo
rGhbFukRdIYS	BYTE
saOEh	SecretKeyAccess required
suApBjUG	intent_async
tfK	urn:mpeg:mpegB:cicp:ChannelConfiguration
uGIkLDebekNWEPy	$this$reduce
urokPAuukHJIyFq	 *
vGcfbmsurgqEIVq	kind
vNygFUY	ioContext
wuowxWGjG	).
xHZxxtKTm	box-impl
xuQU	correspondingProperty
zgxvzDyvSinuEdo	call to \'resume\' before \'invoke\' with coroutine
@LQ5A/xDoe/ZgpkUYFH;
AZRT	AppLovinFullscreenActivity
AkvbwiND	audio/vnd.dts
ApsdriawWZXD	Content(projectMedia=
BIZHj	audio/vnd.dts.hd
BlttrkBn	storage
ErVjADLacsj	locallyApplied
FvPpDxYbORzLHGH	com.alightcreative.effects.wipe
HBNUAnomKZIyl	, enableTargets=
HxIJjEO	size
JJz	call to \'resume\' before \'invoke\' with coroutine
Jehc	name
KSzWTXUme	columnName
MUer	REL
MWBtVtXSkjTxMN	Generator ID %d contains more than %d reserved bits
NObPu	, body2=
OKZkxPctbTZ	height
OyNTCMwGsY	_sc
QwiNGOF	label
RwPGZH	logger
ScJ	add
TXDOOOdIN	Playback error
TYk	invalid key size: 
TdxDNv	position
VbdHLz	install_referrer
XGgHrwPcMgXbAX	ComioS1
YBo	arguments
YFznhSuSQUq	^\\+
ZVWAXR	 nanoseconds 
adsJMaM	end
cGmofWYwbP	audio/ac4
cHVlLdAZaihThL	null cannot be cast to non-null type androidx.compose.ui.platform.AccessibilityIterators.PageTextSegmentIterator
hWiDKhaeO	, shareEligibilityWatchAdsCap=
iSsAYUFLMiHPNh	call to \'resume\' before \'invoke\' with coroutine
iZTvkDI	sign_in_popup_type
knRWnv	<this>
kylQtSeMVUae	<this>
lbnvbNgR	, 
mcXOLR	Table has extra columns. table, columns
mdgONxWEgo	Bad token: 
mif	_pc
rSqbPMexQZEgdat	ExportFlowStarted(exportSnapshot=
tiwtfTZjYYEjiD	ViewUtils
tvabl	Precache requires a dependency provider.
uGB	network
vGeQJUt	p3
vNKwkmwcdU	, amPackageVersion=
vbrZ	name1
xMgrxGongFHwnI	<this>
xOcxbqAot	: 
yHyyESk	slots
@LTo3/qRYg/GHfcbjwwZwhFXH;
AmS	twitter.com
BhQLLdObXj	model
CtlYa	skewX
ECkB	versionName
GwwN	DOUBLE
HwbYyf	Supported
IjXubnycMSsxW	com.google.crypto.tink.shaded.protobuf.UnknownFieldSetSchema
JUR	Empty char sequence can\'t be reduced.
JjfZJjAn	descriptionDialogLinkTextStyle
Jxdifqrjl	TG
NukpDCUFKAYaM	SystemIdInfo
PbPnAGR	skew
SQJujdTgyDENg	kotlinName
TkdDBtqL	GET
UItom	<this>
WeXq	Pending purchases for one-time products must be supported.
XfcYeWGPBU	facebook.com
aRe	, mInPreLayout=
artwgfjkoRKSYI	objectFieldOffset
cSypJjBRmyfpfSh	getKProperty0
fAaAlECy	lastIndexOf(Ljava/lang/String;I)I
hSNxPreWdiwKeS	=
iDxCDQQZukFAXR	attrs
jPFxGFbfKpxqm	NONE
kUWzLTQZjfe	zzd
kmSjQP	onRecursiveCall
lGirpoNnbWywM	<this>
lNqzIBdiMhom	$previewGuideInitialY
lPB	com.alightcreative.effects.torus
lVdHRIVi	array
ovQbbc	ntp
ovTyBYK	)
purYjQ	scc
qVPSxZZ	it
rbUEIb	elements
slV	coil#repeat_count
tSrxT	a
vBZMjB	scaleY
vkslliZ	  #
xISonrHFWKoI	gre
xLojsmax	set1
xsmelDeBZr	The calling app is making too many requests to the API and hence is throttled.\nRetry with an exponential backoff.\n
yCPHSXufChSGp	sampleSize
yeBX	color
zgHnwHwxjgSs	context
zmPMF	COMPRESSION_ERROR
@LVl/SpX/IftcKnBZNRtjh;
AEU	 0
Awiks	location
BgUAxkSfsIG	_c
CLeoHfSMvoNYDq	source
DQwsiADLXjimkDA	Codec init failed
EbZ	Numeric values must be finite, but was 
FEDyFu	PARENT_OUTLINE
GtROdKqoF	.extra_action
HTnRw	state
Icf	call to \'resume\' before \'invoke\' with coroutine
KYL	RFC2253
OUeoUbqhuQQQe	)
OdbPB	No destination with ID 
OlfNHn	PopupExperience(isDismissible=
UJpzAiyUgG	other
WNdqJc	
WQioBFCrxo	. Message: 
XefnkLRVfLQWPq	tags
YwounMNEYnjfleh	 to AshmemMemoryChunk 
ZlwZqqnIBWTKaX	axis
ahndQYziPd	com.google.android.gms.ads.internal.appopen.client.IAppOpenFullScreenContentCallback
casQzIqaMxL	icy-br
cnAeihL	transform
dqlFVGuaNx	<this>
ebPwuW	embedScene
fIJlam	, id=
gulBGnPgW	token_type_prefixes_arj
hkDr	getFileName(...)
kRlkJZgKdi	audio/mpeg
kpMHjMqBrfNUJ	transactions
kxEqAdM	, 
mjVWXYlyCQwwTl	zzk
nnkVyXkRQrGUXQ	<this>
pTVTWYYUyYkCG	Acid
rRSDAcBOahHOoPS	forceMeasureTheSubtree should be executed during the measureAndLayout pass
rZmxISqZMclnfbs	/
skPsiWaQDFu	No
tws	cbcs
vDq	cleanedAndPointers
vuOQUgMrdm	Received an error while retrieving the backup persistent id in the additional info provider. 
wJQlnpGH	Binding to the service in the Play Store has failed. This can be due to having an old Play Store version installed on the device.\nAsk the user to update Play Store.\n
wtScuODAgeFZO	=
xucztUVkqlAH	it.typeConstructor
ypHfmWsUK	call to \'resume\' before \'invoke\' with coroutine
zcspKHMszRCCkbR	measurement.audience.filter_result_max_count
zfPNiwfwwzpOGRj	, data=
zfomaCQZdlISJbx	simulator
znqDLvjgxrh	getRoot(...)
@LYU/qBzu/PprcztNxktpewE;
CtLlej	defaultValue
ErSaZTESnqCqg	comparator
Fyx	call to \'resume\' before \'invoke\' with coroutine
GQCkuV	Content-Type
GwxlRltbRqwgAGy	Type is unavailable for declaration %s
HTKhvayObeEPVcg	<this>
IUbkWH	mm:ss:ff
IVj	entry
JUmsBvwo	Unknown failure to write file.
KkUUZ	\' size=
MQEbsLaxZ	?
MpLAXENBh	 ] ,\n
MvRnMyqduziLE	easing_type
MxOue	session_stitching_token_hash
PBLHmrWos	lightgray
PeyDkyTQRWmzDA	
QaJCY	S_TEXT/ASS
RUwGfjscPpiJ	<this>
SqWcckAnwolplg	Unexpected exception thrown by generated accessor method.
Tog	
TykgtnhEensvl	;
VhsnNR	<this>
Vqbxkf	ree_t
VySEsLidhhJlr	binding
WlmQjUhiYPBIAxh	Rebuild render cache
avdJDXt	46A7EE
bWFLHxIARVOE	KeyableCubicBSpline(knots=
bmIpAmxj	NE
ciSMpMHXOhrECT	Successfully fetched AppCheck token.
dXNJZSOeSOw	defaultSelectionIndex
goQXPcsnR	eventLogger
hJTZdXwIj	password
iAxHPB	middle
jUBjKMAeCRgD	uid
kEeSttwqtmT	<this>
kPR	klass.declaredFields
kipjmpETxmEg	Marker added to finished log
lMZGeIey	inline
mBYEywUXwsxPh	Billing client should have a valid listener but the provided is null.
oyXZEpSwEQ	height must be positive, but is: 
tQP	negative size: 
ufzpnDSNFXyPLUq	projection.type
woeE	Loaded LibvpxVideoRenderer.
yrHveT	Punk
yzRjAasMQoX	selection
@LZZN/lI/dZEyFvhTgqv;
AaXxYslw	setAdListener is not supported in Ad Manager AdView returned by AdLoader.
BYFuFq	gads:app_set_id_info_signal:timeout:enabled
CVTFJFvm	UserMessagingPlatform
CYlbZ	com.google.protobuf.UnknownFieldSetSchema
ENA	measurement.experiment.max_ids
EfEIZRlUNRPKFZd	PersistentPostbackManagerV2
Ffts	nativeLoad
GdqNjgNtyF	NOT_SET
JWhUQqX	Google API returned FONT_UNAVAILABLE
KTmdADHVzXEynn	getDesc
KgSxTfQKJ	name
MNXlYJFBz	UTF-8
NVlcZPAqq	minimum_retention_duration
RMYwYKIMBzaoZdw	CLOSED
RUVlA	com.google.protobuf.CodedOutputStream
RVbGQGndk	outline
SVv	fillVisibleChildren layer=
ScjJhqpXP	)
UKRzuTrTOQoJ	value \'%s\' for key \'%s\' in \'%s\' is not Boolean
UVWrx	UNKNOWN
UqCdySTLxXVgbaF	, filePath=
Uuh	call to \'resume\' before \'invoke\' with coroutine
VOOCgTvJhU	ExoPlayerImpl
YGVxGz	, position=
YpFIivFwbw	android.intent.action.VIEW
YxWBdQsPNYyKW	AnrReport
aSjCnBKASm	AFTS
aTQaAuIZqfUh	): 
dsmXIGvewsIFWF	  filters {\n
epWpjGNGVUglF	NativeJavascriptExecutor.initializeEngine
eravE	aqua
eyWt	this$0
hZGBzOnGvrRBJ	videoCodecCount
icLCz	AppLovinSdk
jUoNH	#007 Could not call remote method.
jgOiqCEBXqLPC	serializer
kvBgHCJCnruowCw	p0
nhMESLCZm	SFIXED64_LIST
nxBzG	transform
oQQwu	consumables
pIY	operation
pYyVLpSrk	Error calling setFlagsAccessedBeforeInitializedListener: 
ptng	 transportContext
rvfqOSh	.avi
tAKHyimlQmx	context
uOEYVTvpaimK	UNARY
vjL	Mediation ad failed to show: 
wjIxOHNEhyJBs	call to \'resume\' before \'invoke\' with coroutine
wxbkUZMqjqTI	com.google.android.gms.measurement
xVA	NX573J
xzEwuxqgXCVMM	null cannot be cast to non-null type androidx.compose.ui.platform.ViewLayer
zDQzSbmcSghJ	)
@Lal/mTe/DfhMczIJOLMp;
BINfI	Unprocessed FocusProperties nodes
CksczGKSGIx	instagram
CrMYexyDtffno	Requested character count 
DbOF	creativeView
EIUEjCInNgWhFu	getTransform()Lcom/alightcreative/app/motion/scene/KeyableTransform;
JldPlgtsywCJWp	) must be >= 0
LfDDWWXOMB	onCloseAttemptCancelled
OPxfPTzbNmhE	zzd
PLMthrlHmRo	gms
PvEnVRPCAPnA	$this$sortDescending
PzA	 -> 
QIPxwlnyUo	purchase
SCMXsmolKd	V_MPEG4/ISO/ASP
TlM	it
ToStNMqdDtAXsNW	
UeYypoIjwOpD	it
VMfWU	Already stopped work for %s
VOTttJXnGewFdvN	onFreeTrialCheckboxClicked
VlZl	$receiver
VvXXEWwXozUODE	No System TLS: 
VyGRvvEhiBoEM	%.1f
WWqhQNbkPX	$this$initializer
XguNmPNPrk	Exception during lenientFormat for 
ZNGdkQzDNPyJPk	spiderSense
aKrPzdBWIxYsW	lightsteelblue
anSPQuJuuDzXGO	)
ddqyfhQLMSfBO	dimen
eHjjpMwzGXlO	rid
gHfaGidnz	Unexpected Content-Range [
hEfDlfAE	key
ibIIulZjSe	com.alightcreative.app.motion.activities.main.maintabs.projectlist.ui.utils.rememberProjectListTabState (ListTabState.kt:54)
kJvcyRmxMdVq	it
kdTtsXt	zzl
lazhgPK	<this>
mKYNQhpJYtg	<this>
qfcOGXFTxjo	setLocalExtraParameter(key=
sBPCyEL	chipset
usjIGWBQtYNd	offset
woCquoLLer	getDefaultInstance(...)
zxXBkBuANHi	selector
@Landroid/os/Eez/vJZJrhj;
BPyhNSfudWKHU	PackageManager is null, app identity information might be inaccurate. appId
DCAzWdhCiHqtuA	view
DYsoOviutdbNsHc	itemBinding
DamxACrbayziY	com.google.android.gms.ads.internal.formats.client.INativeAdImage
EAR	UNKNOWN
EcOLsfuSIzxw	creative_id
EvcjenjroYPvGc	/android_asset/
GPT	Error: 
JJGgUhWSEt	, skew=
JJpO	, userExperiments=
MXIJFC	/
NBVPmrQncdEufNf	diff
OJXvMNX	ad_unit_id_settings
PrRqtT	x
QdJdNQEQKotuFFC	Time(nanos=
RmgRG	phenotype_hermetic
VLFkOPqomrm	#007 Could not call remote method.
WDMwOPWLkIE	, repeatingInterval=
XAnS	#
YqtuduLgdiLRL	output
YzpwMX	...
ZvpgUeJleDG	fieldPath_
aCbYdTRs	audio/vorbis
boxFlifop	MultiMode
dafziLUGzc	 must share the same FragmentManager to be set as a target fragment
diD	
eowLCZbJr	No input primitive class for 
iCJgyKmI	purchase
ibhYtF	$hashCode$delegate
jIXxzJLVEfW	base
jhMRqcDM	, parameters: 
joeqYhGHHW	SG_B24
mdopbFoTbiQS	Built-in class 
nnBFhzCkZIvL	e
ohOafUG	Hint
qJbohUTkfhJed	p
rYTuFTMV	methodConfig
rZnyjShHDQUbrgl	This behavior cannot be attached to a GONE view. Set the view to INVISIBLE instead.
svzSaUwOO	dispatcherProvider
tXWE	legal
tmkEm	Address resolved: {0}
zXwf	AndroidId(value=
zecttvwAwpxL	list
zmA	, center:
@Landroidx/appcompat/view/JZ/IuxV;
BEyjAUlbDYkz	, baseMutations=
CTMasND	Camera:MicroVideoPresentationTimestampUs
EobgAULO	com.google.android.gms.auth.api.identity.internal.ISavePasswordCallback
Ervl	toString(...)
GFREa	upperBound
JzIpZ	Adapter called onAdLeftApplication.
KtrqR	_ui
KzGnlJGj	<anonymous parameter 0>
MCamAORjmL	CubicBezier
NvCgHdlVGB	ElementTiming(startTime=
OUfgUXSIVV	failableOperation
OZCmK	
OmONj	Discarding data. Unrecognized parcel type.
PCuGi	])
PhWTWnvdImnd	keySelector
QDJVfuFd	ad_size
QIF	<this>
RSUr	FragmentManager
RbneTPetyoTlFe	ranchu
SFfGClxgEvbnyu	Collection contains no element matching the predicate.
TkxnmDrrWo	 with primitive type: 
WLTOH	task
WiGGDFXhBqXtaw	call to \'resume\' before \'invoke\' with coroutine
ZGQYtldBDai	unmodifiableSet(HashSet(permissionsList))
ZMN	Provided message must not be null.
ZZxhTnPfUYV	source
amSomPkJ	_ldl
bpqPwVXtfuqtlW	com.alightcreative.app.motion.activities.main.MainContent (MainActivityContent.kt:32)
dhmzyOcRUKCoiJU	UNKNOWN
emVQRlZhFKUne	Pos: %d, limit: %d, len: %d
fnXelIevNokXA	Destroying WebView!
hVNwqMCqxaqIQCX	DpOffset is unspecified
hovfmLUrUcpNEsF	signInNotice
iKgmgLxdmyzcDTR	kotlin/reflect/jvm/internal/impl/storage/LockBasedStorageManager$LockBasedLazyValueWithPostCompute
iujNV	email
jNLhtnXrpCK	action
jeckJl	android:changeBounds:windowY
kSVtqVQFBYlLZlJ	..
lYWWkJWBR	 name=
nwzK	MOBILE_IA
ocJ	type
pYdSukZiHcminls	The texture is not in a valid state: 
pZDlkD	terms_flow_terms_of_service
peOYTqPSW	functionAnnotation
rOsykxDBsGv	
uAPQkQTNGdpt	SharedPreferencesManager
vGNnoOSMj	getRewardPricesDataStore(Landroid/content/Context;)Landroidx/datastore/core/DataStore;
vGhlYmGc	auto_refresh_stopped
xjiyegrtkaehcst	GPSInfoIFDPointer
xxQqd	 (
yCrYHAOv	none
yFqSiXR	other
zSOOPGBAr	POSITIVE_BUTTON_TEXT_RES_ID_KEY
@Landroidx/compose/material/QEDq/judk;
BrgoDaBd	Cannot build without parameters and/or key material
CMMSvVA	com.google.android.gms.ads.internal.overlay.hasResumed
CRUn	<this>
ChdUoIv	<this>
DLdABisKlTXiFbW	gif
DWFvRvxtChK	getContext(...)
EnADpSMKNAJ	factorIdKey
GafcIehxCAfFIrN	packageFqName
HElmiyQBmI	APK was built for a different platform. Supported ABIs: 
HHrpZupdYcyjLfc	getAlightSettingsUseCase
IIFhldBJibbRMWx	Invalid root
IIdr	; continuations=
IpqrvDCwKg	TDAT
ItMQuT	Unsupported message type: 
KNVfiWg	audience_id
KnEWRqAKN	measurement.account.time_zone_offset_minutes
KqZMLVnFSvoV	GET
LFbeJDxfW	application/pgs
LhYEaLpUrowhVhO	 from state:
MCUWYdo	Y
MKDPeNNtNKF	headers not received before payload
MwWfMCEDYdocLkm	webp_direct_decode_fd_failed_on_no_webp
MzmgQkHB	<set-?>
PIbZz	clone
SpltZOByev	MODIFIER_SYMBOL
SrvNE	sequence
UCTKkL	 ms]
VrHnwZImhZ	: Parse error! 
WObphDlKCtZXmZ	MP
WRWUfzAGfzMSdPr	ALWAYS_TRUE
ZRmrrzvAz	Unterminated escape sequence
cWsa	AdEvents already exists for AdSession
dILCsqYvB	event
dUMXcZxlXYVCAZS	feedCardList
eqaMRHSmKTBGMv	<this>
irwtI	MessengerIpcClient
jGuKAvqbIOGwt	null cannot be cast to non-null type com.alightcreative.export.exportlist.ExportListFragment.Exporter
jhXCkDExgam	)
lvyZKKBIcME	<set-?>
oMrCqCMimCd	layout_inflater
pSvRZmNRpYf	WebvttCueParser
reiYgpFzzUgmL	getExperimentalEffects()Z
rvhlAlrXsYcdZ	, textDir=
sQTSVoKvdTALFM	 MUST NOT hold lock on 
sTyBlPNtVGdQD	ERROR_UNSUPPORTED_TENANT_OPERATION
ulacrBS	)
wBZqcgMnM	<this>
wzzCalMKj	lib
yAXOhFsTxxrvF	getKMutableProperty1()Lorg/jetbrains/kotlin/descriptors/ClassDescriptor;
@Landroidx/work/impl/background/systemjob/ub/shSxUltVkL;
BKmGyYeRmIbwjZ	operation
Bge	Start
CRKIPIuq	sabrina
EDgjJKKJhUXy	Progress values must be in 0..1, found: 
EfQanFif	<this>
EgpxYyigyPwZf	include_tos
FBMxMM	Bad converter number.
FuG	MediaCodecInfo
JJYxjRWZTwCk	config
JaHUybWPJ	Failed to encode token: 
KeR	spidersense_remote_settings_v2
MJrEyinBWzMfxNv	Invalid google_app_id. Firebase Analytics disabled. See https://goo.gl/NAOOOI. provided id
NWyxB	Animation from operation 
OCAX	features
OVspcegLBW	visualEffectOrder
QgezExPwoq	selectedSortOption
SgZgopIPcRvN	should_forward_close_button_tapped_to_poststitial
SxIxofLhAk	00000
TuUUofANPoriOt	type
UNVqpiBJwT	/ by zero
VgIQtPQLiNegGjE	Cannot create key without ID requirement with parameters with ID requirement
YJPoHOAAjBJyyUX	The source file doesn\'t exist.
atcEdtOLclwvQl	zze
dDgB	RecyclerView
dYMuIVGkyUt	com.facebook.animated.webp.WebPImage
dpyRSLyuvdnIPUb	call to \'resume\' before \'invoke\' with coroutine
eZsPSwteWZNPxI	GREEN
foWvGsyaKZfv	Unknown
hvixZZcrETW	matcher(...)
iSeEjFngcqlKQV	templateLink
jYft	name
kDFtI	BITMAP_MEMORY_CACHE
npx	indices
oGvrThm	getIBinder
qNnlp	compareToIgnoreCase(Ljava/lang/String;)I
rIkBJIasDJBPBlt	visualEffectsOrder has non-existing effect iid
xEU	INV
xYHbRW	firebase_analytics_collection_enabled
xrDRGsANgDtNql	transform
yAymcKR	X-CRASHLYTICS-API-CLIENT-TYPE
ykVpCtsCAtkgcwn	Cannot serialize object declaration 
zDb	Array contains no element matching the predicate.
zXVqIsgOnNazdA	video/hevc
zcZGLpTUXxlWzN	recentlyGrantedPermissions
zoxpw	monopoly
@Lcom/alightcreative/app/motion/persist/Cid/rptvlihbNYAHm;
AFl	UNINFERRED_LAMBDA_CONTEXT_RECEIVER_TYPE
AtsA	com.google.android.exoplayer2.ext.rtmp.RtmpDataSource
CHmLyljUCXUMBQ	signal_providers
EnQwMSbRjhMtt	request_state
EqwTMAVCASRatQN	MediationAdapterWrapper
GEfWFfxsjoMoofN	regex
GrYHbSfysAXNJ	data URL did not have correct base64 format.
GwhwJSWh	com.alightcreative.app.motion.activities.creatorprogram.rewardlist.ComposableSingletons$CreatorRewardListScreenKt.lambda-1.<anonymous> (CreatorRewardListScreen.kt:96)
HTvHMehKuo	this$0
HZggf	LV
HlhNQTFZwovPlik	configuration
IpEoubZsEVj	this$2
OAEpEuDxZRqAJIy	getString(...)
OWLFEkkEjpZEzL	, fontScale=
PBcrkz	Cmyk
QScQBKZwo	android.widget.Button
SBmqiXeC	proxy=
ScIRcpHEIcj	TSOT
UaEmXS	destination
UdxPDquiJiVwnm	, titleLarge=
UsDfpZlBYoarstl	?
WIszhEtLRh	user_id_expiration_millis
XGnXNJQwKP	, userExperiments=
anCuXTrcBOur	R
brPNkCnmWQIgg	kPropertyClass.typeConstructor.parameters.single()
cbZbOeUK	call to \'resume\' before \'invoke\' with coroutine
efKu	string
ekTnTP	AppLovinAd
fOqNZlaoZHPS	external-path
gToRjnfM	duration
knTAVfAO	textTypeInfo
megch	zzf
nYRtuZf	ROOM
nZFrlnXaEUpGgW	Unable to find version code for package
oacMMKI	,\n
pldjftAChA	deleteAttribute
sgT	element missing \'id\' attribute
tOXYzX	RevokeTokenRequest{providerId=
tjFYoHlqTjQ	tableName
ujfpejnccJSykEu	property
wAJYMmOR	The request is missing proof of first factor successful sign-in.
xufzejOco	call to \'resume\' before \'invoke\' with coroutine
yoDAlIhZ	regionMatches(ILjava/lang/String;II)Z
ztYg	TLS_ECDHE_RSA_WITH_CHACHA20_POLY1305_SHA256
@Lcom/applovin/exoplayer2/h/a/udxl/IxWCRCO;
AGCIs	DynamiteLoaderV2 was not cached.
BMPmOxdWUH	<this>
BOvprS	destination
Ctd	id
CymBixdQw	$this$zip
EmBGJUsy	SINT32
FkQNUXtnqW	Adding and removing callbacks during dispatch to callbacks is not supported
GSwFjwazn	distribute_horizontal
HGfQ	CreatorRankingViewModelState(standby=
HXuBhoDVFNFAHXC	\' channels=
Hyxzg	ms-ind
JGLHv	Import(linkUri=
Jlh	FragmentManager
MSimc	defaultAudience
NIrAJQBzJTGZm	value_ was null! Wrap in .nullSafe() to write nullable values.
NTQVHC	<this>
OaLCTwd	LEFT_CHAR
OqBa	...
QDY	Rewarded ad failed to show: 
RGpihHIfnb	In AsyncHandledThrowable
ROjbdqxonxqFFhd	dataCollectionDefaultEnabled
SoeLnqysccOMD	AesCtrHmacAead Parameters (variant: 
Svwd	, 
UCuAYWZPFjmT	custom_assets
UpzvuJ	That combination of buffers, offsets and length to xor result in out-of-bond accesses.
WJPp	BASE
WmJHFiMOrPCEH	https://google.com/search?
WzfaGXQ	)
XhcADTSPB	paint
Xsi	VGroup: 
aGBKpu	mac
aNoTzMXljZR	, outerClass=
auaQtEqbYVBDQgF	transform
bUhQxmuZ	INT32_LIST
eaYjWNpYHMVtE	<this>
hZAVlNZYeOkFk	shareDates
hsvG	, prevPreviewScale=
ijiSin	AdExoPlayerView.onError
jUndSF	me/staging_resources
oMfQdoQmpIHsIh	Either control throwable. You should never see this message. If you do, it means that you caught this throwable and you shouldn\'t, or that this throwable leaked on an escaping lambda, which you should fix. Read the documentation of the either function for more info.
rREjbESVxsun	UNKNOWN
sEggi	, eventCleanUpAge=
sHwvkXUim	auto_init_delay_ms
tvpZwZpvDkeMBCO	resource
uYwMmCtRytlh	SegmentList
wrfMBkymtxCY	.mp3
ytNuUH	<this>
@Lcom/bendingspoons/oracle/secretmenu/OqZT/JxhGfbOjuemci;
AFjtO	getResources(...)
AsOVzJXk	state
CISRfA	Unrecognized HPKE KEM identifier
DQeuor	get_browser_hybrid_client_registration_pending_intent
IQOjYcYmXRpnhR	PUBLIC
Jbz	PROGRESS_BAR
KauIQAWzG	landscape
NlfgmhqxCMvuUy	from
NnsEtlqN	hbs-srp
PTdYAnK	holder
PnLmhpHH	fqName
QOSKE	com.google.firebase.auth.FIREBASE_USER
TWVIIZa	Argument for @NotNull parameter \'%s\' of %s.%s must not be null
UnoaPswBUedQcF	Fail to parse float
UwoUTsDCQcHa	NETWORK_ERROR
WKfHnsuudjZ	trigger_content_update_delay
XWe	MS
XqTZEUZSBaE	 
XrO	<this>
XsUAyX	values
YAy	]
ZOkZlL	this$0
ZPnhiNZ	uri
alLJ	storageManager
cMuDybQHdZMUFv	transform
eGkSMCNNGUPXG	getAllOverriddenDescriptors
fMxP	granted
gUharpB	he
iLESpslTqI	Deleted stale rows. rowsDeleted
ick	health_monitor
ihaXwE	Interstitial ad loaded: 
itEhUli	isEnumEntry
kiANygRjUiMpH	Invalid repeatCount: 
ktytCtz	FMImageAsset(uri=
nNKvTd	gctx
nPwOROVKWr	pokeByte
nZBQyFcF	dodgerblue
pkXazAtwVThzL	com.google.ads.mediation.admob.AdMobAdapter
sBAuKnQKpxN	pf
vxbLhCrqUPbo	zze
zyqnqcYXTSYs	Requested element count 
@Lcom/google/android/gms/measurement/wW/fJuVvDbzx;
BhIDWIkDVGgPI	ERROR
CAwTIGBP	 isComplete=
DQELQqC	, 
EeT	com.alightcreative.common.compose.theme.AlightTheme.<get-colors> (Theme.kt:59)
HFvZZgobl	<this>
IKWUq	
IqIXZs	axis
KUQGZdYX	extra_flow_params
KbV	destination
LdCLs	strings
MvE	(?i)add to(\\s|\\Z)|update(\\s|\\Z)|cart|shop|buy
NMH	Link
NNrmdt	location
OItUP	removedTargetIds_
OsnVpGMf	destination
PIgQuf	capacity must be non-negative.
PiFqWyzQKim	HTML is null or empty
QDqAiaAMFglve	#007 Could not call remote method.
SyBwUudSYj	rewardedUnlockRepository
Twnx	backing
TxBDRXc	Failed to retrieve putIBinder method
UqufGYiyocBZTQF	/
VTpbivprJf	VIVID_LIGHT
VbSXkKAmNy	POST
VlZAqSbIFvixmAh	flex_duration
WXn	locale
WwlTXm	getRole(Landroidx/compose/ui/semantics/SemanticsPropertyReceiver;)I
WxcHDhEWvr	, join=
ZCkr	selector
ZUkfsLJIFxkwOOA	target_api
dLa	<this>
eJb	adLocation
hROeGQJGzvMW	<this>
hUxvoAVWylGcQ	classId.packageFqName
hXcbmSWzyN	confirm
hqvlrAaO	zze
kZELPrh	MIDDLE
lGOhtrdMwSVJB	<this>
lkAWQQHUtw	)
lmfuSagfPKew	, ads=[
mqyQAMG	expandable_close_button_size
nKHMQkGdqatse	TERMINATE
oYVYcKYcYPnMU	r
qUYiRtztmz	\'...
tnlmBIubuYoG	com.google.android.gms.ads
vxBiuBWMnKr	Other
wVGasXInITV	com.google.android.gms.ads.ChimeraAdLoaderBuilderCreatorImpl
xIydxV	[0-9]+s
yZgkrryHk	isBoringSslFIPSBuild
ytiANv	container
zfGD	call to \'resume\' before \'invoke\' with coroutine
@Lcom/google/android/material/progressindicator/UsDe/rQdBre;
CKxRdK	productId
EnvXYurKve	handlerAction
HLKzk	s
HRTRMgJfWi	
IAavw	H90
JOYWOuhpnlfbct	array
JcUUEVVbSsMpj	call to \'resume\' before \'invoke\' with coroutine
JilD	this$0
KrXzol	grouper
MQjtBt	cause
MQu	label
NkXjosoovzM	stackTrace
PzyBONfIPuzCm	elements
QAzLK	ExperimentTTID remote config flag has invalid value, expected boolean.
QCPjFTYWDlPdHRu	scene
QpVSgKqj	runtime module for 
QqWIFAFIvfeq	urlStr
QvPMXWzbNfq	Unable to get lock screen information
TbxzCB	impression_reporting
VhJ	quota_exceeded
WOw	 optiRate=
WuQatenTIGxCoV	BOOL
XgLTeJcQGfb	zze
XrHeAsSdhxU	, layerType=
YscsauMKy	$continuation
auCMoCCQZdRfsIf	bind(...)
bQCeXkXKG	it
bkIDio	this$0
btKy	) for a copy destructive migration.
cITTmCZQzNaZI	<this>
dWzLQ	editActivityThumbnails
gAXFfR	ISO8859_10
hgtNPouPhBx	Completed executing operations from 
hkBGFOMaGabm	device
lnWLdEPKox	read_state
mKl	)
mcJwCbbnrVwgd	: 
mzbYukp	HollowDot
qNggGDpcgc	 installationUuid
sDbDTvvU	other
tAZOSP	Infinix-X572
tUrBjXIBrqBpES	bvde
vOcvPwomxSbe	H150
wHk	render_in_browser
wupeJecvGPcyN	remoteConfig.fetch:isSuccessful=
xLfclWIctT	COLOR_LENS
xRmvtbpGU	Adapter called onAdLeftApplication.
@LdNh/XrfE/pBeWJCPacHLb;
AGsdyqpKxpgBnH	;
AJloHHkHxXWBf	BT
CgRVQt	Unexpected audio encoding: 
DFJnAvKUqeM	call to \'resume\' before \'invoke\' with coroutine
EbsUIAObCjaIMF	code
FRwIKpEhJtwI	in 
FdJGhzpxTCqO	proto
FsFTHgzSNbTtz	emulator
HifLlpLYvmL	com.google.android.instantapps.supervisor.InstantAppsRuntime
IGRRaTNCOUIJU	sampledToLocalTracing
IhsGMhSZYaRfzd	) AppleWebKit/533 Version/4.0 Safari/533
IxUpRrHKsz	style
JBQOo	Index > length: 
Jbjx	, model=
Kvj	call to \'resume\' before \'invoke\' with coroutine
KvnTJvRcLmq	Width must not be negative
LFmnYv	onOptionSelected
MPbtvTrNQu	variableNames
NGdssfZPNHzET	interstitial_mb
RxSn	GLTraceInfo: memsize=
TBrbo	it
Vmaz	: \"
VxsZuIXr	LocalizedPopupDescription(text=
WVFQHpLhCF	com.google.android.gms.ads.dynamite
WfDKizMoiDbKvp	TDA
WssLSZoDnstn	password
ZCCGQCecXH	t0
afD	#%06X
afbZrnmjoZKx	value
bVVEoIW	defaultValue
bZX	view
byAX	controller %x: getDataSource
ftSBYQRjH	context
hCDZJGnqNaEU	SSL_3_0
iea	Attempting to show ad again: 
kvecrpWgjPN	Two different ViewHolders have the same change ID. This might happen due to inconsistent Adapter update events or if the LayoutManager lays out the same View multiple times.\n ViewHolder 1:
lBaCiinm	typeConstructor
lyzaacnT	network
makLNzk	javax.annotation.meta.TypeQualifierNickname
pVBwTfrZT	zzh
pzF	unit
rQVN	SIGN_IN_REQUIRED
tdmqhVzQKJpN	<this>
uOyrLbbyAoFQLg	yyyyMMdd
urRgCf	SessionUpdateExtra
vLtG	this$0
wAWNPcyUUZiLpY	/getAccountInfo
wNLUTf	gads:idless:cookie_modification
xqfQwfpXjHsOAwo	unexpectedNull(...)
yBUwHCwRYpndAJy	 \"\':;<=>@[]^`{}|/\\?#
@Ldz2/tP/XuOaHttMXvUrt;
CsAzj	startColor
DXsHNhQECTzN	Cannot return null from a non-@Nullable @Provides method
EIjNAA	value
IDaUXSFJkZP	instrument
IaMK	Invalid field path (
KRuS	onDelete
Kgx	<this>
LlyMEqvcIernGry	buttonBlendingAndOpacity
NiHdLvEga	r9vC7hAii/auIXsvdkZY1/L1Y60EZEfieXk6UMkf1Mt6AMxWfMB7bOWsIxsUn/Ml
QOIXsYLBr	getFqNameSafe(this)
ReG	\\s+
SeQMFpIFtpHU	CONFLICT
TuNFUUQi	close(Z)V
UAtOFLel	suspendFunType
UNMmE	Invalid content type: 
VdFLQNgSlKoig	, selectedOption=
ViuzjLJRqklD	<this>
WAAfYYDvsJ	ro.mediatek.platform
Whd	dexopt/baseline.profm
WqvcFhqrNdbowW	Can\'t get the number of an unknown enum value.
XPecMzqdKiFsAgP	newProjectCustomSizeLink
XbRiFULCZRHC	FacebookDialogFragment
XzPgTvKrTCs	No location header to follow redirect.
ZhVZGWhCylR	HIDDEN
ZxASL	localLogger
cQxymgASUx	Invalid item position 
eIkhc	Adapter called reportAdClicked.
fjgFw	formatted_price
ftxAlcjuujpbgQF	RemoteException when sending get recaptcha config response.
gbZRkpNTNDf	unknown
gpll	androidx.compose.foundation.text.selection.SelectionHandle (AndroidSelectionHandles.android.kt:66)
hGp	ArrayBuffer
jGhoNHqKmU	
jHFQ	onDismissed
jQVMf	fov
jhzqOjiuH	transport_contexts
lZbjPaAn	Native American
oABSXLKPcCVO	 rawValue=
oETGOd	getFloat32
ohIS	UPPERCASE_J
pszhvcAGI	createSegment(JLkotlinx/coroutines/channels/ChannelSegment;)Lkotlinx/coroutines/channels/ChannelSegment;
rFc	Failed to gzip POST body for request 
rTHXIjCD	BYTES_LIST
rjxociMlRTVA	zzal
sKYYIep	MergingMediaSource
tPVeTGAjjAl	heightField
tgfravdQHSriM	_
tvqiWVDxUBwcr	choices
uFtEwUDL	mistyrose
ushVRKvWYjPugfw	Unknown variant
wmNQiYxIJznYa	, textureCropMode=
xDz	<this>
xwsVmMxiD	signals
@Liq/fi/dyYcRHDbetAq;
BBwefiupahfr	<this>
CYyZMbHVStYz	GmsClient
CcqfjXpcsuU	output
CibWGezpexlSy	No fallback data channel factory for TCP retry
DPtCyvX	
GYoEP	initialArraySize
GtAetbbKPrKrQ	getDeclarationDescriptor
GuUNVZFQCzmFTaG	getTypeParameters
GvuN	UPPERCASE_H
HFGVWQU	.
HidmAjsHLYOWJog	-thin
HvvuHMXw	)
IXlUtGEZb	application/dvbsubs
JgZGMOpsfm	FUJIFILMCCD-RAW
MSmwzcrgmZzZ	\\n
MrojJHfO	ALBUMS
NVmhLB	mkv
PQQQJRyVzFEBjNc	install_uuid
PYDuybKXmuzxa	com.google.firebase.auth.KEY_API_KEY
PxS	objectFieldOffset
Qypx	Request{url=
RSdLzMT	byInternalName
RUod	javaResolverCache
THuOsUkbAWMh	com.alightcreative.onboarding.ui.OnboardingContent.<anonymous> (OnboardingActivity.kt:127)
TvMmhmn	
VmqUxvQTWs	HEVC
Vrn	Login
WCWfmXeYHqjaI	descriptor
WxipPfpnMLNrSe	subcompose can only be used inside the measure or layout blocks
XQasWKPmXMdA	Electroclash
YlJmEVz	productIds
ZEqCAOmOeCf	
apCptPguvCwFy	Operation is not supported for read-only collection
dPC	getApplicationInfo(...)
ddPUquf	Downtempo
dgfUeJuSdv	: adview ad collapsed
fpIviokRooyFr	setPreserveSourceElement
gkyVONXRIdRblYY	description
icxiLq	projectSettingsPanel
jZxKqdwQLtiIjsi	org.jetbrains.annotations.NotNull
jsiuzYhrkcNkU	platform
kCVjSqzbnHj	LineBreak(strategy=
kdnCllCtGHnPBi	<this>
ktEtHBoooSxL	SceneThumbnailMaker:MAKE_THUMB type=
lbZFXb	 to service
lsaaFbPKqO	
mCwq	makeFragment
ofHVTeTe	<this>
pBrmwqngDaVl	, title=
pKVHhYuZnDTZUB	A_PCM/INT/LIT
phqpqGeuSRHfDJw	firestore.
qhMiqOfuR	Convert your Illustrator layers to shape layers.
rFcZecNAwnnZ	V_THEORA
rTsZZaR	Please activate Dynamic Links in the Firebase Console and agree to the terms and conditions.
vNiyerLH	BackupPersistentId(value=
wYZRvktuFkZlGNk	gads:h5ads:max_num_ad_objects
xeySuGsLAYSwIti	_
@Lkotlin/collections/fkfC/JSWRShuuEhr;
AmjIYy	No box method found in inline class: 
CoJtf	 (
DSIgyBxScELdBl	goldenrod
DyHJbYSOp	buf
HAaFMrP	$userParameter
IgTPi	toString(...)
Jaxodozqw	 pointLocations=
LgNkVR	Can\'t pass a null full stream decompressor
OHPXKjK	: (
PcXSujoqqVYtow	Key %s from sharedPreferences has type other than long: %s
QzhveLSIO	out
RCR	androidx.datastore.preferences.protobuf.NewInstanceSchemaFull
TnuhkSifyadWEw	video_complete_urls
WSquwTySSqP	\nevent_filter {\n
WVsuDP	MLLT
XfogbRP	defaultValue
cCCxeowDDDYLC	V_THEORA
cGDwKvMbPsZHfES	moduleDescriptor
cMzHmnPrFoMGqY	https://alightcreative.com/appdata/am/
cdEiEUnkDModWRY	EXISTENCE_FILTER_MISMATCH_BLOOM
cvESZyvZaefYR	sc
fUaGTEze	constrainBlock
jHKDcvefnh	inflater
jUK	r
lEcTaE	audio/raw
lUe	NONE
nVTDlAqYfn	Data cannot occupy more than 10240 bytes when serialized
rgI	\n                        ---\n                        acdoc-type: effect\n                        acdoc-status: draft\n                        effect-id: 
sngrE	it
sxFfFvJ	NO_PREFIX
tdSzGYS	getEditingKeyableProperties
tfzDrfSC	effectId
tgf	selectedSortOption
vGeMa	context
wIgDGic	com.alightcreative.backup.ui.components.CloudStorageBanner (CloudStorageBanner.kt:63)
wIiWxYZuqhLvV	application/cea-608
wlIRechYdCr	recordManualImpression must be called on the main UI thread.
xSZVKFtY	predicate
xrYH	com.google.android.gms.ads.identifier.AdvertisingIdClient
yJGo	realtime_backoff_end_time_in_millis
ybhaSQqqUVEhXG	request
zcPmKhiQcQayFo	FirebaseRemoteConfig
@Lkotlin/reflect/jvm/internal/impl/resolve/deprecation/ncxU/EzawtrzQotPtKt;
AYvkbGH	RESUME
Ahsdi	projectFPHS
BFYHWDmoHZKR	CALM
BHWatjKlzZygiY	tex2d
CSOqhkdLgMr	shown
DJxxDnXDwRVe	TEXT
GJOOBaC	Array is empty.
HXQCMDPbojr	rebeccapurple
LGtUNZFTFsmZS	\n
LrbKO	video
NGvdPnuqdTJRvIV	Mac Key with parameters 
OPbrI	authority
RnkZQbhdeVNJ	 binaries
SBGNt	state
SGGwwt	
SfMviHkJAV	LiveShape:makeScriptEnv:Run: IN
TPTmX	need Android Keystore on Android M or newer
VJobifydPcGs	activity
VaAUoG	Map
VoXxXaCNUqStu	com.alightcreative.vector.roundtriangle
WaVQurlrR	BrowsingProjects(selectedSceneType=
XppAjeVJz	Error parsing FourCC private data
ZrrUXmLqCuEd	<this>
ZtizX	Wrong type URL in call to HmacProtoSerialization.parseKey
boZrfyDbcGmn	suffix
cndmVCrfbaJ	Empty array can\'t be reduced.
ePGbZ	Index:
fCXgyu	F66A28
gTLbLekkKnYwr	oauthIdToken
gbrrxDmNLASrLkO	ruby-position
imKBJ	dut
kStkZQttju	last_acknowledged_version
ktEpmnXzAXu	composer
lKnJL	
mnViteTTwexyYQG	BUTTON_TEXT
ptlDpRgaWufea	phoneEnrollmentInfo
qKGbAlL	gads:sdk_crash_report_class_prefix
qZKa	totalBytes
qmYsPVgTfOSU	Package manager can\'t find google play services package, defaulting to false
rNE	vec2
sglBSUIVyGc	created_at
ueUm	PipelineDraweeController#createDrawable
vObSIAo	visibility
vUGDfaPWhsZkz	subAnswers
wkBDYPA	destination
wpsmIhCWbAEfWt	call to \'resume\' before \'invoke\' with coroutine
xnXil	IABTCF_PurposeConsents
@LmD/EJq/aUEFDyySy;
AZlucCUAA	Unknown value type: 
BBYe	zzaF
CJEuj	javet
CtlNk	<this>
DIAzli	).
DqGrBD	contentResolver
DueOPibZ	 name=
ETGJEzb	DEVELOPER_ERROR
FAvhLvAJJ	toUpperCase(...)
FREqjRalwrvL	access$getSharedPreferences(...)
GFdkQexC	prefix
GVmqsisfZ	osVersion
Gsra	identifier(\"field\")
HUGLWVoTchv	outline
LGiBRuOOooTzoh	it
OaxkQWbORo	MediationAdapterWrapper
OzjZD	One_Max
PPhZtlmPmu	LEAD
RxGJrhXeeOTS	, counter is 
SXe	getExifAttribute: Replacing TAG_ISO_SPEED_RATINGS with TAG_PHOTOGRAPHIC_SENSITIVITY.
TTihc	Exception inflating 
VCSvXHWmqn	: 
XRAZbDRjWK	Index < 0: 
XTmQscrn	]
Xxv	MutableLongState(value=
YmshQoafHCCK	HK
ZCCEzVaGNe	Unable to append parameter to URL: 
ZHnAjIvQwbVfVp	BYTES
ZLlze	receiver.type
bQHQbRWaapBCKWY	null cannot be cast to non-null type androidx.compose.runtime.external.kotlinx.collections.immutable.implementations.immutableMap.TrieNode<K of androidx.compose.runtime.external.kotlinx.collections.immutable.implementations.immutableMap.PersistentHashMapBuilder, V of androidx.compose.runtime.external.kotlinx.collections.immutable.implementations.immutableMap.PersistentHashMapBuilder>
bhxtiVuXGBzUSh	, A12=
czKAUCan	Watching queries requires an open stream
kKWuIZBGfIzWGW	this as java.lang.String).getBytes(charset)
ksYkwQcjqs	display
nkdWZSAGqtPGzjc	<this>
qoFqufcDh	 (args: 
rYJ	Transform must have 9 entries! Has 
rbPLHijBsGP	ArrayService
tPI	AdMobCustomTabsAdapter overlay is closed.
taiRgcSDFds	get
tcQAAFpeCkLIftk	<this>
uvpBOhQInvXlk	}]
vqGMkgScK	
vunXKOVwNB	Invalid aspect ratio
wmCA	error_code
xehyTcs	The format of the phone number provided is incorrect. Please enter the phone number in a format that can be parsed into E.164 format. E.164 phone numbers are written in the format [+][country code][subscriber number including area code].
zEeS	KmsAeadKey are only accepted with version 0, got 
@Lq9/lmv/xclbek;
AdmOYwNazLstv	creative_id
DzVJpQpzoty	price
GDGx	it.className
GwFaWwlZlVqBt	Super calls with default arguments not supported in this target, function: measureAndLayout
IIRb	Scope for error type %s
IjPrISIFJxHFv	zzk
IptkOXmJY	SINT32_LIST_PACKED
IshigTw	weight
JuxIQQGccWKq	null
KKXrakIZBFi	com.alightcreative.maineditor.presetpreview.ui.components.PresetBottomSheet (PresetBottomSheet.kt:17)
KMIUzNg	clickToExpandAllowed
KWIiwY	Animator from operation 
LoprRWzdYdTugX	text/vtt
MTSRWJ	CountdownManager
MukKBdPFFVQukwT	createWithTypeRefiner
ODLHK	exportParams
PaxGxhpeJZgI	<this>
QMrBQKhCkbEmyP	ColorRange(start=
QzicIcXUnYa	Operation is not supported for read-only collection
RsehQFhGnOsU	Missing required view with ID: 
WCTsjqqfFIx	<this>
WEPNTGDQpQg	X
XiTbngnS	item_brand
ZZfmGjvGz	owner
avIvrDE	Server Parameters
bqZZjHKORUCcSsS	Use RequestConfiguration.Builder().setTestDeviceIds(Arrays.asList(\"
cdMdHuDZejLukuG	android.permission.ACCESS_NETWORK_STATE
dOzPwvjinl	ERROR_MISSING_CLIENT_IDENTIFIER
dVvPILHDC	Expected null but was 
flmA	finishSession
gOmDsSApwDdWJQF	enumType
gqN	com.alightcreative.monetization.ui.components.PaywallPROVisual (PaywallVisual.kt:93)
hNFqc	WakefulBroadcastReceiv.
kLbkLILPILcyEKn	17
ldpnPzQixjLbEM	$this$reduceRightOrNull
mgXLdbTqkxDt	deleteFromCloudUseCase
ojPCQzutrCWEqc	)
pDSmhYrdG	native_templates
qOFkrSh	max-stale=
rSVH	context
sJGugcyDJstnRi	refillBuffer() called when 
xzCmyMJZegFZ	getInstance(context)
ycBkPSys	call to \'resume\' before \'invoke\' with coroutine
zEslILcj	File too big for full file cache. Size: 
@LrN/VUx/uUFp;
AzMcNjwKoiTpCj	 visibleRect=
CegBmStrEKhUO	TPE3
EVFWPCvm	Empty array can\'t be reduced.
FTHMjHf	minimumUpdatePeriod
Htb	value_ was null! Wrap in .nullSafe() to write nullable values.
MZNS	toType
NQLEWNmZg	LoadTask
PddEzUlsVk	gads:js_flags:disable_phenotype
QON	report
QXB	, trimmingUri=
QzA	Missing or incorrect 
RBjOmYWMG	useProgram
VsXYIFdJj	prefix
Wkwhv	getPathSegments(...)
bjGWIwQonNqbFr	 
dUGFPVwS	SphericalVideoProcessor
fJKrs	null cannot be cast to non-null type com.alightcreative.app.motion.activities.projectlist.ProjectListHost
jHCQCfoXMKjjn	datastore
jttb	receiver.value
litp	operationCase_
mtziCEKhWx	div
qcXLAxxGgrABxEO	$this$randomOrNull
rfnyRMCdRUKTgQj	destination
tEYJLM	PositionWatcher.getParentScrollViewRects
ufLp	Native American
vFveDHppcmgwDl	ALTER TABLE apps ADD COLUMN daily_error_events_count INTEGER;
vWxslU	gads:omid_use_admob_impl_dependency:enabled
wlIVja	TIT1
wzI	video
xYr	getBuiltInsPackageScope
yMMRvE	<this>
zKVqkjdweOi	, I1=
@LvM/ky/NnETNDqc;
AOGQfDmWN	zzh
AtusJjwthFwm	dest
BTWj	WindowInsetsCompat
CkCmwjpliTj	The operation retry limit has been exceeded.
DaOfyaatDviqef	build(...)
DyamJy	destination
FUcFlgmCk	ParamInfo(label=
Fvfq	unltrwb
HaxAw	shardPreferences
HeaGCfrYG	: 
JKfCs	Default
NuoJ	<this>
OAFWKcqfomWf	MotionPhotoXmpParser
QKm	zzd
QSp	;
WhBQNULFWvgGR	PostExit
WnWaRlcMyQ	index
YGqGfVOd	Already Executed
YfvMrkd	perspective
ZDfPfobKhLJyZy	Failed to encode.
ZGkECRAL	getSceneByProjectIdUseCase
aCvqKZZh	listener
brYkKNaAOF	]
bznindrK	thumb-med.jpg
dsXmbw	context
eDTIEad	property
hqeXjeeCYVJk	KN
iBJBNwilE	
jAXtytAju	...
kAQTTacTWR	DataView
kLZRQoHD	zzk
lRsYkoF	<this>
nqEZTnJSJmxNTbt	%c%c%c%c
paK	BUTT
psUQyW	AUTO
rdmJnARnBzH	 to 
xkmUfP	NumericKeypad
yQxebjob	Rubik Regular
yndwr	outBundle
ziybKQ	join
@Lwx/bK/yrRY;
AWVh	1.3.37-google_20220829
CvkcEdrbIsIGClM	declined
CzYFUu	 missing=
DASryTVAXQ	, periodDiscountPercentage=
DzFj	, value=
EJpazmjpyxKd	scope
EcNMx	_-.+, 
FFtiS	,
FQosV	triggered_timestamp
FgIeRjBUBDN	Ad Class
GqzF	, arrangementSpacing=
IUrtdltGhpsmCB	link
IaiJv	VisualEffect(id=
Jfk	REWARD_BASED_VIDEO_AD
JnHCRFRynkScme	click_tracking_urls
KggAWgyT	onDestroy IN
LJHBykTBPThCN	textDecoration
McqFzZpkwIa	video_template_import
NBRzxwpsUInQ	Gothic Rock
OTCFlqYKOV	copyPasteHolder
QOvnVTaVuDTZ	NR
Qsn	TLS_ECDH_RSA_WITH_NULL_SHA
UpgEHInehO	binding
etfxocfO	darkmagenta
gFWffKyHMiQpEcj	initialBackoffNanos
gzFbXeWr	duration_ms
hyHIAzTfH	<this>
iBSJHYuEeiOKJ	Discarding invalid ID3 tag
rRzhRL	SG_M12
rgY	ViewParentCompat
uZfq	<this>
vBPgSBxRVCLvQBU	a
wIVWFvbZ	Rave
wgLsVwxYRQ	Duplicate choice value \'
wtNUqu	localization
xAhh	Failed to generate/retrieve public encryption key for reCAPTCHA flow.
yOrCweftGB	<this>
zKpDDoAlY	entries
zuSwFvjNSXuqb	INVALID_ID_TOKEN
@Lz/IjB/RCAvxpuI;
ABYXnmrsmYbzPb	Unexpected first three bytes of ID3 tag header: 0x
AWPHM	
CAmDfglFREIRUj	call to \'resume\' before \'invoke\' with coroutine
CrVhjrYxaPvtUy	viewModel
FRuVglVizNz	/
GWAucCUAo	codec.profileLevel, 
GjfeDR	setActive
GwQuJEXVhtXAu	Failed to parse cover art attribute
HKQdLBXmYhyuzht	context
Ice	Fragment 
Ikmh	ClientCall$Listener.onClose
JdyzV	seq_num
KBlIGFbb	l5460
KjBWCRttuaZ	,
LtenAMp	<anonymous parameter 0>
MjxnbfORzykGBYb	getAllowedStorageUseCase
NoVqYmPZggFtS	$mediaFillMode
RDUPmBsCHOdYsw	onUnbind called for intent. action
RWkSvlmFDtHu	darkcyan
TuULmy	action
UKbnkKwIBjOsai	v
VsDZJS	total
XLUo	 
XNUYuyQhsOtKGyV	iapManager
XSBDreWyFoNvk	DataCollector
XcOypWpvv	) has no email or phone number, cannot build credential.
YWumJcOCjcW	<this>
Ywz	USAGE_VOICE_COMMUNICATION_SIGNALLING
aJAGUdEFwat	IS_FUN_INTERFACE.get(classProto.flags)
aaxAdGWXIUBm	Blob { bytes=
bnigKWDZR	getSource
bpEy	formattedPrice
fmjm	SH
gEKBa	gads:inspector:ad_manager_enabled
glBKMAzTP	StorageUtil
gsnE	 does not represent a valid digit in radix 
hJLGemJsMgFTVK	new_app_version
hfqYEPZ	Could not retrieve stream volume for stream type 
iBT	java.lang.String.format(locale, format, *args)
iwUvplDTvR	video/3gpp
oTbwjsfILNQasx	audio/ac3
qwVmvTDku	bg_black
sHYkU	charset
tCphqVqW	thread
twCqKRMNINOux	search
uzcXDWvxVBIsSx	, audibleOptions=
vijDnKPNjp	--translation
vtjGO	<this>
wqeX	platformDependentDeclarationFilter
xERXwxx	UINT64_LIST_PACKED
yvSLkop	event
zfTiKJWDQhvri	Drum Solo
