# German for HushThreads: the English key, a tab, the translation. One row per string.
# After editing, run python scripts/gen-l10n.py from the repository root.
Build %1$s	Build %1$s
%1$d item in that file isn't a setting this version of HushThreads knows, so it'll be left out.	%1$d Eintrag in dieser Datei ist keine Einstellung, die diese Version von HushThreads kennt, und wird deshalb ausgelassen.
%1$d items in that file aren't settings this version of HushThreads knows, so they'll be left out.	%1$d Einträge in dieser Datei sind keine Einstellungen, die diese Version von HushThreads kennt, und werden deshalb ausgelassen.
%1$d switch will change.	%1$d Schalter wird geändert.
%1$d switches will change.	%1$d Schalter werden geändert.
%1$s. It was set when you patched, so Pause can't turn it off. To rule it out, patch again and leave out that patch.	%1$s. Das wurde beim Patchen festgelegt, deshalb kann die Pause es nicht ausschalten. Um es auszuschließen, patche erneut und lass diesen Patch weg.
%1$s. They were set when you patched, so Pause can't turn them off. To rule one out, patch again and leave out the patch in brackets after it.	%1$s. Diese wurden beim Patchen festgelegt, deshalb kann die Pause sie nicht ausschalten. Um eines davon auszuschließen, patche erneut und lass den Patch weg, der in Klammern dahinter steht.
A change here applies after Threads restarts.	Eine Änderung hier gilt erst nach einem Neustart von Threads.
A diagnostic report is already being saved.	Ein Diagnosebericht wird bereits gespeichert.
A file named %1$s in %2$s paused HushThreads.	Eine Datei namens %1$s in %2$s hat HushThreads pausiert.
About	Info
Advertising ID removed	Werbe-ID entfernt
Android 11 and older don't say which links open here. Tap to open this app's settings, then Open by default.	Android 11 und älter melden nicht, welche Links sich hier öffnen. Tippe, um die Einstellungen dieser App zu öffnen, dann auf „Standardmäßig öffnen“.
Android only sends Threads links to an app signed by Meta. Selecting the addresses sends their links here instead. Your other link settings stay as they are.	Android schickt Threads-Links nur an eine App, die von Meta signiert ist. Wenn du die Adressen auswählst, kommen ihre Links stattdessen hierher. Deine anderen Link-Einstellungen bleiben, wie sie sind.
Android verified this app for Threads' web addresses, so their links open here.	Android hat diese App für die Webadressen von Threads bestätigt, deshalb öffnen sich ihre Links hier.
Android's settings for this app didn't open. Open App info from Threads' icon, then Open by default.	Die Android-Einstellungen für diese App ließen sich nicht öffnen. Öffne die App-Info über das Threads-Symbol, dann „Standardmäßig öffnen“.
Back	Zurück
Cancel	Abbrechen
Changing these	So änderst du sie
Choose a settings file. Before anything is imported, you'll see how many switches it changes.	Wähle eine Einstellungsdatei. Vor dem Import siehst du, wie viele Schalter sie ändert.
Clear diagnostic data	Diagnosedaten löschen
Copy a quick report or save the full one to Download/Morphe. Links, IDs, cookies and sign-in tokens are left out. Check it for other private text before you share it.	Kopiere einen Kurzbericht oder speichere den vollständigen Bericht unter Download/Morphe. Links, IDs, Cookies und Anmeldetokens werden ausgelassen. Prüfe ihn vor dem Teilen auf andere private Angaben.
Copy quick report	Kurzbericht kopieren
Couldn't import the settings, and couldn't put back the ones you had. Check the switches on this screen.	Die Einstellungen ließen sich nicht importieren, und deine vorherigen ließen sich nicht wiederherstellen. Prüfe die Schalter auf diesem Bildschirm.
Couldn't import the settings. Nothing was changed.	Die Einstellungen ließen sich nicht importieren. Es wurde nichts geändert.
Couldn't open that file. Nothing was changed.	Diese Datei ließ sich nicht öffnen. Es wurde nichts geändert.
Couldn't open the file picker. Try again.	Die Dateiauswahl ließ sich nicht öffnen. Versuche es noch einmal.
Couldn't put back the diagnostic data. Try again.	Die Diagnosedaten ließen sich nicht wiederherstellen. Versuche es noch einmal.
Couldn't save the settings file. Try again.	Die Einstellungsdatei ließ sich nicht speichern. Versuche es noch einmal.
Couldn't start that. Try again in a moment.	Das ließ sich nicht starten. Versuche es gleich noch einmal.
Couldn't start the report export. Try again shortly.	Der Export des Berichts ließ sich nicht starten. Versuche es gleich noch einmal.
Couldn't turn HushThreads back on. Try again.	HushThreads ließ sich nicht wieder einschalten. Versuche es noch einmal.
Debug logging	Debug-Protokollierung
Diagnostic data cleared. Tap again to put it back.	Diagnosedaten gelöscht. Tippe erneut, um sie wiederherzustellen.
Diagnostic data put back.	Diagnosedaten wiederhergestellt.
Diagnostic report copied to the clipboard.	Diagnosebericht in die Zwischenablage kopiert.
Clears the saved log and patch check results that a report would include.	Leert das gespeicherte Protokoll und die Patch-Prüfergebnisse, die ein Bericht enthalten würde.
Every switch but Debug logging acts as if it were off, and what was set when you patched stays in. Your settings stay as they are.	Jeder Schalter außer der Debug-Protokollierung verhält sich, als wäre er aus, und was beim Patchen festgelegt wurde, bleibt aktiv. Deine Einstellungen bleiben, wie sie sind.
Export diagnostic report	Diagnosebericht exportieren
Export settings	Einstellungen exportieren
Feed	Feed
Turns off every HushThreads switch except Debug logging the next time Threads starts. What you chose when you patched stays, and your choices are saved.	Schaltet beim nächsten Start von Threads jeden HushThreads-Schalter außer der Debug-Protokollierung aus. Was du beim Patchen gewählt hast, bleibt, und deine Auswahl bleibt gespeichert.
Hide ads	Werbung ausblenden
HushThreads %1$s on Threads %2$s	HushThreads %1$s auf Threads %2$s
HushThreads %1$s targets Threads %2$s.	HushThreads %1$s ist für Threads %2$s gedacht.
HushThreads pauses when Threads restarts.	HushThreads pausiert, sobald Threads neu startet.
HushThreads turns back on when Threads restarts.	HushThreads ist wieder aktiv, sobald Threads neu startet.
It targets Threads %1$s.	Es ist für Threads %1$s gedacht.
Links, updates, backup and more	Links, Updates, Sicherung und mehr
None of Threads' web addresses are selected for this app, so their links open elsewhere. Tap to select them in Android's settings.	Keine Webadresse von Threads ist für diese App ausgewählt, deshalb öffnen sich ihre Links woanders. Tippe, um sie in den Android-Einstellungen auszuwählen.
Only some of Threads' web addresses are selected for this app, and links to the rest open elsewhere. Tap to select them in Android's settings.	Nur einige Webadressen von Threads sind für diese App ausgewählt, und Links zu den übrigen öffnen sich woanders. Tippe, um sie in den Android-Einstellungen auszuwählen.
Privacy	Datenschutz
Save your switches to a file. Pause and Debug logging aren't included, and neither is the release check.	Speichert deine Schalter in einer Datei. Pause und Debug-Protokollierung sind nicht enthalten, die Suche nach neuen Versionen auch nicht.
Saved. Restart Threads to apply this change.	Gespeichert. Starte Threads neu, um diese Änderung zu übernehmen.
Some Threads screens check who signed the app and fail on a patched one. This fix makes them open again.	Manche Threads-Bildschirme prüfen, wer die App signiert hat, und scheitern bei einer gepatchten. Dieser Fix lässt sie wieder öffnen.
Settings exported. The app holding the file wouldn't let HushThreads read it back, so it wasn't checked.	Einstellungen exportiert. Die App, in der die Datei liegt, ließ HushThreads sie nicht zurücklesen, daher wurde sie nicht geprüft.
# context: summary of the Hide ads switch; For you and Following are the names of Threads' two feeds, written as the app shows them in this language
Sponsored posts come out of For you and Following before Threads shows them, so no gap is left.	Gesponserte Beiträge werden aus „Für dich“ und „Gefolgt“ entfernt, bevor Threads sie zeigt, deshalb bleibt keine Lücke.
# context: summary of the Feed section link on the overview; the same two feed names as the Hide ads switch
Sponsored posts in For you and Following	Gesponserte Beiträge in „Für dich“ und „Gefolgt“
# context: Feed overview summaries when suggestions alone, or both feed rules, are selected
Suggested accounts in your feed	Vorgeschlagene Konten in deinem Feed
Ads and suggested accounts in your feed	Werbung und vorgeschlagene Konten in deinem Feed
Stop analytics uploads	Analyse-Uploads stoppen
# context: xmt and slof are the tags' own names in the link and stay as they are
Takes tracking tags such as xmt and slof off the post links you copy or share. A short share link becomes the post's own link.	Entfernt Tracking-Tags wie xmt und slof aus den Beitragslinks, die du kopierst oder teilst. Ein kurzer Teilen-Link wird zum eigenen Link des Beitrags.
The app holding that file is taking too long, so HushThreads stopped waiting. Nothing was changed.	Die App, in der die Datei liegt, braucht zu lange, deshalb wartet HushThreads nicht mehr. Es wurde nichts geändert.
The app holding the last settings file still hasn't answered. Try again later.	Die App mit der letzten Einstellungsdatei hat noch immer nicht geantwortet. Versuche es später noch einmal.
The app holding the settings file is taking too long, so HushThreads stopped waiting. That app may still finish saving it, so check the file before you rely on it.	Die App, in der die Einstellungsdatei liegt, braucht zu lange, deshalb wartet HushThreads nicht mehr. Sie kann das Speichern noch abschließen, also prüfe die Datei, bevor du dich darauf verlässt.
The file %1$s couldn't be removed. Delete it from %2$s, then tap Resume again.	Die Datei %1$s ließ sich nicht entfernen. Lösche sie aus %2$s und tippe dann noch einmal auf Fortsetzen.
The settings file was saved, but it doesn't read back as what was written. Save it again as a new file.	Die Einstellungsdatei wurde gespeichert, liest sich aber nicht so zurück, wie sie geschrieben wurde. Speichere sie noch einmal als neue Datei.
Stops most usage reports from reaching Meta. Some may still get through. Turn this off to send them as before.	Hält die meisten Nutzungsberichte von Meta fern. Einige können trotzdem durchkommen. Schalte das aus, um sie wie zuvor zu senden.
Analytics address coverage	Abdeckung der Analyseadressen
Blocked: %1$s. Not found in this build: %2$s.	Blockiert: %1$s. In diesem Build nicht gefunden: %2$s.
This build didn't record which report types it covers. Patch again to see them.	Dieser Build hat nicht festgehalten, welche Berichtsarten er abdeckt. Patche erneut, um sie zu sehen.
none	keine
Threads can't read your phone's advertising ID. The permission for it is gone from this build.	Threads kann die Werbe-ID deines Telefons nicht lesen. Die Berechtigung dafür fehlt in diesem Build.
Threads crashed or froze within a minute of starting three times in a row, so HushThreads paused itself.	Threads ist dreimal hintereinander innerhalb einer Minute nach dem Start abgestürzt oder hängen geblieben, deshalb hat sich HushThreads selbst pausiert.
Threads' web addresses are selected for this app in Android's settings, so their links open here.	Die Webadressen von Threads sind in den Android-Einstellungen für diese App ausgewählt, deshalb öffnen sich ihre Links hier.
Tracking in links and analytics uploads	Tracking in Links und Analyse-Uploads
Try again, or go back to Threads.	Versuche es noch einmal oder kehre zu Threads zurück.
Until you resume, every switch but Debug logging acts as if it were off. Changes made when you patched stay in.	Bis zum Fortsetzen verhält sich jeder Schalter außer der Debug-Protokollierung, als wäre er aus. Was beim Patchen festgelegt wurde, bleibt aktiv.
Full report saved to %1$s	Vollständiger Bericht gespeichert unter %1$s
GPL-3.0, with the notices of the projects this is built on	GPL-3.0, mit den Hinweisen der Projekte, auf denen es aufbaut
HushThreads is on	HushThreads ist aktiv
HushThreads is paused	HushThreads ist pausiert
HushThreads settings	HushThreads-Einstellungen
HushThreads settings couldn't open	HushThreads-Einstellungen ließen sich nicht öffnen
Import	Importieren
Import settings	Einstellungen importieren
Importing settings	Einstellungen werden importiert
Licenses	Lizenzen
Links	Links
OK	OK
Pause HushThreads	HushThreads pausieren
Re-signed build fix	Fix für neu signierte Builds
Reading the settings file	Einstellungsdatei wird gelesen
Remove tracking from shared links	Tracking aus geteilten Links entfernen
Retry	Erneut versuchen
Save full report	Vollständigen Bericht speichern
# The release check: its switch and Check now row under Updates, the status card's line about a newer release, and what a failed try says.
Check for new HushThreads releases	Nach neuen HushThreads-Versionen suchen
Once a day, when Threads starts, checks GitHub for a newer HushThreads and tells you here. Nothing is downloaded.	Prüft einmal am Tag beim Start von Threads auf GitHub, ob es ein neueres HushThreads gibt, und sagt es dir hier. Es wird nichts heruntergeladen.
Check now	Jetzt prüfen
Asks GitHub for the newest release right now, even with the switch above off.	Fragt GitHub sofort nach der neuesten Version, auch wenn der Schalter darüber aus ist.
Checking GitHub now.	GitHub wird gerade gefragt.
HushThreads %1$s is out. Update it in Morphe Manager.	HushThreads %1$s ist erschienen. Aktualisiere es im Morphe Manager.
Version %1$s for Threads %2$s	Version %1$s für Threads %2$s
You have the newest HushThreads release.	Du hast die neueste Version von HushThreads.
The newest HushThreads release is %1$s.	Die neueste Version von HushThreads ist %1$s.
Couldn't reach GitHub. Try again later.	GitHub war nicht erreichbar. Versuche es später noch einmal.
GitHub is turning away checks from this network for now. Try again later.	GitHub weist Anfragen aus diesem Netz gerade ab. Versuche es später noch einmal.
GitHub sent back something HushThreads couldn't read. Try again later.	GitHub hat etwas geschickt, das HushThreads nicht lesen konnte. Versuche es später noch einmal.
Saving the settings file	Einstellungsdatei wird gespeichert
Set when you patched	Beim Patchen festgelegt
Settings couldn't open	Einstellungen ließen sich nicht öffnen
Settings couldn't refresh completely. Reopen settings and try again.	Die Einstellungen ließen sich nicht vollständig aktualisieren. Öffne sie neu und versuche es noch einmal.
Settings exported.	Einstellungen exportiert.
Settings imported. %1$d switch changed.	Einstellungen importiert. %1$d Schalter wurde geändert.
Settings imported. %1$d switches changed.	Einstellungen importiert. %1$d Schalter wurden geändert.
Source code and issues	Quellcode und Issues
Stays in while paused	Bleibt während der Pause aktiv
Tap to turn it back on.	Zum Wiedereinschalten tippen.
That file is too large to be a settings file. Nothing was changed.	Diese Datei ist zu groß für eine Einstellungsdatei. Es wurde nichts geändert.
That file isn't readable text, so it may have been damaged on the way. Nothing was changed.	Diese Datei ist kein lesbarer Text, sie wurde also womöglich bei der Übertragung beschädigt. Es wurde nichts geändert.
That file lists a setting twice, so there's no telling which value to use. Nothing was changed.	Diese Datei führt eine Einstellung zweimal auf, daher ist unklar, welcher Wert gilt. Es wurde nichts geändert.
That isn't a HushThreads settings file. Nothing was changed.	Das ist keine HushThreads-Einstellungsdatei. Es wurde nichts geändert.
That settings file holds a value HushThreads can't read. Nothing was changed.	Diese Einstellungsdatei enthält einen Wert, den HushThreads nicht lesen kann. Es wurde nichts geändert.
That settings file is damaged or only partly downloaded. Nothing was changed.	Diese Einstellungsdatei ist beschädigt oder nur teilweise heruntergeladen. Es wurde nichts geändert.
That settings file was written by a newer HushThreads than this one. Nothing was changed.	Diese Einstellungsdatei stammt aus einer neueren HushThreads-Version als dieser. Es wurde nichts geändert.
The diagnostic report couldn't be saved yet. Try again in a moment.	Der Diagnosebericht ließ sich noch nicht speichern. Versuche es gleich noch einmal.
The diagnostic report couldn't be saved. Try again.	Der Diagnosebericht ließ sich nicht speichern. Versuche es noch einmal.
The file %1$s couldn't be removed. Delete it from %2$s to turn HushThreads back on.	Die Datei %1$s ließ sich nicht entfernen. Lösche sie aus %2$s, um HushThreads wieder einzuschalten.
Your choices are saved. Tap Resume, then restart Threads.	Deine Auswahl bleibt gespeichert. Tippe auf Fortsetzen und starte Threads dann neu.
the re-signed build fix	der Fix für neu signierte Builds
The setting couldn't finish updating. Its saved value is shown.	Die Einstellung ließ sich nicht vollständig aktualisieren. Der gespeicherte Wert wird angezeigt.
There's no diagnostic data to clear.	Es gibt keine Diagnosedaten zum Löschen.
There's no diagnostic data to put back.	Es gibt keine Diagnosedaten zum Wiederherstellen.
They're chosen in Morphe Manager when you patch, and Pause doesn't turn them off. Patch again to change them.	Diese werden beim Patchen in Morphe Manager ausgewählt, und die Pause schaltet sie nicht aus. Patche erneut, um sie zu ändern.
This phone has no file picker, so there's no way to choose a file here.	Dieses Handy hat keine Dateiauswahl, hier lässt sich also keine Datei wählen.
Version	Version
Record patch activity and show errors for a bug report. Leave off during normal use.	Zeichnet Patch-Aktivität auf und zeigt Fehler für einen Fehlerbericht. Im Alltag ausgeschaltet lassen.
You paused HushThreads.	Du hast HushThreads pausiert.
Your switches already match that file, so nothing will change.	Deine Schalter entsprechen bereits dieser Datei, es ändert sich also nichts.
Copy a short report to the clipboard.	Kurzen Bericht in die Zwischenablage kopieren.
Save the full report in Download/Morphe.	Vollständigen Bericht unter Download/Morphe speichern.
Settings imported.	Einstellungen importiert.
No app on this phone can open the link. The address is %1$s.	Keine App auf diesem Handy kann den Link öffnen. Die Adresse ist %1$s.
Pause, backup and diagnostics	Pause, Sicherung und Diagnose
Updates	Updates
Jump to a section	Zu einem Abschnitt springen
Go straight to one group of settings. Back returns to where you were.	Direkt zu einer Gruppe von Einstellungen. Zurück bringt dich dorthin, wo du warst.
Browse settings	Einstellungen durchsuchen
More settings	Weitere Einstellungen
No matching settings	Keine passenden Einstellungen
%1$d setting found	%1$d Einstellung gefunden
%1$d settings found	%1$d Einstellungen gefunden
Try a different word or clear the search.	Versuch ein anderes Wort oder lösche die Suche.
Search settings	Einstellungen suchen
Clear search	Suche löschen
Your switches are working.	Deine Schalter sind aktiv.
Pause	Pausieren
Resume	Fortsetzen
Undo	Rückgängig

# context: Links section, the Supported links row. It reads Android's own per-app selection of Threads' web addresses (Android 12 and later) and opens Android's Open by default page for this app. Use the phone's own names for Open supported links, Open by default and App info.
Supported links	Unterstützte Links
Opening supported links is off for this app in Android's settings. Tap to turn it on.	„Unterstützte Links öffnen“ ist für diese App in den Android-Einstellungen aus. Tippe, um es einzuschalten.
Android didn't say which links open here. Tap to check in Android's settings.	Android hat nicht gemeldet, welche Links sich hier öffnen. Tippe, um in den Android-Einstellungen nachzusehen.
Selecting links by hand	Links von Hand auswählen
# context: an item in the sentence about what Pause can't turn off; the patch name Remove the advertising ID follows it in brackets, so it mustn't repeat that name
the removed advertising ID permission	die entfernte Berechtigung für die Werbe-ID

# context: optional feed rule and its scope
Hide suggested users	Vorgeschlagene Nutzer ausblenden
Removes the cards that suggest accounts to follow, in your feed and on profiles. Normal posts and reposts stay.	Entfernt die Karten, die Konten zum Folgen vorschlagen, in deinem Feed und in Profilen. Normale Beiträge und Reposts bleiben.
Keep feed position on return	Feedposition beim Zurückkehren beibehalten
Returning to Threads within ten minutes keeps your place. Pull to refresh still works.	Wenn du innerhalb von zehn Minuten zu Threads zurückkehrst, bleibst du an derselben Stelle. Zum Aktualisieren kannst du weiter nach unten ziehen.
No time limit	Kein Zeitlimit
With the switch above on, your place stays however long you're away. Pull to refresh and a fresh start still load new posts.	Wenn der Schalter oben an ist, bleibt deine Stelle erhalten, egal wie lange du weg bist. Zum Aktualisieren ziehen und ein Neustart laden weiterhin neue Beiträge.
Where you left off in your feed	Wo du in deinem Feed aufgehört hast
Open links in your browser	Links in deinem Browser öffnen
Links you tap open in your browser or the site's app, skipping Threads' link tracking. Threads and Instagram pages still open in Threads.	Links, die du antippst, öffnen sich in deinem Browser oder in der App der Seite, ohne Threads' Link-Tracking. Threads- und Instagram-Seiten öffnen sich weiter in Threads.
Tap to play videos	Videos per Tippen abspielen
Videos in your feed wait for a tap instead of playing as you scroll.	Videos in deinem Feed warten auf ein Tippen, statt beim Scrollen abzuspielen.
Videos in your feed	Videos in deinem Feed

# context: overview disclosure for default patches omitted from this build (Hushfacebook 814acd23)
Tap to see which.	Tippe, um sie zu sehen.
%1$d default patch isn't in this build	%1$d Standard-Patch ist nicht in diesem Build
%1$d default patches aren't in this build	%1$d Standard-Patches sind nicht in diesem Build
Not in this build: %1$s. Morphe Manager selects it by default. Patch again with it selected to get what it does.	Nicht in diesem Build: %1$s. Morphe Manager wählt diesen Patch standardmäßig aus. Wähle ihn aus und patche erneut, um zu bekommen, was er tut.
Not in this build: %1$s. Morphe Manager selects them by default. Patch again with them selected to get what they do.	Nicht in diesem Build: %1$s. Morphe Manager wählt diese Patches standardmäßig aus. Wähle sie aus und patche erneut, um zu bekommen, was sie tun.
Appearance	Darstellung
Pure black dark mode	Rein schwarzer Dunkelmodus
Dark mode uses true black instead of dark gray. Turn on dark mode in Threads to see it. Restart Threads to see the change.	Der Dunkelmodus nutzt echtes Schwarz statt Dunkelgrau. Schalte in Threads den Dunkelmodus ein, um das zu sehen. Starte Threads neu, damit die Änderung greift.
Hide the Instagram button	Instagram-Button ausblenden
Takes the Instagram button off the top of profiles, yours and other people's. Restart Threads to see the change.	Entfernt den Instagram-Button oben in Profilen, in deinem und in denen anderer. Starte Threads neu, damit die Änderung greift.
Turn features on or off	Funktionen ein- oder ausschalten
# Fotos und Videos speichern
%1$d saved in lower quality than on Threads.	%1$d in niedrigerer Qualität als auf Threads gespeichert.
%1$d saves stopped. Reopen the post and save again.	%1$d Speichervorgänge wurden gestoppt. Öffne den Beitrag erneut und speichere noch einmal.
%1$d saves were interrupted	%1$d Speichervorgänge wurden unterbrochen
%1$s becomes the date and time of the save, %2$s the video's number on Threads, %3$s who posted it and %4$s the day it was posted. What a save doesn't know is left out, and a name with none of these gets the date added. When the name is already in the folder, the time of the save goes on the end. Invalid characters become underscores. Leave it blank to use the default, %5$s.	%1$s wird zu Datum und Uhrzeit des Speicherns, %2$s zur Nummer des Videos auf Threads, %3$s zum Namen dessen, der es gepostet hat, und %4$s zum Tag der Veröffentlichung. Was beim Speichern nicht bekannt ist, wird weggelassen, und ein Name ohne eines davon bekommt das Datum angehängt. Gibt es den Namen im Ordner schon, wird die Uhrzeit des Speicherns angehängt. Ungültige Zeichen werden zu Unterstrichen. Lass das Feld leer, um den Standardnamen %5$s zu verwenden.
%1$s of %2$s	%1$s von %2$s
%1$s so far	Bisher %1$s
A save stopped. Reopen the post and save again.	Ein Speichervorgang wurde gestoppt. Öffne den Beitrag erneut und speichere noch einmal.
A save was interrupted	Ein Speichervorgang wurde unterbrochen
Adds Save to a post's menu. A post with several photos or videos saves them all. Off or paused, you get Threads' normal menu.	Fügt dem Beitragsmenü Speichern hinzu. Ein Beitrag mit mehreren Fotos oder Videos speichert sie alle. Aus oder pausiert, siehst du das normale Menü von Threads.
Best	Beste
Cancel saving this carousel	Speichern dieses Karussells abbrechen
Cancel saving this photo	Speichern dieses Fotos abbrechen
Cancel saving this video	Speichern dieses Videos abbrechen
Carousel cancelled. Saved %1$d. Failed %2$d. Skipped %3$d.	Karussell abgebrochen. Gespeichert %1$d. Fehlgeschlagen %2$d. Übersprungen %3$d.
Choose a folder name under Movies and Pictures. Invalid characters become underscores. Leave it blank to use the default folder, %1$s.	Wähle einen Ordnernamen unter Movies und Pictures. Ungültige Zeichen werden zu Unterstrichen. Lass das Feld leer, um den Standardordner %1$s zu verwenden.
Copying to the gallery	Wird in die Galerie kopiert
Download failed. Try again in a moment.	Download fehlgeschlagen. Versuche es gleich noch einmal.
Download quality	Download-Qualität
Downloading	Wird heruntergeladen
Downloads	Downloads
Each video saves at %1$s or the closest quality below it. A video with nothing that low saves at the closest quality above.	Jedes Video wird in %1$s oder der nächstniedrigeren Qualität gespeichert. Hat ein Video keine so niedrige Qualität, wird es in der nächsthöheren gespeichert.
Each video saves at its lowest quality, for the smallest file.	Jedes Video wird in seiner niedrigsten Qualität gespeichert, damit die Datei so klein wie möglich ist.
Each video saves at the best quality the player streams.	Jedes Video wird in der besten Qualität gespeichert, die der Player streamt.
Example without post details	Beispiel ohne Beitragsdetails
File name	Dateiname
File name set to %1$s.	Dateiname auf %1$s gesetzt.
Folder name	Ordnername
Folder set to %1$s.	Ordner auf %1$s gesetzt.
Helps if WhatsApp, an editor like CapCut or InShot, or a gallery plays your saved video without sound. May lower quality.	Hilft, wenn WhatsApp, ein Editor wie CapCut oder InShot oder eine Galerie dein gespeichertes Video ohne Ton abspielt. Kann die Qualität senken.
How far a photo or video you're saving has got, with a button to cancel it	Fortschritt beim Speichern eines Fotos oder Videos, mit einem Button zum Abbrechen
HushThreads saves	Speichern mit HushThreads
Joining the picture and sound	Bild und Ton werden zusammengefügt
Last carousel save	Letzter gespeicherter Karussellbeitrag
Link expired. Reopen the post and try again	Link abgelaufen. Öffne den Beitrag neu und versuche es noch einmal
Not saved: a carousel can have at most %1$d pages	Nicht gespeichert: Ein Karussell darf höchstens %1$d Seiten haben
Not saved: that isn't a Threads photo or video	Nicht gespeichert: Das ist kein Foto oder Video von Threads
Not saved: the file is over 512 MB	Nicht gespeichert: Die Datei ist über 512 MB groß
Page %1$d of %2$d	Seite %1$d von %2$d
Photos and videos you save from posts	Fotos und Videos, die du aus Beiträgen speicherst
Reopen the post and save again.	Öffne den Beitrag erneut und speichere noch einmal.
Save	Speichern
Save all	Alle speichern
Save cancelled	Speichern abgebrochen
Save folder	Speicherordner
Save photo	Foto speichern
Save photos and videos	Fotos und Videos speichern
Save video	Video speichern
Save videos other apps can open	Videos speichern, die andere Apps öffnen können
Saved %1$d. Failed %2$d. Skipped %3$d.	Gespeichert %1$d. Fehlgeschlagen %2$d. Übersprungen %3$d.
Saved to %1$s	Gespeichert unter %1$s
Saved to %1$s in lower quality than on Threads	Gespeichert unter %1$s, in geringerer Qualität als auf Threads
Saved to the gallery	In der Galerie gespeichert
Saved to the gallery in lower quality than on Threads	In der Galerie gespeichert, in geringerer Qualität als auf Threads
Saving a carousel	Karussell wird gespeichert
Saving a photo	Foto wird gespeichert
Saving a video	Video wird gespeichert
Saving...	Wird gespeichert …
Saving... To cancel, open Downloads in HushThreads settings.	Speichern ... Zum Abbrechen öffne Downloads in den HushThreads-Einstellungen.
Smallest	Kleinste
Video file name	Dateiname für Videos
Videos are named %1$s. Photos are always named %2$s followed by the date and time.	Videos heißen %1$s. Fotos heißen immer %2$s, gefolgt von Datum und Uhrzeit.
Videos go to %1$s and photos to %2$s.	Videos landen in %1$s und Fotos in %2$s.
Version code raised	Versionscode erhöht
The version number is set as high as Android allows, so Google Play won't offer Meta's updates over this build. Threads still sees its real version. To go back to stock Threads, uninstall this one first, which deletes Threads' data on this phone. Later HushThreads builds need Change version code too, or they won't install over this one.	Die Versionsnummer ist so hoch gesetzt, wie Android es erlaubt, deshalb bietet Google Play keine Updates von Meta über diesen Build an. Threads sieht weiterhin seine echte Version. Um zum originalen Threads zurückzukehren, deinstalliere zuerst diese App, wodurch die Daten von Threads auf diesem Handy gelöscht werden. Spätere HushThreads-Builds brauchen ebenfalls Change version code, sonst lassen sie sich nicht über diesen installieren.
the raised version code	der erhöhte Versionscode
Share sheet entry removed	Eintrag im Teilen-Menü entfernt
Threads doesn't show up when you share from other apps. Sharing from Threads to other apps still works.	Threads erscheint nicht mehr, wenn du aus anderen Apps teilst. Aus Threads in andere Apps teilen funktioniert weiterhin.
the removed share sheet entry	der entfernte Eintrag im Teilen-Menü
User certificates trusted	Eigenen Zertifikaten wird vertraut
Threads accepts security certificates you added to your phone. Its own checks on Meta's certificates are unchanged, so a proxy still can't read most of its traffic.	Threads akzeptiert Sicherheitszertifikate, die du auf deinem Handy hinzugefügt hast. Die eigenen Prüfungen der Meta-Zertifikate bleiben unverändert, deshalb kann ein Proxy den Großteil des Datenverkehrs weiterhin nicht lesen.
the user certificate trust	das Vertrauen in eigene Zertifikate
Hide screenshots from Threads	Screenshots vor Threads verbergen
Threads isn't told when you take a screenshot, so it can't log it or react to it.	Threads erfährt nicht, wenn du einen Screenshot machst, und kann ihn daher weder protokollieren noch darauf reagieren.
Full size photos	Fotos in voller Größe
Photos load at the largest size Threads has, not one picked for your screen. They look sharper and use more data.	Fotos werden in der größten Größe geladen, die Threads hat, nicht in einer für deinen Bildschirm gewählten. Sie wirken schärfer und verbrauchen mehr Daten.
