# Indonesian for HushThreads: the English key, a tab, the translation. One row per string.
# After editing, run python scripts/gen-l10n.py from the repository root.
Build %1$s	Versi build %1$s
%1$d item in that file isn't a setting this version of HushThreads knows, so it'll be left out.	%1$d item dalam file itu bukan pengaturan yang dikenali versi HushThreads ini, jadi tidak akan disertakan.
%1$d items in that file aren't settings this version of HushThreads knows, so they'll be left out.	%1$d item dalam file itu bukan pengaturan yang dikenali versi HushThreads ini, jadi tidak akan disertakan.
%1$d switch will change.	%1$d sakelar akan berubah.
%1$d switches will change.	%1$d sakelar akan berubah.
%1$s. It was set when you patched, so Pause can't turn it off. To rule it out, patch again and leave out that patch.	%1$s. Ini diatur saat Anda menambal, jadi Jeda tidak dapat mematikannya. Untuk memastikan bukan ini penyebabnya, tambal ulang tanpa tambalan yang tertera dalam kurung setelahnya.
%1$s. They were set when you patched, so Pause can't turn them off. To rule one out, patch again and leave out the patch in brackets after it.	%1$s. Ini diatur saat Anda menambal, jadi Jeda tidak dapat mematikannya. Untuk memastikan bukan ini penyebabnya, tambal ulang tanpa tambalan yang tertera dalam kurung setelahnya.
A change here applies after Threads restarts.	Perubahan di sini berlaku setelah Threads dimulai ulang.
A diagnostic report is already being saved.	Sudah ada laporan diagnostik yang sedang disimpan.
A file named %1$s in %2$s paused HushThreads.	File bernama %1$s di %2$s menjeda HushThreads.
About	Tentang
Advertising ID removed	ID iklan dihapus
Android 11 and older don't say which links open here. Tap to open this app's settings, then Open by default.	Android 11 dan versi sebelumnya tidak memberi tahu tautan mana yang terbuka di sini. Ketuk untuk membuka pengaturan aplikasi ini, lalu Buka secara default.
Android only sends Threads links to an app signed by Meta. Selecting the addresses sends their links here instead. Your other link settings stay as they are.	Android hanya mengirim tautan Threads ke aplikasi yang ditandatangani Meta. Memilih alamat itu mengarahkan tautannya ke sini. Pengaturan tautan Anda yang lain tidak berubah.
Android verified this app for Threads' web addresses, so their links open here.	Android telah memverifikasi aplikasi ini untuk alamat web Threads, jadi tautannya terbuka di sini.
Android's settings for this app didn't open. Open App info from Threads' icon, then Open by default.	Pengaturan Android untuk aplikasi ini tidak terbuka. Buka Info aplikasi dari ikon Threads, lalu Buka secara default.
Back	Kembali
Cancel	Batal
Changing these	Mengubah pilihan ini
Choose a settings file. Before anything is imported, you'll see how many switches it changes.	Pilih file pengaturan. Sebelum apa pun diimpor, Anda akan melihat berapa sakelar yang berubah.
Clear diagnostic data	Hapus data diagnostik
Copy a quick report or save the full one to Download/Morphe. Links, IDs, cookies and sign-in tokens are left out. Check it for other private text before you share it.	Salin laporan singkat atau simpan laporan lengkap di Download/Morphe. Tautan, ID, cookie, dan token masuk dihilangkan. Periksa teks pribadi lainnya sebelum membagikannya.
Copy quick report	Salin laporan singkat
Couldn't import the settings, and couldn't put back the ones you had. Check the switches on this screen.	Pengaturan tidak dapat diimpor, dan pengaturan sebelumnya tidak dapat dikembalikan. Periksa sakelar di layar ini.
Couldn't import the settings. Nothing was changed.	Pengaturan tidak dapat diimpor. Tidak ada yang diubah.
Couldn't open that file. Nothing was changed.	File itu tidak dapat dibuka. Tidak ada yang diubah.
Couldn't open the file picker. Try again.	Pemilih file tidak dapat dibuka. Coba lagi.
Couldn't put back the diagnostic data. Try again.	Data diagnostik tidak dapat dikembalikan. Coba lagi.
Couldn't save the settings file. Try again.	File pengaturan tidak dapat disimpan. Coba lagi.
Couldn't start that. Try again in a moment.	Tidak dapat dimulai. Coba lagi dalam beberapa saat.
Couldn't start the report export. Try again shortly.	Ekspor laporan tidak dapat dimulai. Coba lagi dalam beberapa saat.
Couldn't turn HushThreads back on. Try again.	HushThreads tidak dapat diaktifkan lagi. Coba lagi.
Debug logging	Pencatatan debug
Diagnostic data cleared. Tap again to put it back.	Data diagnostik dihapus. Ketuk lagi untuk mengembalikannya.
Diagnostic data put back.	Data diagnostik dikembalikan.
Diagnostic report copied to the clipboard.	Laporan diagnostik disalin ke papan klip.
Clears the saved log and patch check results that a report would include.	Menghapus log tersimpan dan hasil pemeriksaan patch yang akan dimuat dalam laporan.
Every switch but Debug logging acts as if it were off, and what was set when you patched stays in. Your settings stay as they are.	Semua sakelar kecuali Pencatatan debug dianggap nonaktif, dan yang diatur saat Anda menambal tetap aktif. Pengaturan Anda tetap seperti semula.
Export diagnostic report	Ekspor laporan diagnostik
Export settings	Ekspor pengaturan
Feed	Feed
Turns off every HushThreads switch except Debug logging the next time Threads starts. What you chose when you patched stays, and your choices are saved.	Mematikan semua sakelar HushThreads kecuali Pencatatan debug saat Threads dibuka berikutnya. Yang Anda pilih saat menambal tetap berlaku, dan pilihan Anda tersimpan.
Hide ads	Sembunyikan iklan
HushThreads %1$s on Threads %2$s	HushThreads %1$s di Threads %2$s
HushThreads %1$s targets Threads %2$s.	HushThreads %1$s ditujukan untuk Threads %2$s.
HushThreads pauses when Threads restarts.	HushThreads dijeda saat Threads dimulai ulang.
HushThreads turns back on when Threads restarts.	HushThreads aktif lagi saat Threads dimulai ulang.
It targets Threads %1$s.	Rilis ini ditujukan untuk Threads %1$s.
Links, updates, backup and more	Tautan, pembaruan, cadangan, dan lainnya
None of Threads' web addresses are selected for this app, so their links open elsewhere. Tap to select them in Android's settings.	Tidak ada alamat web Threads yang dipilih untuk aplikasi ini, jadi tautannya terbuka di tempat lain. Ketuk untuk memilihnya di pengaturan Android.
Only some of Threads' web addresses are selected for this app, and links to the rest open elsewhere. Tap to select them in Android's settings.	Hanya sebagian alamat web Threads yang dipilih untuk aplikasi ini, dan tautan ke alamat lainnya terbuka di tempat lain. Ketuk untuk memilihnya di pengaturan Android.
Privacy	Privasi
Save your switches to a file. Pause and Debug logging aren't included, and neither is the release check.	Simpan sakelar Anda ke sebuah file. Jeda dan Pencatatan debug tidak disertakan, begitu pula pemeriksaan rilis.
Saved. Restart Threads to apply this change.	Tersimpan. Mulai ulang Threads untuk menerapkan perubahan ini.
Some Threads screens check who signed the app and fail on a patched one. This fix makes them open again.	Beberapa layar Threads memeriksa siapa yang menandatangani aplikasi dan gagal pada aplikasi yang ditambal. Perbaikan ini membuatnya terbuka lagi.
Settings exported. The app holding the file wouldn't let HushThreads read it back, so it wasn't checked.	Pengaturan diekspor. Aplikasi yang menyimpan file itu tidak mengizinkan HushThreads membacanya kembali, jadi file itu tidak diperiksa.
# context: summary of the Hide ads switch; For you and Following are the names of Threads' two feeds, written as the app shows them in this language
Sponsored posts come out of For you and Following before Threads shows them, so no gap is left.	Postingan bersponsor dihapus dari Untuk Anda dan Mengikuti sebelum Threads menampilkannya, jadi tidak ada celah kosong.
# context: summary of the Feed section link on the overview; the same two feed names as the Hide ads switch
Sponsored posts in For you and Following	Postingan bersponsor di Untuk Anda dan Mengikuti
# context: Feed overview summaries when suggestions alone, or both feed rules, are selected
Suggested accounts in your feed	Akun yang disarankan di feed Anda
Ads and suggested accounts in your feed	Iklan dan akun yang disarankan di feed Anda
Stop analytics uploads	Hentikan unggahan analitik
# context: xmt and slof are the tags' own names in the link and stay as they are
Takes tracking tags such as xmt and slof off the post links you copy or share. A short share link becomes the post's own link.	Menghapus tag pelacakan seperti xmt dan slof dari tautan postingan yang Anda salin atau bagikan. Tautan berbagi pendek diganti dengan tautan postingan itu sendiri.
The app holding that file is taking too long, so HushThreads stopped waiting. Nothing was changed.	Aplikasi yang menyimpan file itu terlalu lama, jadi HushThreads berhenti menunggu. Tidak ada yang diubah.
The app holding the last settings file still hasn't answered. Try again later.	Aplikasi yang menyimpan file pengaturan terakhir masih belum merespons. Coba lagi nanti.
The app holding the settings file is taking too long, so HushThreads stopped waiting. That app may still finish saving it, so check the file before you rely on it.	Aplikasi yang menyimpan file pengaturan terlalu lama, jadi HushThreads berhenti menunggu. Aplikasi itu mungkin masih menyelesaikan penyimpanannya, jadi periksa file itu sebelum mengandalkannya.
The file %1$s couldn't be removed. Delete it from %2$s, then tap Resume again.	File %1$s tidak dapat dihapus. Hapus file itu dari %2$s, lalu ketuk Lanjutkan lagi.
The settings file was saved, but it doesn't read back as what was written. Save it again as a new file.	File pengaturan sudah disimpan, tetapi isinya saat dibaca kembali tidak sama dengan yang ditulis. Simpan lagi sebagai file baru.
Stops most usage reports from reaching Meta. Some may still get through. Turn this off to send them as before.	Menghentikan sebagian besar laporan penggunaan agar tidak sampai ke Meta. Beberapa mungkin masih lolos. Matikan untuk mengirimnya seperti semula.
Analytics address coverage	Cakupan alamat analitik
Blocked: %1$s. Not found in this build: %2$s.	Diblokir: %1$s. Tidak ditemukan di build ini: %2$s.
This build didn't record which report types it covers. Patch again to see them.	Build ini tidak mencatat jenis laporan apa yang dicakup. Tambal ulang untuk melihatnya.
none	tidak ada
Threads can't read your phone's advertising ID. The permission for it is gone from this build.	Threads tidak dapat membaca ID iklan ponsel Anda. Izin untuk itu sudah dihapus dari build ini.
Threads crashed or froze within a minute of starting three times in a row, so HushThreads paused itself.	Threads berhenti mendadak atau macet dalam satu menit setelah dibuka, tiga kali berturut-turut, jadi HushThreads menjeda dirinya sendiri.
Threads' web addresses are selected for this app in Android's settings, so their links open here.	Alamat web Threads dipilih untuk aplikasi ini di pengaturan Android, jadi tautannya terbuka di sini.
Tracking in links and analytics uploads	Pelacakan di tautan dan unggahan analitik
Try again, or go back to Threads.	Coba lagi, atau kembali ke Threads.
Until you resume, every switch but Debug logging acts as if it were off. Changes made when you patched stay in.	Sampai Anda melanjutkan, semua sakelar kecuali Pencatatan debug dianggap nonaktif. Yang diatur saat Anda menambal tetap aktif.
Full report saved to %1$s	Laporan lengkap disimpan ke %1$s
GPL-3.0, with the notices of the projects this is built on	GPL-3.0, beserta pemberitahuan dari proyek yang menjadi dasarnya
HushThreads is on	HushThreads aktif
HushThreads is paused	HushThreads dijeda
HushThreads settings	Pengaturan HushThreads
HushThreads settings couldn't open	Pengaturan HushThreads tidak dapat dibuka
Import	Impor
Import settings	Impor pengaturan
Importing settings	Mengimpor pengaturan
Licenses	Lisensi
Links	Tautan
OK	Oke
Pause HushThreads	Jeda HushThreads
Re-signed build fix	Perbaikan build yang ditandatangani ulang
Reading the settings file	Membaca file pengaturan
Remove tracking from shared links	Hapus pelacakan dari tautan yang dibagikan
Retry	Coba lagi
Save full report	Simpan laporan lengkap
# The release check: its switch and Check now row under Updates, the status card's line about a newer release, and what a failed try says.
Check for new HushThreads releases	Periksa rilis HushThreads baru
Once a day, when Threads starts, checks GitHub for a newer HushThreads and tells you here. Nothing is downloaded.	Sekali sehari, saat Threads dibuka, memeriksa GitHub untuk HushThreads yang lebih baru dan memberi tahu Anda di sini. Tidak ada yang diunduh.
Check now	Periksa sekarang
Asks GitHub for the newest release right now, even with the switch above off.	Menanyakan rilis terbaru ke GitHub sekarang juga, meski sakelar di atas mati.
Checking GitHub now.	Sedang memeriksa GitHub.
HushThreads %1$s is out. Update it in Morphe Manager.	HushThreads %1$s sudah dirilis. Perbarui di Morphe Manager.
Version %1$s for Threads %2$s	Versi %1$s untuk Threads %2$s
You have the newest HushThreads release.	Anda sudah memakai rilis HushThreads terbaru.
The newest HushThreads release is %1$s.	Rilis HushThreads terbaru adalah %1$s.
Couldn't reach GitHub. Try again later.	GitHub tidak dapat dihubungi. Coba lagi nanti.
GitHub is turning away checks from this network for now. Try again later.	GitHub sedang menolak pemeriksaan dari jaringan ini. Coba lagi nanti.
GitHub sent back something HushThreads couldn't read. Try again later.	GitHub mengirim sesuatu yang tidak bisa dibaca HushThreads. Coba lagi nanti.
Saving the settings file	Menyimpan file pengaturan
Set when you patched	Diatur saat Anda menambal
Settings couldn't open	Pengaturan tidak dapat dibuka
Settings couldn't refresh completely. Reopen settings and try again.	Pengaturan tidak dapat dimuat ulang sepenuhnya. Buka kembali pengaturan lalu coba lagi.
Settings exported.	Pengaturan diekspor.
Settings imported. %1$d switch changed.	Pengaturan diimpor. %1$d sakelar berubah.
Settings imported. %1$d switches changed.	Pengaturan diimpor. %1$d sakelar berubah.
Source code and issues	Kode sumber dan laporan masalah
Stays in while paused	Tetap aktif saat dijeda
Tap to turn it back on.	Ketuk untuk mengaktifkan HushThreads lagi.
That file is too large to be a settings file. Nothing was changed.	File itu terlalu besar untuk sebuah file pengaturan. Tidak ada yang diubah.
That file isn't readable text, so it may have been damaged on the way. Nothing was changed.	File itu bukan teks yang dapat dibaca, jadi mungkin rusak saat ditransfer. Tidak ada yang diubah.
That file lists a setting twice, so there's no telling which value to use. Nothing was changed.	File itu mencantumkan satu pengaturan dua kali, jadi tidak jelas nilai mana yang harus dipakai. Tidak ada yang diubah.
That isn't a HushThreads settings file. Nothing was changed.	Itu bukan file pengaturan HushThreads. Tidak ada yang diubah.
That settings file holds a value HushThreads can't read. Nothing was changed.	File pengaturan itu memuat nilai yang tidak dapat dibaca HushThreads. Tidak ada yang diubah.
That settings file is damaged or only partly downloaded. Nothing was changed.	File pengaturan itu rusak atau hanya terunduh sebagian. Tidak ada yang diubah.
That settings file was written by a newer HushThreads than this one. Nothing was changed.	File pengaturan itu dibuat oleh versi HushThreads yang lebih baru daripada versi ini. Tidak ada yang diubah.
The diagnostic report couldn't be saved yet. Try again in a moment.	Laporan diagnostik belum dapat disimpan. Coba lagi dalam beberapa saat.
The diagnostic report couldn't be saved. Try again.	Laporan diagnostik tidak dapat disimpan. Coba lagi.
The file %1$s couldn't be removed. Delete it from %2$s to turn HushThreads back on.	File %1$s tidak dapat dihapus. Hapus file itu dari %2$s untuk mengaktifkan HushThreads lagi.
Your choices are saved. Tap Resume, then restart Threads.	Pilihan Anda tersimpan. Ketuk Lanjutkan, lalu mulai ulang Threads.
the re-signed build fix	perbaikan build yang ditandatangani ulang
The setting couldn't finish updating. Its saved value is shown.	Pengaturan ini tidak dapat selesai diperbarui. Nilai yang tersimpan ditampilkan.
There's no diagnostic data to clear.	Tidak ada data diagnostik yang dapat dihapus.
There's no diagnostic data to put back.	Tidak ada data diagnostik yang dapat dikembalikan.
They're chosen in Morphe Manager when you patch, and Pause doesn't turn them off. Patch again to change them.	Semua ini dipilih di Morphe Manager saat Anda menambal, dan Jeda tidak mematikannya. Tambal ulang untuk mengubahnya.
This phone has no file picker, so there's no way to choose a file here.	Ponsel ini tidak memiliki pemilih file, jadi file tidak dapat dipilih di sini.
Version	Versi
Record patch activity and show errors for a bug report. Leave off during normal use.	Catat aktivitas patch dan tampilkan kesalahan untuk laporan bug. Matikan saat penggunaan biasa.
You paused HushThreads.	Anda menjeda HushThreads.
Your switches already match that file, so nothing will change.	Sakelar Anda sudah sesuai dengan file itu, jadi tidak ada yang akan berubah.
Copy a short report to the clipboard.	Salin laporan singkat ke papan klip.
Save the full report in Download/Morphe.	Simpan laporan lengkap di Download/Morphe.
Settings imported.	Pengaturan diimpor.
No app on this phone can open the link. The address is %1$s.	Tidak ada aplikasi di ponsel ini yang dapat membuka tautan ini. Alamatnya %1$s.
Pause, backup and diagnostics	Jeda, cadangan, dan diagnostik
Updates	Pembaruan
Jump to a section	Lompat ke bagian
Go straight to one group of settings. Back returns to where you were.	Langsung ke satu kelompok setelan. Kembali membawamu ke tempat semula.
Browse settings	Jelajahi pengaturan
More settings	Pengaturan lainnya
No matching settings	Tidak ada pengaturan yang cocok
%1$d setting found	%1$d pengaturan ditemukan
%1$d settings found	%1$d pengaturan ditemukan
Try a different word or clear the search.	Coba kata lain atau hapus pencarian.
Search settings	Cari pengaturan
Clear search	Hapus pencarian
Your switches are working.	Sakelar Anda aktif.
Pause	Jeda
Resume	Lanjutkan
Undo	Urungkan

# context: Links section, the Supported links row. It reads Android's own per-app selection of Threads' web addresses (Android 12 and later) and opens Android's Open by default page for this app. Use the phone's own names for Open supported links, Open by default and App info.
Supported links	Tautan yang didukung
Opening supported links is off for this app in Android's settings. Tap to turn it on.	“Buka link yang didukung” nonaktif untuk aplikasi ini di pengaturan Android. Ketuk untuk mengaktifkannya.
Android didn't say which links open here. Tap to check in Android's settings.	Android tidak memberi tahu tautan mana yang terbuka di sini. Ketuk untuk memeriksanya di pengaturan Android.
Selecting links by hand	Memilih tautan secara manual
# context: an item in the sentence about what Pause can't turn off; the patch name Remove the advertising ID follows it in brackets, so it mustn't repeat that name
the removed advertising ID permission	izin ID iklan yang dihapus

# context: optional feed rule and its scope
Hide suggested users	Sembunyikan pengguna yang disarankan
Removes the cards that suggest accounts to follow, in your feed and on profiles. Normal posts and reposts stay.	Menghapus kartu yang menyarankan akun untuk diikuti, di feed Anda dan di profil. Postingan biasa dan repost tetap ada.
Keep feed position on return	Pertahankan posisi feed saat kembali
Returning to Threads within ten minutes keeps your place. Pull to refresh still works.	Jika kembali ke Threads dalam sepuluh menit, posisi feed tetap sama. Tarik ke bawah untuk memuat ulang masih berfungsi.
No time limit	Tanpa batas waktu
With the switch above on, your place stays however long you're away. Pull to refresh and a fresh start still load new posts.	Jika sakelar di atas aktif, posisi Anda tetap tersimpan berapa lama pun Anda pergi. Tarik untuk memuat ulang dan membuka ulang aplikasi tetap memuat postingan baru.
Where you left off in your feed	Posisi terakhir Anda di feed
Open links in your browser	Buka tautan di browser Anda
Links you tap open in your browser or the site's app, skipping Threads' link tracking. Threads and Instagram pages still open in Threads.	Tautan yang Anda ketuk terbuka di browser atau aplikasi situsnya, tanpa pelacakan tautan Threads. Halaman Threads dan Instagram tetap terbuka di Threads.
Tap to play videos	Ketuk untuk memutar video
Videos in your feed wait for a tap instead of playing as you scroll.	Video di feed Anda menunggu diketuk, bukan diputar saat Anda menggulir.
Videos in your feed	Video di feed Anda

# context: overview disclosure for default patches omitted from this build (Hushfacebook 814acd23)
Tap to see which.	Ketuk untuk melihat yang mana.
%1$d default patch isn't in this build	%1$d tambalan default tidak ada di build ini
%1$d default patches aren't in this build	%1$d tambalan default tidak ada di build ini
Not in this build: %1$s. Morphe Manager selects it by default. Patch again with it selected to get what it does.	Tidak ada di build ini: %1$s. Morphe Manager memilihnya secara default. Pilih tambalan itu lalu tambal ulang untuk mendapatkan fungsinya.
Not in this build: %1$s. Morphe Manager selects them by default. Patch again with them selected to get what they do.	Tidak ada di build ini: %1$s. Morphe Manager memilihnya secara default. Pilih tambalan itu lalu tambal ulang untuk mendapatkan fungsinya.
Appearance	Tampilan
Pure black dark mode	Mode gelap hitam pekat
Dark mode uses true black instead of dark gray. Turn on dark mode in Threads to see it. Restart Threads to see the change.	Mode gelap memakai hitam pekat, bukan abu-abu gelap. Aktifkan mode gelap di Threads untuk melihatnya. Mulai ulang Threads untuk melihat perubahannya.
Hide the Instagram button	Sembunyikan tombol Instagram
Takes the Instagram button off the top of profiles, yours and other people's. Restart Threads to see the change.	Menghapus tombol Instagram di bagian atas profil, milik Anda dan milik orang lain. Mulai ulang Threads untuk melihat perubahannya.
Turn features on or off	Aktifkan atau nonaktifkan fitur
# Menyimpan foto dan video
%1$d saved in lower quality than on Threads.	%1$d disimpan dengan kualitas lebih rendah daripada di Threads.
%1$d saves stopped. Reopen the post and save again.	%1$d penyimpanan terhenti. Buka kembali postingan dan simpan lagi.
%1$d saves were interrupted	%1$d penyimpanan terputus
%1$s becomes the date and time of the save, %2$s the video's number on Threads, %3$s who posted it and %4$s the day it was posted. What a save doesn't know is left out, and a name with none of these gets the date added. When the name is already in the folder, the time of the save goes on the end. Invalid characters become underscores. Leave it blank to use the default, %5$s.	%1$s diganti dengan tanggal dan waktu penyimpanan, %2$s dengan nomor video di Threads, %3$s dengan nama pengunggahnya, dan %4$s dengan tanggal unggahnya. Yang tidak diketahui saat menyimpan akan dihilangkan, dan nama tanpa satu pun di antaranya akan ditambahi tanggal. Jika nama itu sudah ada di folder, waktu penyimpanan ditambahkan di akhir. Karakter yang tidak valid menjadi garis bawah. Kosongkan untuk memakai nama bawaan, %5$s.
%1$s of %2$s	%1$s dari %2$s
%1$s so far	%1$s terunduh
A save stopped. Reopen the post and save again.	Penyimpanan terhenti. Buka kembali postingan dan simpan lagi.
A save was interrupted	Penyimpanan terputus
Adds Save to a post's menu. A post with several photos or videos saves them all. Off or paused, you get Threads' normal menu.	Menambahkan Simpan ke menu postingan. Postingan dengan beberapa foto atau video menyimpan semuanya. Saat mati atau dijeda, menunya kembali seperti biasa di Threads.
Best	Terbaik
Cancel saving this carousel	Batalkan penyimpanan carousel ini
Cancel saving this photo	Batalkan penyimpanan foto ini
Cancel saving this video	Batalkan penyimpanan video ini
Carousel cancelled. Saved %1$d. Failed %2$d. Skipped %3$d.	Carousel dibatalkan. Disimpan %1$d. Gagal %2$d. Dilewati %3$d.
Choose a folder name under Movies and Pictures. Invalid characters become underscores. Leave it blank to use the default folder, %1$s.	Pilih nama folder di Movies dan Pictures. Karakter yang tidak valid menjadi garis bawah. Kosongkan untuk memakai folder bawaan, %1$s.
Copying to the gallery	Menyalin ke galeri
Download failed. Try again in a moment.	Unduhan gagal. Coba lagi sebentar lagi.
Download quality	Kualitas unduhan
Downloading	Mengunduh
Downloads	Unduhan
Each video saves at %1$s or the closest quality below it. A video with nothing that low saves at the closest quality above.	Setiap video disimpan dalam %1$s atau kualitas terdekat di bawahnya. Video yang tidak memiliki kualitas serendah itu disimpan dalam kualitas terdekat di atasnya.
Each video saves at its lowest quality, for the smallest file.	Setiap video disimpan dengan kualitas terendahnya, agar ukuran filenya sekecil mungkin.
Each video saves at the best quality the player streams.	Setiap video disimpan dengan kualitas streaming terbaik dari pemutar.
Example without post details	Contoh tanpa detail postingan
File name	Nama file
File name set to %1$s.	Nama file diatur menjadi %1$s.
Folder name	Nama folder
Folder set to %1$s.	Folder diatur menjadi %1$s.
Helps if WhatsApp, an editor like CapCut or InShot, or a gallery plays your saved video without sound. May lower quality.	Membantu jika WhatsApp, editor seperti CapCut atau InShot, atau galeri memutar video tersimpan Anda tanpa suara. Kualitas bisa turun.
How far a photo or video you're saving has got, with a button to cancel it	Progres foto atau video yang sedang Anda simpan, dengan tombol untuk membatalkannya
HushThreads saves	Penyimpanan HushThreads
Joining the picture and sound	Menggabungkan gambar dan suara
Last carousel save	Penyimpanan carousel terakhir
Link expired. Reopen the post and try again	Tautan kedaluwarsa. Buka ulang postingan lalu coba lagi
Not saved: a carousel can have at most %1$d pages	Tidak disimpan: carousel hanya boleh memiliki paling banyak %1$d halaman
Not saved: that isn't a Threads photo or video	Tidak disimpan: itu bukan foto atau video Threads
Not saved: the file is over 512 MB	Tidak disimpan: file lebih dari 512 MB
Page %1$d of %2$d	Halaman %1$d dari %2$d
Photos and videos you save from posts	Foto dan video yang Anda simpan dari postingan
Reopen the post and save again.	Buka kembali postingan dan simpan lagi.
Save	Simpan
Save all	Simpan semua
Save cancelled	Penyimpanan dibatalkan
Save folder	Folder simpan
Save photo	Simpan foto
Save photos and videos	Simpan foto dan video
Save video	Simpan video
Save videos other apps can open	Simpan video yang bisa dibuka aplikasi lain
Saved %1$d. Failed %2$d. Skipped %3$d.	Disimpan %1$d. Gagal %2$d. Dilewati %3$d.
Saved to %1$s	Disimpan ke %1$s
Saved to %1$s in lower quality than on Threads	Disimpan ke %1$s dengan kualitas lebih rendah daripada di Threads
Saved to the gallery	Disimpan ke galeri
Saved to the gallery in lower quality than on Threads	Disimpan ke galeri dengan kualitas lebih rendah daripada di Threads
Saving a carousel	Menyimpan carousel
Saving a photo	Menyimpan foto
Saving a video	Menyimpan video
Saving...	Menyimpan...
Saving... To cancel, open Downloads in HushThreads settings.	Menyimpan... Untuk membatalkan, buka Unduhan di pengaturan HushThreads.
Smallest	Terkecil
Video file name	Nama file video
Videos are named %1$s. Photos are always named %2$s followed by the date and time.	Video diberi nama %1$s. Foto selalu diberi nama %2$s diikuti tanggal dan waktu.
Videos go to %1$s and photos to %2$s.	Video disimpan ke %1$s dan foto ke %2$s.
Version code raised	Kode versi dinaikkan
The version number is set as high as Android allows, so Google Play won't offer Meta's updates over this build. Threads still sees its real version. To go back to stock Threads, uninstall this one first, which deletes Threads' data on this phone. Later HushThreads builds need Change version code too, or they won't install over this one.	Nomor versi diatur setinggi yang diizinkan Android, jadi Google Play tidak akan menawarkan pembaruan Meta untuk menimpa build ini. Threads tetap melihat versi aslinya. Untuk kembali ke Threads asli, copot pemasangan yang ini dulu, yang menghapus data Threads di ponsel ini. Build HushThreads berikutnya juga butuh Change version code, atau tidak bisa dipasang menimpa yang ini.
the raised version code	kode versi yang dinaikkan
Share sheet entry removed	Entri lembar bagikan dihapus
Threads doesn't show up when you share from other apps. Sharing from Threads to other apps still works.	Threads tidak muncul saat kamu berbagi dari aplikasi lain. Berbagi dari Threads ke aplikasi lain tetap berfungsi.
the removed share sheet entry	entri lembar bagikan yang dihapus
User certificates trusted	Sertifikat pengguna dipercaya
Threads accepts security certificates you added to your phone. Its own checks on Meta's certificates are unchanged, so a proxy still can't read most of its traffic.	Threads menerima sertifikat keamanan yang Anda tambahkan ke ponsel. Pemeriksaan sendiri atas sertifikat Meta tidak berubah, jadi proxy tetap tidak bisa membaca sebagian besar lalu lintasnya.
the user certificate trust	kepercayaan pada sertifikat pengguna
Hide screenshots from Threads	Sembunyikan tangkapan layar dari Threads
Threads isn't told when you take a screenshot, so it can't log it or react to it.	Threads tidak diberi tahu saat kamu mengambil tangkapan layar, jadi tidak bisa mencatat atau menanggapinya.
Full size photos	Foto ukuran penuh
Photos load at the largest size Threads has, not one picked for your screen. They look sharper and use more data.	Foto dimuat dalam ukuran terbesar yang dimiliki Threads, bukan ukuran yang dipilih untuk layarmu. Foto terlihat lebih tajam dan memakai lebih banyak data.
