# Turkish for HushThreads: the English key, a tab, the translation. One row per string.
# After editing, run python scripts/gen-l10n.py from the repository root.
%1$d item in that file isn't a setting this version of HushThreads knows, so it'll be left out.	O dosyadaki %1$d öğe, HushThreads'un bu sürümünün tanıdığı ayarlardan değil, bu yüzden atlanacak.
%1$d items in that file aren't settings this version of HushThreads knows, so they'll be left out.	O dosyadaki %1$d öğe, HushThreads'un bu sürümünün tanıdığı ayarlardan değil, bu yüzden atlanacak.
%1$d switch will change.	%1$d anahtar değişecek.
%1$d switches will change.	%1$d anahtar değişecek.
%1$s. It was set when you patched, so Pause can't turn it off. To rule it out, patch again and leave out that patch.	%1$s. Yamaladığında ayarlandığı için Duraklatma bunu kapatamaz. Bunu elemek için yeniden yamala ve o yamayı dışarıda bırak.
%1$s. They were set when you patched, so Pause can't turn them off. To rule one out, patch again and leave out the patch in brackets after it.	%1$s. Yamaladığında ayarlandıkları için Duraklatma bunları kapatamaz. Birini elemek için yeniden yamala ve onun ardından parantez içinde yazan yamayı dışarıda bırak.
A change here applies after Threads restarts.	Buradaki bir değişiklik Threads yeniden başladıktan sonra geçerli olur.
A diagnostic report is already being saved.	Bir tanılama raporu zaten kaydediliyor.
A file named %1$s in %2$s paused HushThreads.	%2$s içindeki %1$s adlı bir dosya HushThreads'u duraklattı.
About	Hakkında
Advertising ID removed	Reklam kimliği kaldırıldı
Android 11 and older don't say which links open here. Tap to open this app's settings, then Open by default.	Android 11 ve öncesi burada hangi bağlantıların açıldığını bildirmez. Bu uygulamanın ayarlarını açmak için dokunun, ardından Varsayılan olarak aç'a gidin.
Android checks Threads' links against Meta's signing key, which a re-signed build doesn't have. Selecting the addresses sends their links here again. It doesn't restore Meta's verification, and your other link settings stay as they are.	Android, Threads'in bağlantılarını Meta'nın imzalama anahtarıyla denetler ve yeniden imzalanmış bir sürümde bu anahtar yoktur. Adresleri seçmek bağlantılarını yeniden buraya gönderir. Bu, Meta'nın doğrulamasını geri getirmez ve diğer bağlantı ayarlarınız olduğu gibi kalır.
Android verified this app for Threads' web addresses, so their links open here.	Android bu uygulamayı Threads'in web adresleri için doğruladı, bu yüzden bağlantıları burada açılır.
Android's settings for this app didn't open. Open App info from Threads' icon, then Open by default.	Bu uygulamanın Android ayarları açılamadı. Threads simgesinden Uygulama bilgileri'ni, ardından Varsayılan olarak aç'ı açın.
Back	Geri
Cancel	İptal
Changing these	Bunları değiştirmek
Choose a settings file. Before anything is imported, you'll see how many switches it changes.	Bir ayar dosyası seç. İçe aktarmadan önce kaç anahtarın değişeceğini görürsün.
Clear diagnostic data	Tanılama verilerini temizle
Copy a quick report or save the full one to Download/Morphe. Links, IDs, cookies and sign-in tokens are left out. Check it for other private text before you share it.	Kısa raporu kopyala veya tam raporu Download/Morphe konumuna kaydet. Bağlantılar, kimlikler, çerezler ve oturum belirteçleri çıkarılır. Paylaşmadan önce başka özel bilgi olup olmadığına bak.
Copy quick report	Hızlı raporu kopyala
Couldn't import the settings, and couldn't put back the ones you had. Check the switches on this screen.	Ayarlar içe aktarılamadı ve önceki ayarların geri yüklenemedi. Bu ekrandaki anahtarları kontrol et.
Couldn't import the settings. Nothing was changed.	Ayarlar içe aktarılamadı. Hiçbir şey değiştirilmedi.
Couldn't open that file. Nothing was changed.	Bu dosya açılamadı. Hiçbir şey değiştirilmedi.
Couldn't open the file picker. Try again.	Dosya seçici açılamadı. Tekrar dene.
Couldn't put back the diagnostic data. Try again.	Tanılama verileri geri getirilemedi. Tekrar dene.
Couldn't save the settings file. Try again.	Ayar dosyası kaydedilemedi. Tekrar dene.
Couldn't start that. Try again in a moment.	Bu işlem başlatılamadı. Birazdan tekrar dene.
Couldn't start the report export. Try again shortly.	Rapor dışa aktarımı başlatılamadı. Birazdan tekrar dene.
Couldn't turn HushThreads back on. Try again.	HushThreads yeniden açılamadı. Tekrar dene.
Debug logging	Hata ayıklama günlüğü
Diagnostic data cleared. Tap again to put it back.	Tanılama verileri temizlendi. Geri getirmek için tekrar dokun.
Diagnostic data put back.	Tanılama verileri geri getirildi.
Diagnostic report copied to the clipboard.	Tanılama raporu panoya kopyalandı.
Empties the log and the hook findings a report would include.	Bir raporun içereceği günlüğü ve hook bulgularını boşaltır.
Every switch but Debug logging acts as if it were off, and what was set when you patched stays in. Your settings stay as they are.	Hata ayıklama günlüğü dışındaki her anahtar kapalıymış gibi davranır, yamaladığında ayarlananlar ise devrede kalır. Ayarların olduğu gibi kalır.
Export diagnostic report	Tanılama raporunu dışa aktar
Export settings	Ayarları dışa aktar
Feed	Akış
From the next start, every switch but Debug logging acts as if it were off. Changes made when you patched stay in, and your choices stay saved.	Sonraki açılıştan itibaren Hata ayıklama günlüğü dışındaki her anahtar kapalıymış gibi davranır. Yamaladığında ayarlananlar devrede kalır ve tercihlerin kayıtlı kalır.
Hide ads	Reklamları gizle
HushThreads %1$s on Threads %2$s	Threads %2$s üzerinde HushThreads %1$s
HushThreads %1$s targets Threads %2$s.	HushThreads %1$s, Threads %2$s için hazırlandı.
HushThreads pauses when Threads restarts.	HushThreads, Threads yeniden başladığında duraklatılır.
HushThreads turns back on when Threads restarts.	HushThreads, Threads yeniden başladığında tekrar açılır.
It targets Threads %1$s.	Threads %1$s için hazırlandı.
Links, updates, backup and more	Bağlantılar, güncellemeler, yedekleme ve daha fazlası
None of Threads' web addresses are selected for this app, so their links open elsewhere. Tap to select them in Android's settings.	Threads'in web adreslerinden hiçbiri bu uygulama için seçili değil, bu yüzden bağlantıları başka yerde açılır. Android ayarlarında seçmek için dokunun.
Only some of Threads' web addresses are selected for this app, and links to the rest open elsewhere. Tap to select them in Android's settings.	Threads'in web adreslerinden yalnızca bazıları bu uygulama için seçili ve diğerlerinin bağlantıları başka yerde açılır. Android ayarlarında seçmek için dokunun.
Privacy	Gizlilik
Save your switches to a file. Pause and Debug logging aren't included, and neither is the release check.	Anahtarlarını bir dosyaya kaydet. Duraklatma ve Hata ayıklama günlüğü dahil edilmez, sürüm denetimi de edilmez.
Saved. Restart Threads to apply this change.	Kaydedildi. Bu değişikliği uygulamak için Threads'i yeniden başlat.
Screens that check Threads' own signature open again on this re-signed build.	Threads'in kendi imzasını denetleyen ekranlar bu yeniden imzalanmış sürümde tekrar açılır.
Settings exported. The app holding the file wouldn't let HushThreads read it back, so it wasn't checked.	Ayarlar dışa aktarıldı. Dosyayı tutan uygulama HushThreads'un onu geri okumasına izin vermedi, bu yüzden kontrol edilmedi.
# context: summary of the Hide ads switch; For you and Following are the names of Threads' two feeds, written as the app shows them in this language
Sponsored posts come out of For you and Following before Threads shows them, so no gap is left.	Sponsorlu gönderiler, Threads onları göstermeden önce Senin İçin ve Takip Edilenler akışlarından çıkarılır, böylece boşluk kalmaz.
# context: summary of the Feed section link on the overview; the same two feed names as the Hide ads switch
Sponsored posts in For you and Following	Senin İçin ve Takip Edilenler'deki sponsorlu gönderiler
Stop analytics uploads	Analiz yüklemelerini durdur
# context: xmt and slof are the tags' own names in the link and stay as they are
Takes tracking tags such as xmt and slof off the post links you copy or share. The rest of the link stays as it was.	Kopyaladığın veya paylaştığın gönderi bağlantılarından xmt ve slof gibi izleme etiketlerini kaldırır. Bağlantının geri kalanı olduğu gibi kalır.
The app holding that file is taking too long, so HushThreads stopped waiting. Nothing was changed.	O dosyayı tutan uygulama çok uzun sürüyor, bu yüzden HushThreads beklemeyi bıraktı. Hiçbir şey değiştirilmedi.
The app holding the last settings file still hasn't answered. Try again later.	Son ayar dosyasını tutan uygulama hâlâ yanıt vermedi. Daha sonra tekrar dene.
The app holding the settings file is taking too long, so HushThreads stopped waiting. That app may still finish saving it, so check the file before you rely on it.	Ayar dosyasını tutan uygulama çok uzun sürüyor, bu yüzden HushThreads beklemeyi bıraktı. O uygulama kaydetmeyi yine de bitirebilir, bu yüzden dosyaya güvenmeden önce onu kontrol et.
The file %1$s couldn't be removed. Delete it from %2$s, then tap Resume again.	%1$s dosyası kaldırılamadı. Onu %2$s içinden sil, sonra yeniden Devam et'e dokun.
The settings file was saved, but it doesn't read back as what was written. Save it again as a new file.	Ayar dosyası kaydedildi, ancak geri okunduğunda yazılanla aynı değil. Yeni bir dosya olarak tekrar kaydet.
Matched analytics addresses go to an address that doesn't answer. Other telemetry may remain. Turn this off to use the original addresses.	Bulunan analiz adresleri yanıt vermeyen bir adrese yönlendirilir. Diğer telemetri devam edebilir. Özgün adresleri kullanmak için bunu kapat.
Analytics address coverage	Analiz adresi kapsamı
Patched: %1$s. Missing: %2$s.	Yamalanan: %1$s. Eksik: %2$s.
Coverage wasn't recorded in this build. Patch again to see the matched address kinds.	Bu derlemede kapsam kaydedilmedi. Bulunan adres türlerini görmek için yeniden yama uygula.
none	yok
Threads can't read your phone's advertising ID. The permission for it is gone from this build.	Threads telefonunuzun reklam kimliğini okuyamaz. Bunun için gereken izin bu sürümden kaldırıldı.
Threads crashed or froze within a minute of starting three times in a row, so HushThreads paused itself.	Threads açıldıktan sonraki bir dakika içinde üst üste üç kez çöktü veya dondu, bu yüzden HushThreads kendini duraklattı.
Threads' web addresses are selected for this app in Android's settings, so their links open here.	Threads'in web adresleri Android ayarlarında bu uygulama için seçili, bu yüzden bağlantıları burada açılır.
Tracking in shared links and analytics uploads	Paylaşılan bağlantılardaki izleme ve analiz yüklemeleri
Try again, or go back to Threads.	Tekrar dene veya Threads'e geri dön.
Until you resume, every switch but Debug logging acts as if it were off. Changes made when you patched stay in.	Devam ettirene kadar Hata ayıklama günlüğü dışındaki her anahtar kapalıymış gibi davranır. Yamaladığında ayarlananlar devrede kalır.
Full report saved to %1$s	Tam rapor şuraya kaydedildi: %1$s
GPL-3.0, with the notices of the projects this is built on	GPL-3.0, üzerine kurulduğu projelerin lisans bildirimleriyle
HushThreads is on	HushThreads açık
HushThreads is paused	HushThreads duraklatıldı
HushThreads settings	HushThreads ayarları
HushThreads settings couldn't open	HushThreads ayarları açılamadı
Import	İçe aktar
Import settings	Ayarları içe aktar
Importing settings	Ayarlar içe aktarılıyor
Licenses	Lisanslar
Links	Bağlantılar
OK	Tamam
Pause HushThreads	HushThreads'u duraklat
Re-signed build fix	Yeniden imzalanmış sürüm düzeltmesi
Reading the settings file	Ayar dosyası okunuyor
Remove tracking from shared links	Paylaşılan bağlantılardan izlemeyi kaldır
Retry	Yeniden dene
Save full report	Tam raporu kaydet
# The release check: its switch and Check now row under Updates, the status card's line about a newer release, and what a failed try says.
Check for new HushThreads releases	Yeni HushThreads sürümlerini denetle
Ask GitHub once a day at startup and show newer releases on the overview. Off by default. Nothing is downloaded.	Başlangıçta günde bir kez GitHub’ı kontrol eder ve yeni sürümleri genel bakışta gösterir. Varsayılan olarak kapalıdır. Hiçbir şey indirilmez.
Check now	Şimdi denetle
Asks GitHub for the newest release right now, even with the switch above off.	Yukarıdaki anahtar kapalı olsa bile GitHub'a en yeni sürümü hemen sorar.
Checking GitHub now.	GitHub şu anda denetleniyor.
HushThreads %1$s is out. Update it in Morphe Manager.	HushThreads %1$s çıktı. Morphe Manager'da güncelle.
Version %1$s for Threads %2$s	Threads %2$s için %1$s sürümü
You have the newest HushThreads release.	En yeni HushThreads sürümünü kullanıyorsun.
The newest HushThreads release is %1$s.	En yeni HushThreads sürümü %1$s.
Couldn't reach GitHub. Try again later.	GitHub'a ulaşılamadı. Daha sonra tekrar dene.
GitHub is turning away checks from this network for now. Try again later.	GitHub şu an bu ağdan gelen sorguları geri çeviriyor. Daha sonra tekrar dene.
GitHub's answer couldn't be used. Try again later.	GitHub'ın yanıtı kullanılamadı. Daha sonra tekrar dene.
Saving the settings file	Ayar dosyası kaydediliyor
Set when you patched	Yamaladığında ayarlananlar
Settings couldn't open	Ayarlar açılamadı
Settings couldn't refresh completely. Reopen settings and try again.	Ayarlar tamamen yenilenemedi. Ayarları yeniden açıp tekrar dene.
Settings exported.	Ayarlar dışa aktarıldı.
Settings imported. %1$d switch changed.	Ayarlar içe aktarıldı. %1$d anahtar değişti.
Settings imported. %1$d switches changed.	Ayarlar içe aktarıldı. %1$d anahtar değişti.
Source code and issues	Kaynak kodu ve sorunlar
Stays in while paused	Duraklatılsa da devrede kalır
Tap to turn it back on.	Yeniden açmak için dokun.
That file is too large to be a settings file. Nothing was changed.	Bu dosya bir ayar dosyası olamayacak kadar büyük. Hiçbir şey değiştirilmedi.
That file isn't readable text, so it may have been damaged on the way. Nothing was changed.	Bu dosya okunabilir bir metin değil, aktarım sırasında hasar görmüş olabilir. Hiçbir şey değiştirilmedi.
That file lists a setting twice, so there's no telling which value to use. Nothing was changed.	Bu dosyada bir ayar iki kez geçiyor, bu yüzden hangi değerin kullanılacağı belli değil. Hiçbir şey değiştirilmedi.
That isn't a HushThreads settings file. Nothing was changed.	Bu bir HushThreads ayar dosyası değil. Hiçbir şey değiştirilmedi.
That settings file holds a value HushThreads can't read. Nothing was changed.	Bu ayar dosyasında HushThreads'un okuyamadığı bir değer var. Hiçbir şey değiştirilmedi.
That settings file is damaged or only partly downloaded. Nothing was changed.	Bu ayar dosyası hasarlı ya da yalnızca bir kısmı indirilmiş. Hiçbir şey değiştirilmedi.
That settings file was written by a newer HushThreads than this one. Nothing was changed.	Bu ayar dosyası, HushThreads'un bu sürümünden daha yeni bir sürümüyle oluşturulmuş. Hiçbir şey değiştirilmedi.
The diagnostic report couldn't be saved yet. Try again in a moment.	Tanılama raporu henüz kaydedilemedi. Birazdan tekrar dene.
The diagnostic report couldn't be saved. Try again.	Tanılama raporu kaydedilemedi. Tekrar dene.
The file %1$s couldn't be removed. Delete it from %2$s to turn HushThreads back on.	%1$s dosyası kaldırılamadı. HushThreads'u yeniden açmak için onu %2$s içinden sil.
Your choices are saved. Tap Resume, then restart Threads.	Tercihleriniz kayıtlı. Devam et'e dokunun, sonra Threads'i yeniden başlatın.
the re-signed build fix	yeniden imzalanmış sürüm düzeltmesi
The setting couldn't finish updating. Its saved value is shown.	Ayarın güncellenmesi tamamlanamadı. Kayıtlı değeri gösteriliyor.
There's no diagnostic data to clear.	Temizlenecek tanılama verisi yok.
There's no diagnostic data to put back.	Geri getirilecek tanılama verisi yok.
They're chosen in Morphe Manager when you patch, and Pause doesn't turn them off. Patch again to change them.	Bunlar yamalarken Morphe Manager'da seçilir ve Duraklatma bunları kapatmaz. Değiştirmek için yeniden yamala.
This phone has no file picker, so there's no way to choose a file here.	Bu telefonda dosya seçici yok, bu yüzden burada dosya seçmenin bir yolu yok.
Version	Sürüm
Record patch activity and show errors for a bug report. Leave off during normal use.	Hata raporu için yama etkinliğini kaydeder ve hataları gösterir. Normal kullanımda kapalı bırakın.
You paused HushThreads.	HushThreads'u duraklattın.
Your switches already match that file, so nothing will change.	Anahtarların zaten o dosyayla aynı, bu yüzden hiçbir şey değişmeyecek.
Copy a short report to the clipboard.	Kısa raporu panoya kopyalar.
Save the full report in Download/Morphe.	Tam raporu Download/Morphe konumuna kaydeder.
Settings imported.	Ayarlar içe aktarıldı.
No app on this phone can open the link. The address is %1$s.	Bu telefondaki hiçbir uygulama bağlantıyı açamıyor. Adres: %1$s.
Pause, backup and diagnostics	Duraklatma, yedekleme ve tanılama
Updates	Güncellemeler
Jump to a section	Bir bölüme git
Go straight to one group of settings. Back returns to where you were.	Doğrudan bir ayar grubuna git. Geri, bulunduğun yere döndürür.
Browse settings	Ayarları keşfet
More settings	Diğer ayarlar
No matching settings	Eşleşen ayar yok
%1$d setting found	%1$d ayar bulundu
%1$d settings found	%1$d ayar bulundu
Try a different word or clear the search.	Başka bir kelime deneyin veya aramayı temizleyin.
Search settings	Ayarlarda ara
Clear search	Aramayı temizle
Your controls are active.	Kontrolleriniz etkin.
Pause	Duraklat
Resume	Devam et
Undo	Geri al

# context: Links section, the Supported links row. It reads Android's own per-app selection of Threads' web addresses (Android 12 and later) and opens Android's Open by default page for this app. Use the phone's own names for Open supported links, Open by default and App info.
Supported links	Desteklenen bağlantılar
Opening supported links is off for this app in Android's settings. Tap to turn it on.	“Desteklenen bağlantıları aç” Android ayarlarında bu uygulama için kapalı. Açmak için dokunun.
Android didn't say which links open here. Tap to check in Android's settings.	Android burada hangi bağlantıların açıldığını bildirmedi. Android ayarlarında kontrol etmek için dokunun.
Selecting links by hand	Bağlantıları elle seçme
# context: an item in the sentence about what Pause can't turn off; the patch name Remove the advertising ID follows it in brackets, so it mustn't repeat that name
the removed advertising ID permission	kaldırılan reklam kimliği izni
